2026-04-30T21:58:41  INFO     Logging to /Users/jackson/kalshi-bot/coinbase.log
2026-04-30T21:58:41  INFO     =================================================================
2026-04-30T21:58:41  INFO     Coinbase Spot Bot (Path E) — BTC-USD Momentum
2026-04-30T21:58:41  INFO     Mode:            PAPER
2026-04-30T21:58:41  INFO     Product:         BTC-USD
2026-04-30T21:58:41  INFO     Candles:         FIVE_MINUTE (signal) + FIFTEEN_MINUTE (trend filter)
2026-04-30T21:58:41  INFO     Entry threshold: >0.30% 5m move + volume above 20-candle avg
2026-04-30T21:58:41  INFO     Stop-loss:       -0.15% from entry
2026-04-30T21:58:41  INFO     Take-profit:     +0.30% from entry  (2:1 R/R)
2026-04-30T21:58:41  INFO     Position size:   $50 USD per trade
2026-04-30T21:58:41  INFO     Poll interval:   30s (candles) | SL/TP monitored via WebSocket
2026-04-30T21:58:41  INFO     Risk controls:   max 3 trades/day | daily loss −$10.00 | session halt after −$2.00
2026-04-30T21:58:41  INFO     API credentials: missing (paper mode only)
2026-04-30T21:58:41  INFO     Telegram:        chat_id=8635383789
2026-04-30T21:58:41  INFO     Trade log:       /Users/jackson/kalshi-bot/coinbase_trades.jsonl
2026-04-30T21:58:41  INFO     =================================================================
2026-04-30T21:58:41  INFO     [CB] Real-time BTC/USD price feed started (Coinbase WebSocket)
2026-04-30T21:59:01  INFO     Logging to /Users/jackson/kalshi-bot/coinbase.log
2026-04-30T21:59:01  INFO     =================================================================
2026-04-30T21:59:01  INFO     Coinbase Spot Bot (Path E) — BTC-USD Momentum
2026-04-30T21:59:01  INFO     Mode:            PAPER
2026-04-30T21:59:01  INFO     Product:         BTC-USD
2026-04-30T21:59:01  INFO     Candles:         FIVE_MINUTE (signal) + FIFTEEN_MINUTE (trend filter)
2026-04-30T21:59:01  INFO     Entry threshold: >0.30% 5m move + volume above 20-candle avg
2026-04-30T21:59:01  INFO     Stop-loss:       -0.15% from entry
2026-04-30T21:59:01  INFO     Take-profit:     +0.30% from entry  (2:1 R/R)
2026-04-30T21:59:01  INFO     Position size:   $50 USD per trade
2026-04-30T21:59:01  INFO     Poll interval:   30s (candles) | SL/TP monitored via WebSocket
2026-04-30T21:59:01  INFO     Risk controls:   max 3 trades/day | daily loss −$10.00 | session halt after −$2.00
2026-04-30T21:59:01  INFO     API credentials: missing (paper mode only)
2026-04-30T21:59:01  INFO     Telegram:        chat_id=8635383789
2026-04-30T21:59:01  INFO     Trade log:       /Users/jackson/kalshi-bot/coinbase_trades.jsonl
2026-04-30T21:59:01  INFO     =================================================================
2026-04-30T21:59:01  INFO     [CB] Real-time BTC/USD price feed started (Coinbase WebSocket)
2026-04-30T21:59:01  WARNING  No COINBASE_API_KEY found — running in read-only / paper mode
2026-04-30T21:59:01  INFO     [CB] Polling loop started
2026-04-30T21:59:01  INFO     [CB] New UTC day 2026-05-01 — trade counter reset
2026-04-30T21:59:01  WARNING  GET /brokerage/products/BTC-USD/candles: 401, message='Unauthorized', url='https://api.coinbase.com/api/v3/brokerage/products/BTC-USD/candles?start=1777592341&end=1777600741&granularity=FIVE_MINUTE&limit=26'
2026-04-30T21:59:01  WARNING  GET /brokerage/products/BTC-USD/candles: 401, message='Unauthorized', url='https://api.coinbase.com/api/v3/brokerage/products/BTC-USD/candles?start=1777593541&end=1777600741&granularity=FIFTEEN_MINUTE&limit=6'
2026-04-30T21:59:01  INFO     [01:59:01] [CB] Insufficient candle data — retrying next tick
2026-04-30T22:00:33  INFO     Logging to /Users/jackson/kalshi-bot/coinbase.log
2026-04-30T22:00:33  INFO     =================================================================
2026-04-30T22:00:33  INFO     Coinbase Spot Bot (Path E) — BTC-USD Momentum
2026-04-30T22:00:33  INFO     Mode:            PAPER
2026-04-30T22:00:33  INFO     Product:         BTC-USD
2026-04-30T22:00:33  INFO     Candles:         FIVE_MINUTE (signal) + FIFTEEN_MINUTE (trend filter)
2026-04-30T22:00:33  INFO     Entry threshold: >0.30% 5m move + volume above 20-candle avg
2026-04-30T22:00:33  INFO     Stop-loss:       -0.15% from entry
2026-04-30T22:00:33  INFO     Take-profit:     +0.30% from entry  (2:1 R/R)
2026-04-30T22:00:33  INFO     Position size:   $50 USD per trade
2026-04-30T22:00:33  INFO     Poll interval:   30s (candles) | SL/TP monitored via WebSocket
2026-04-30T22:00:33  INFO     Risk controls:   max 3 trades/day | daily loss −$10.00 | session halt after −$2.00
2026-04-30T22:00:33  INFO     API credentials: loaded
2026-04-30T22:00:33  INFO     Telegram:        chat_id=8635383789
2026-04-30T22:00:33  INFO     Trade log:       /Users/jackson/kalshi-bot/coinbase_trades.jsonl
2026-04-30T22:00:33  INFO     =================================================================
2026-04-30T22:00:33  INFO     [CB] Real-time BTC/USD price feed started (Coinbase WebSocket)
2026-04-30T22:00:33  INFO     Coinbase credentials loaded from env
2026-04-30T22:00:33  INFO     [CB] Polling loop started
2026-04-30T22:00:33  INFO     [CB] New UTC day 2026-05-01 — trade counter reset
2026-04-30T22:00:33  WARNING  GET /brokerage/products/BTC-USD/candles: 401, message='Unauthorized', url='https://api.coinbase.com/api/v3/brokerage/products/BTC-USD/candles?start=1777592433&end=1777600833&granularity=FIVE_MINUTE&limit=26'
2026-04-30T22:00:34  WARNING  GET /brokerage/products/BTC-USD/candles: 401, message='Unauthorized', url='https://api.coinbase.com/api/v3/brokerage/products/BTC-USD/candles?start=1777593634&end=1777600834&granularity=FIFTEEN_MINUTE&limit=6'
2026-04-30T22:00:34  INFO     [02:00:33] [CB] WATCHING | 5m [76699→76651] -0.062% | cur $76,657.07
2026-04-30T22:01:04  WARNING  GET /brokerage/products/BTC-USD/candles: 401, message='Unauthorized', url='https://api.coinbase.com/api/v3/brokerage/products/BTC-USD/candles?start=1777592464&end=1777600864&granularity=FIVE_MINUTE&limit=26'
2026-04-30T22:01:05  WARNING  GET /brokerage/products/BTC-USD/candles: 401, message='Unauthorized', url='https://api.coinbase.com/api/v3/brokerage/products/BTC-USD/candles?start=1777593665&end=1777600865&granularity=FIFTEEN_MINUTE&limit=6'
2026-04-30T22:01:05  INFO     [02:01:04] [CB] WATCHING | 5m [76699→76651] -0.062% | cur $76,654.18
2026-04-30T22:02:39  INFO     Logging to /Users/jackson/kalshi-bot/coinbase.log
2026-04-30T22:02:39  INFO     =================================================================
2026-04-30T22:02:39  INFO     Coinbase Spot Bot (Path E) — BTC-USD Momentum
2026-04-30T22:02:39  INFO     Mode:            PAPER
2026-04-30T22:02:39  INFO     Product:         BTC-USD
2026-04-30T22:02:39  INFO     Candles:         FIVE_MINUTE (signal) + FIFTEEN_MINUTE (trend filter)
2026-04-30T22:02:39  INFO     Entry threshold: >0.30% 5m move + volume above 20-candle avg
2026-04-30T22:02:39  INFO     Stop-loss:       -0.15% from entry
2026-04-30T22:02:39  INFO     Take-profit:     +0.30% from entry  (2:1 R/R)
2026-04-30T22:02:39  INFO     Position size:   $50 USD per trade
2026-04-30T22:02:39  INFO     Poll interval:   30s (candles) | SL/TP monitored via WebSocket
2026-04-30T22:02:39  INFO     Risk controls:   max 3 trades/day | daily loss −$10.00 | session halt after −$2.00
2026-04-30T22:02:39  INFO     API credentials: loaded
2026-04-30T22:02:39  INFO     Telegram:        chat_id=8635383789
2026-04-30T22:02:39  INFO     Trade log:       /Users/jackson/kalshi-bot/coinbase_trades.jsonl
2026-04-30T22:02:39  INFO     =================================================================
2026-04-30T22:02:39  INFO     [CB] Real-time BTC/USD price feed started (Coinbase WebSocket)
2026-04-30T22:02:39  INFO     Coinbase credentials loaded from env
2026-04-30T22:02:39  INFO     [CB] Polling loop started
2026-04-30T22:02:39  INFO     [CB] New UTC day 2026-05-01 — trade counter reset
2026-04-30T22:02:40  INFO     [02:02:39] [CB] WATCHING | 5m [76699→76651] -0.062% | cur $76,600.01
2026-04-30T22:04:42  INFO     Logging to /Users/jackson/kalshi-bot/coinbase.log
2026-04-30T22:04:42  INFO     =================================================================
2026-04-30T22:04:42  INFO     Coinbase Spot Bot (Path E) — BTC-USD Momentum
2026-04-30T22:04:42  INFO     Mode:            PAPER
2026-04-30T22:04:42  INFO     Product:         BTC-USD
2026-04-30T22:04:42  INFO     Candles:         FIVE_MINUTE (signal) + FIFTEEN_MINUTE (trend filter)
2026-04-30T22:04:42  INFO     Entry threshold: >0.30% 5m move + volume above 20-candle avg
2026-04-30T22:04:42  INFO     Stop-loss:       -0.15% from entry
2026-04-30T22:04:42  INFO     Take-profit:     +0.30% from entry  (2:1 R/R)
2026-04-30T22:04:42  INFO     Position size:   $50 USD per trade
2026-04-30T22:04:42  INFO     Poll interval:   30s (candles) | SL/TP monitored via WebSocket
2026-04-30T22:04:42  INFO     Risk controls:   max 3 trades/day | daily loss −$10.00 | session halt after −$2.00
2026-04-30T22:04:42  INFO     API credentials: loaded
2026-04-30T22:04:42  INFO     Telegram:        chat_id=8635383789
2026-04-30T22:04:42  INFO     Trade log:       /Users/jackson/kalshi-bot/coinbase_trades.jsonl
2026-04-30T22:04:42  INFO     =================================================================
2026-04-30T22:04:42  INFO     [CB] Real-time BTC/USD price feed started (Coinbase WebSocket)
2026-04-30T22:04:42  INFO     Coinbase credentials loaded from env
2026-04-30T22:04:42  INFO     [CB] Polling loop started
2026-04-30T22:04:42  INFO     [CB] New UTC day 2026-05-01 — trade counter reset
2026-04-30T22:04:42  INFO     [02:04:42] [CB] WATCHING | 5m [76699→76651] -0.062% | cur $76,642.82
2026-04-30T22:05:13  INFO     [02:05:12] [CB] WATCHING | 5m [76653→76644] -0.012% | cur $76,624.45
2026-04-30T22:05:43  INFO     [02:05:43] [CB] WATCHING | 5m [76653→76644] -0.012% | cur $76,627.07
2026-04-30T22:06:14  INFO     [02:06:13] [CB] WATCHING | 5m [76653→76644] -0.012% | cur $76,623.72
2026-04-30T22:06:44  INFO     [02:06:44] [CB] WATCHING | 5m [76653→76644] -0.012% | cur $76,629.30
2026-04-30T22:07:15  INFO     [02:07:14] [CB] WATCHING | 5m [76653→76644] -0.012% | cur $76,644.87
2026-04-30T22:07:45  INFO     [02:07:45] [CB] WATCHING | 5m [76653→76644] -0.012% | cur $76,634.76
2026-04-30T22:08:15  INFO     [02:08:15] [CB] WATCHING | 5m [76653→76644] -0.012% | cur $76,629.21
2026-04-30T22:08:46  INFO     [02:08:45] [CB] WATCHING | 5m [76653→76644] -0.012% | cur $76,648.26
2026-04-30T22:09:16  INFO     [02:09:16] [CB] WATCHING | 5m [76653→76644] -0.012% | cur $76,673.79
2026-04-30T22:09:46  INFO     [02:09:46] [CB] WATCHING | 5m [76653→76644] -0.012% | cur $76,682.06
2026-04-30T22:10:17  INFO     [02:10:16] [CB] WATCHING | 5m [76644→76687] +0.056% | cur $76,671.92
2026-04-30T22:10:47  INFO     [02:10:47] [CB] WATCHING | 5m [76644→76687] +0.056% | cur $76,651.64
2026-04-30T22:11:18  INFO     [02:11:17] [CB] WATCHING | 5m [76644→76687] +0.056% | cur $76,651.65
2026-04-30T22:11:48  INFO     [02:11:48] [CB] WATCHING | 5m [76644→76687] +0.056% | cur $76,666.59
2026-04-30T22:12:19  INFO     [02:12:18] [CB] WATCHING | 5m [76644→76687] +0.056% | cur $76,666.59
2026-04-30T22:12:49  INFO     [02:12:49] [CB] WATCHING | 5m [76644→76687] +0.056% | cur $76,666.59
2026-04-30T22:13:19  INFO     [02:13:19] [CB] WATCHING | 5m [76644→76687] +0.056% | cur $76,672.79
2026-04-30T22:13:50  INFO     [02:13:49] [CB] WATCHING | 5m [76644→76687] +0.056% | cur $76,675.96
2026-04-30T22:14:20  INFO     [02:14:20] [CB] WATCHING | 5m [76644→76687] +0.056% | cur $76,648.00
2026-04-30T22:14:51  INFO     [02:14:50] [CB] WATCHING | 5m [76644→76687] +0.056% | cur $76,638.71
2026-04-30T22:15:21  INFO     [02:15:21] [CB] WATCHING | 5m [76687→76643] -0.057% | cur $76,649.98
2026-04-30T22:15:51  INFO     [02:15:51] [CB] WATCHING | 5m [76687→76643] -0.057% | cur $76,649.98
2026-04-30T22:16:22  INFO     [02:16:21] [CB] WATCHING | 5m [76687→76643] -0.057% | cur $76,685.10
2026-04-30T22:16:52  INFO     [02:16:52] [CB] WATCHING | 5m [76687→76643] -0.057% | cur $76,688.82
2026-04-30T22:17:23  INFO     [02:17:22] [CB] WATCHING | 5m [76687→76643] -0.057% | cur $76,694.46
2026-04-30T22:17:53  INFO     [02:17:53] [CB] WATCHING | 5m [76687→76643] -0.057% | cur $76,659.07
2026-04-30T22:18:23  INFO     [02:18:23] [CB] WATCHING | 5m [76687→76643] -0.057% | cur $76,644.04
2026-04-30T22:18:54  INFO     [02:18:53] [CB] WATCHING | 5m [76687→76643] -0.057% | cur $76,626.00
2026-04-30T22:19:24  INFO     [02:19:24] [CB] WATCHING | 5m [76687→76643] -0.057% | cur $76,607.70
2026-04-30T22:19:55  INFO     [02:19:54] [CB] WATCHING | 5m [76687→76643] -0.057% | cur $76,600.00
2026-04-30T22:20:25  INFO     [02:20:25] [CB] WATCHING | 5m [76643→76584] -0.077% | cur $76,582.60
2026-04-30T22:20:55  INFO     [02:20:55] [CB] WATCHING | 5m [76643→76584] -0.077% | cur $76,572.92
2026-04-30T22:21:26  INFO     [02:21:25] [CB] WATCHING | 5m [76643→76584] -0.077% | cur $76,576.01
2026-04-30T22:21:56  INFO     [02:21:56] [CB] WATCHING | 5m [76643→76584] -0.077% | cur $76,588.57
2026-04-30T22:22:26  INFO     [02:22:26] [CB] WATCHING | 5m [76643→76584] -0.077% | cur $76,580.66
2026-04-30T22:22:57  INFO     [02:22:56] [CB] WATCHING | 5m [76643→76584] -0.077% | cur $76,580.64
2026-04-30T22:23:27  INFO     [02:23:27] [CB] WATCHING | 5m [76643→76584] -0.077% | cur $76,585.70
2026-04-30T22:23:57  INFO     [02:23:57] [CB] WATCHING | 5m [76643→76584] -0.077% | cur $76,596.57
2026-04-30T22:24:28  INFO     [02:24:27] [CB] WATCHING | 5m [76643→76584] -0.077% | cur $76,587.42
2026-04-30T22:24:58  INFO     [02:24:58] [CB] WATCHING | 5m [76643→76584] -0.077% | cur $76,596.56
2026-04-30T22:25:29  INFO     [02:25:28] [CB] WATCHING | 5m [76584→76597] +0.016% | cur $76,596.55
2026-04-30T22:25:59  INFO     [02:25:59] [CB] WATCHING | 5m [76584→76597] +0.016% | cur $76,593.32
2026-04-30T22:26:30  INFO     [02:26:29] [CB] WATCHING | 5m [76584→76597] +0.016% | cur $76,600.93
2026-04-30T22:27:00  INFO     [02:27:00] [CB] WATCHING | 5m [76584→76597] +0.016% | cur $76,597.17
2026-04-30T22:27:30  INFO     [02:27:30] [CB] WATCHING | 5m [76584→76597] +0.016% | cur $76,611.51
2026-04-30T22:28:01  INFO     [02:28:00] [CB] WATCHING | 5m [76584→76597] +0.016% | cur $76,609.75
2026-04-30T22:28:31  INFO     [02:28:31] [CB] WATCHING | 5m [76584→76597] +0.016% | cur $76,607.69
2026-04-30T22:29:02  INFO     [02:29:01] [CB] WATCHING | 5m [76584→76597] +0.016% | cur $76,600.29
2026-04-30T22:29:32  INFO     [02:29:32] [CB] WATCHING | 5m [76584→76597] +0.016% | cur $76,597.07
2026-04-30T22:30:03  INFO     [02:30:02] [CB] WATCHING | 5m [76584→76597] +0.016% | cur $76,600.94
2026-04-30T22:30:33  INFO     [02:30:33] [CB] WATCHING | 5m [76597→76597] +0.001% | cur $76,601.98
2026-04-30T22:31:04  INFO     [02:31:03] [CB] WATCHING | 5m [76597→76597] +0.001% | cur $76,576.16
2026-04-30T22:31:34  INFO     [02:31:34] [CB] WATCHING | 5m [76597→76597] +0.001% | cur $76,553.61
2026-04-30T22:32:04  INFO     [02:32:04] [CB] WATCHING | 5m [76597→76597] +0.001% | cur $76,555.02
2026-04-30T22:32:35  INFO     [02:32:34] [CB] WATCHING | 5m [76597→76597] +0.001% | cur $76,551.39
2026-04-30T22:33:05  INFO     [02:33:05] [CB] WATCHING | 5m [76597→76597] +0.001% | cur $76,551.26
2026-04-30T22:33:36  INFO     [02:33:35] [CB] WATCHING | 5m [76597→76597] +0.001% | cur $76,534.02
2026-04-30T22:34:06  INFO     [02:34:06] [CB] WATCHING | 5m [76597→76597] +0.001% | cur $76,541.09
2026-04-30T22:34:36  INFO     [02:34:36] [CB] WATCHING | 5m [76597→76597] +0.001% | cur $76,545.97
2026-04-30T22:35:07  INFO     [02:35:06] [CB] WATCHING | 5m [76597→76597] +0.001% | cur $76,548.11
2026-04-30T22:35:37  INFO     [02:35:37] [CB] WATCHING | 5m [76597→76546] -0.067% | cur $76,556.57
2026-04-30T22:36:08  INFO     [02:36:07] [CB] WATCHING | 5m [76597→76546] -0.067% | cur $76,563.28
2026-04-30T22:36:38  INFO     [02:36:38] [CB] WATCHING | 5m [76597→76546] -0.067% | cur $76,567.02
2026-04-30T22:37:09  INFO     [02:37:08] [CB] WATCHING | 5m [76597→76546] -0.067% | cur $76,587.41
2026-04-30T22:37:39  INFO     [02:37:39] [CB] WATCHING | 5m [76597→76546] -0.067% | cur $76,588.68
2026-04-30T22:38:09  INFO     [02:38:09] [CB] WATCHING | 5m [76597→76546] -0.067% | cur $76,608.35
2026-04-30T22:38:40  INFO     [02:38:39] [CB] WATCHING | 5m [76597→76546] -0.067% | cur $76,610.90
2026-04-30T22:39:10  INFO     [02:39:10] [CB] WATCHING | 5m [76597→76546] -0.067% | cur $76,589.50
2026-04-30T22:39:41  INFO     [02:39:40] [CB] WATCHING | 5m [76597→76546] -0.067% | cur $76,597.92
2026-04-30T22:39:52  INFO     Logging to /Users/jackson/kalshi-bot/coinbase.log
2026-04-30T22:39:52  INFO     =================================================================
2026-04-30T22:39:52  INFO     Coinbase Spot Bot (Path E) — BTC-USD Momentum
2026-04-30T22:39:52  INFO     Mode:            PAPER
2026-04-30T22:39:52  INFO     Product:         BTC-USD
2026-04-30T22:39:52  INFO     Candles:         FIVE_MINUTE (signal) + FIFTEEN_MINUTE (trend filter)
2026-04-30T22:39:52  INFO     Entry threshold: >0.15% 5m move + volume ≥1.5× 20-candle avg
2026-04-30T22:39:52  INFO     Stop-loss:       -0.15% from entry
2026-04-30T22:39:52  INFO     Take-profit:     +0.30% from entry  (2:1 R/R)
2026-04-30T22:39:52  INFO     Position size:   $50 USD per trade
2026-04-30T22:39:52  INFO     Poll interval:   30s (candles) | SL/TP monitored via WebSocket
2026-04-30T22:39:52  INFO     Risk controls:   max 3 trades/day | daily loss −$10.00 | session halt after −$2.00
2026-04-30T22:39:52  INFO     API credentials: loaded
2026-04-30T22:39:52  INFO     Telegram:        chat_id=8635383789
2026-04-30T22:39:52  INFO     Trade log:       /Users/jackson/kalshi-bot/coinbase_trades.jsonl
2026-04-30T22:39:52  INFO     =================================================================
2026-04-30T22:39:52  INFO     [CB] Real-time BTC/USD price feed started (Coinbase WebSocket)
2026-04-30T22:39:52  INFO     Coinbase credentials loaded from env
2026-04-30T22:39:52  INFO     [CB] Polling loop started
2026-04-30T22:39:52  INFO     [CB] New UTC day 2026-05-01 — trade counter reset
2026-04-30T22:39:52  INFO     [02:39:52] [CB] WATCHING | 5m [76597→76546] -0.067% | cur $76,588.28
2026-04-30T22:40:23  INFO     [02:40:22] [CB] WATCHING | 5m [76546→76578] +0.042% | cur $76,573.90
2026-04-30T22:40:53  INFO     [02:40:53] [CB] WATCHING | 5m [76546→76578] +0.042% | cur $76,581.98
2026-04-30T22:41:23  INFO     [02:41:23] [CB] WATCHING | 5m [76546→76578] +0.042% | cur $76,570.52
2026-04-30T22:41:45  INFO     Logging to /Users/jackson/kalshi-bot/coinbase.log
2026-04-30T22:41:45  INFO     =================================================================
2026-04-30T22:41:45  INFO     Coinbase Spot Bot (Path E) — BTC-USD Momentum
2026-04-30T22:41:45  INFO     Mode:            PAPER
2026-04-30T22:41:45  INFO     Product:         BTC-USD
2026-04-30T22:41:45  INFO     Candles:         FIVE_MINUTE (signal) + FIFTEEN_MINUTE (trend filter)
2026-04-30T22:41:45  INFO     Entry threshold: >0.15% 5m move + volume ≥1.5× 20-candle avg
2026-04-30T22:41:45  INFO     Stop-loss:       -0.15% from entry
2026-04-30T22:41:45  INFO     Take-profit:     +0.30% from entry  (2:1 R/R)
2026-04-30T22:41:45  INFO     Position size:   $50 USD per trade
2026-04-30T22:41:45  INFO     Poll interval:   30s (candles) | SL/TP monitored via WebSocket
2026-04-30T22:41:45  INFO     Risk controls:   max 3 trades/day | daily loss −$10.00 | session halt after −$2.00
2026-04-30T22:41:45  INFO     API credentials: loaded
2026-04-30T22:41:45  INFO     Telegram:        chat_id=8635383789
2026-04-30T22:41:45  INFO     Trade log:       /Users/jackson/kalshi-bot/coinbase_trades.jsonl
2026-04-30T22:41:45  INFO     =================================================================
2026-04-30T22:41:45  INFO     [CB] Real-time BTC/USD price feed started (Coinbase WebSocket)
2026-04-30T22:41:45  INFO     Coinbase credentials loaded from env
2026-04-30T22:41:45  INFO     [CB] Polling loop started
2026-04-30T22:41:45  INFO     [CB] New UTC day 2026-05-01 — trade counter reset
2026-04-30T22:41:45  INFO     [02:41:45] [CB] WATCHING | 5m [76546→76578] +0.042% | cur $76,573.90
2026-04-30T22:42:15  INFO     [02:42:15] [CB] WATCHING | 5m [76546→76578] +0.042% | cur $76,579.33
2026-04-30T22:42:46  INFO     [02:42:45] [CB] WATCHING | 5m [76546→76578] +0.042% | cur $76,566.51
2026-04-30T22:43:16  INFO     [02:43:16] [CB] WATCHING | 5m [76546→76578] +0.042% | cur $76,563.77
2026-04-30T22:43:47  INFO     [02:43:46] [CB] WATCHING | 5m [76546→76578] +0.042% | cur $76,568.63
2026-04-30T22:44:17  INFO     [02:44:17] [CB] WATCHING | 5m [76546→76578] +0.042% | cur $76,571.35
2026-04-30T22:44:48  INFO     [02:44:47] [CB] WATCHING | 5m [76546→76578] +0.042% | cur $76,564.40
2026-04-30T22:45:18  INFO     [02:45:18] [CB] WATCHING | 5m [76577→76563] -0.018% | cur $76,553.62
2026-04-30T22:45:49  INFO     [02:45:48] [CB] WATCHING | 5m [76577→76563] -0.018% | cur $76,550.00
2026-04-30T22:46:19  INFO     [02:46:19] [CB] WATCHING | 5m [76577→76563] -0.018% | cur $76,551.71
2026-04-30T22:46:50  INFO     [02:46:49] [CB] WATCHING | 5m [76577→76563] -0.018% | cur $76,560.05
2026-04-30T22:47:20  INFO     [02:47:20] [CB] WATCHING | 5m [76577→76563] -0.018% | cur $76,556.49
2026-04-30T22:47:51  INFO     [02:47:50] [CB] WATCHING | 5m [76577→76563] -0.018% | cur $76,568.40
2026-04-30T22:48:21  INFO     [02:48:21] [CB] WATCHING | 5m [76577→76563] -0.018% | cur $76,558.75
2026-04-30T22:48:52  INFO     [02:48:51] [CB] WATCHING | 5m [76577→76563] -0.018% | cur $76,563.75
2026-04-30T22:49:22  INFO     [02:49:22] [CB] WATCHING | 5m [76577→76563] -0.018% | cur $76,574.02
2026-04-30T22:49:52  INFO     [02:49:52] [CB] WATCHING | 5m [76577→76563] -0.018% | cur $76,570.94
2026-04-30T22:50:23  INFO     [02:50:22] [CB] WATCHING | 5m [76563→76571] +0.010% | cur $76,569.00
2026-04-30T22:50:53  INFO     [02:50:53] [CB] WATCHING | 5m [76563→76571] +0.010% | cur $76,576.03
2026-04-30T22:51:24  INFO     [02:51:23] [CB] WATCHING | 5m [76563→76571] +0.010% | cur $76,585.19
2026-04-30T22:51:54  INFO     [02:51:54] [CB] WATCHING | 5m [76563→76571] +0.010% | cur $76,590.85
2026-04-30T22:52:24  INFO     [02:52:24] [CB] WATCHING | 5m [76563→76571] +0.010% | cur $76,585.08
2026-04-30T22:52:55  INFO     [02:52:54] [CB] WATCHING | 5m [76563→76571] +0.010% | cur $76,573.09
2026-04-30T22:53:25  INFO     [02:53:25] [CB] WATCHING | 5m [76563→76571] +0.010% | cur $76,559.98
2026-04-30T22:53:56  INFO     [02:53:55] [CB] WATCHING | 5m [76563→76571] +0.010% | cur $76,546.68
2026-04-30T22:54:26  INFO     [02:54:26] [CB] WATCHING | 5m [76563→76571] +0.010% | cur $76,543.76
2026-04-30T22:54:57  INFO     [02:54:56] [CB] WATCHING | 5m [76563→76571] +0.010% | cur $76,543.94
2026-04-30T22:55:27  INFO     [02:55:27] [CB] WATCHING | 5m [76571→76544] -0.035% | cur $76,533.34
2026-04-30T22:55:57  INFO     [02:55:57] [CB] WATCHING | 5m [76571→76544] -0.035% | cur $76,528.22
2026-04-30T22:56:28  INFO     [02:56:27] [CB] WATCHING | 5m [76571→76544] -0.035% | cur $76,509.68
2026-04-30T22:56:58  INFO     [02:56:58] [CB] WATCHING | 5m [76571→76544] -0.035% | cur $76,509.68
2026-04-30T22:57:29  INFO     [02:57:28] [CB] WATCHING | 5m [76571→76544] -0.035% | cur $76,515.98
2026-04-30T22:57:59  INFO     [02:57:59] [CB] WATCHING | 5m [76571→76544] -0.035% | cur $76,511.08
2026-04-30T22:58:30  INFO     [02:58:29] [CB] WATCHING | 5m [76571→76544] -0.035% | cur $76,514.02
2026-04-30T22:59:00  INFO     [02:59:00] [CB] WATCHING | 5m [76571→76544] -0.035% | cur $76,542.98
2026-04-30T22:59:31  INFO     [02:59:30] [CB] WATCHING | 5m [76571→76544] -0.035% | cur $76,567.12
2026-04-30T23:00:01  INFO     [03:00:01] [CB] WATCHING | 5m [76571→76544] -0.035% | cur $76,555.61
2026-04-30T23:00:31  INFO     [03:00:31] [CB] WATCHING | 5m [76544→76566] +0.029% | cur $76,560.37
2026-04-30T23:01:02  INFO     [03:01:01] [CB] WATCHING | 5m [76544→76566] +0.029% | cur $76,551.03
2026-04-30T23:01:32  INFO     [03:01:32] [CB] WATCHING | 5m [76544→76566] +0.029% | cur $76,526.03
2026-04-30T23:02:02  INFO     [03:02:02] [CB] WATCHING | 5m [76544→76566] +0.029% | cur $76,529.70
2026-04-30T23:02:33  INFO     [03:02:32] [CB] WATCHING | 5m [76544→76566] +0.029% | cur $76,549.99
2026-04-30T23:03:03  INFO     [03:03:03] [CB] WATCHING | 5m [76544→76566] +0.029% | cur $76,546.13
2026-04-30T23:03:34  INFO     [03:03:33] [CB] WATCHING | 5m [76544→76566] +0.029% | cur $76,526.58
2026-04-30T23:04:04  INFO     [03:04:04] [CB] WATCHING | 5m [76544→76566] +0.029% | cur $76,523.20
2026-04-30T23:04:34  INFO     [03:04:34] [CB] WATCHING | 5m [76544→76566] +0.029% | cur $76,523.20
2026-04-30T23:05:05  INFO     [03:05:04] [CB] WATCHING | 5m [76544→76566] +0.029% | cur $76,527.41
2026-04-30T23:05:35  INFO     [03:05:35] [CB] WATCHING | 5m [76566→76523] -0.056% | cur $76,541.78
2026-04-30T23:06:06  INFO     [03:06:05] [CB] WATCHING | 5m [76566→76523] -0.056% | cur $76,530.93
2026-04-30T23:06:36  INFO     [03:06:36] [CB] WATCHING | 5m [76566→76523] -0.056% | cur $76,535.97
2026-04-30T23:07:06  INFO     [03:07:06] [CB] WATCHING | 5m [76566→76523] -0.056% | cur $76,556.99
2026-04-30T23:07:37  INFO     [03:07:36] [CB] WATCHING | 5m [76566→76523] -0.056% | cur $76,584.03
2026-04-30T23:08:07  INFO     [03:08:07] [CB] WATCHING | 5m [76566→76523] -0.056% | cur $76,617.24
2026-04-30T23:08:38  INFO     [03:08:37] [CB] WATCHING | 5m [76566→76523] -0.056% | cur $76,631.38
2026-04-30T23:09:08  INFO     [03:09:08] [CB] WATCHING | 5m [76566→76523] -0.056% | cur $76,639.26
2026-04-30T23:09:38  INFO     [03:09:38] [CB] WATCHING | 5m [76566→76523] -0.056% | cur $76,626.64
2026-04-30T23:10:09  INFO     [03:10:08] [CB] WATCHING | 5m [76566→76523] -0.056% | cur $76,639.76
2026-04-30T23:10:39  INFO     [03:10:39] [CB] WATCHING | 5m [76523→76630] +0.140% | cur $76,672.44
2026-04-30T23:11:10  INFO     [03:11:09] [CB] WATCHING | 5m [76523→76630] +0.140% | cur $76,667.22
2026-04-30T23:11:40  INFO     [03:11:40] [CB] WATCHING | 5m [76523→76630] +0.140% | cur $76,651.63
2026-04-30T23:12:10  INFO     [03:12:10] [CB] WATCHING | 5m [76523→76630] +0.140% | cur $76,659.98
2026-04-30T23:12:41  INFO     [03:12:40] [CB] WATCHING | 5m [76523→76630] +0.140% | cur $76,668.53
2026-04-30T23:13:11  INFO     [03:13:11] [CB] WATCHING | 5m [76523→76630] +0.140% | cur $76,666.21
2026-04-30T23:13:42  INFO     [03:13:41] [CB] WATCHING | 5m [76523→76630] +0.140% | cur $76,664.50
2026-04-30T23:14:12  INFO     [03:14:12] [CB] WATCHING | 5m [76523→76630] +0.140% | cur $76,664.47
2026-04-30T23:14:42  INFO     [03:14:42] [CB] WATCHING | 5m [76523→76630] +0.140% | cur $76,667.68
2026-04-30T23:15:13  INFO     [03:15:12] [CB] WATCHING | 5m [76630→76665] +0.045% | cur $76,661.53
2026-04-30T23:15:43  INFO     [03:15:43] [CB] WATCHING | 5m [76630→76665] +0.045% | cur $76,691.56
2026-04-30T23:16:14  INFO     [03:16:13] [CB] WATCHING | 5m [76630→76665] +0.045% | cur $76,716.23
2026-04-30T23:16:44  INFO     [03:16:44] [CB] WATCHING | 5m [76630→76665] +0.045% | cur $76,717.49
2026-04-30T23:17:14  INFO     [03:17:14] [CB] WATCHING | 5m [76630→76665] +0.045% | cur $76,823.01
2026-04-30T23:17:45  INFO     [03:17:44] [CB] WATCHING | 5m [76630→76665] +0.045% | cur $76,872.01
2026-04-30T23:18:15  INFO     [03:18:15] [CB] WATCHING | 5m [76630→76665] +0.045% | cur $76,815.92
2026-04-30T23:18:46  INFO     [03:18:45] [CB] WATCHING | 5m [76630→76665] +0.045% | cur $76,827.39
2026-04-30T23:19:16  INFO     [03:19:16] [CB] WATCHING | 5m [76630→76665] +0.045% | cur $76,902.44
2026-04-30T23:19:46  INFO     [03:19:46] [CB] WATCHING | 5m [76630→76665] +0.045% | cur $76,984.03
2026-04-30T23:20:17  INFO     [03:20:16] [CB] *** SIGNAL LONG *** 5m move +0.700% | vol×7.99 | cur price $77,218.50
2026-04-30T23:20:17  INFO     [03:20:16] [CB] PAPER LONG BTC-USD @ $77,218.50 | qty=0.000648 BTC ($50) | SL=$77,102.67 TP=$77,450.16 | 5m move +0.700% | vol×7.99
2026-04-30T23:20:47  INFO     [03:20:47] [CB] HOLDING LONG | entry=$77,218.50 cur=$77,202.58 | unrealized $-0.0103 | SL $77,102.67 TP $77,450.16
2026-04-30T23:21:17  INFO     [03:21:17] [CB] HOLDING LONG | entry=$77,218.50 cur=$77,312.26 | unrealized $+0.0607 | SL $77,102.67 TP $77,450.16
2026-04-30T23:21:47  INFO     [03:21:47] [CB] HOLDING LONG | entry=$77,218.50 cur=$77,276.94 | unrealized $+0.0378 | SL $77,102.67 TP $77,450.16
2026-04-30T23:22:17  INFO     [03:22:17] [CB] HOLDING LONG | entry=$77,218.50 cur=$77,288.80 | unrealized $+0.0455 | SL $77,102.67 TP $77,450.16
2026-04-30T23:22:47  INFO     [03:22:47] [CB] HOLDING LONG | entry=$77,218.50 cur=$77,354.68 | unrealized $+0.0882 | SL $77,102.67 TP $77,450.16
2026-04-30T23:23:17  INFO     [03:23:17] [CB] HOLDING LONG | entry=$77,218.50 cur=$77,335.35 | unrealized $+0.0757 | SL $77,102.67 TP $77,450.16
2026-04-30T23:23:47  INFO     [03:23:47] [CB] HOLDING LONG | entry=$77,218.50 cur=$77,347.14 | unrealized $+0.0833 | SL $77,102.67 TP $77,450.16
2026-04-30T23:24:17  INFO     [03:24:17] [CB] HOLDING LONG | entry=$77,218.50 cur=$77,360.01 | unrealized $+0.0916 | SL $77,102.67 TP $77,450.16
2026-04-30T23:24:47  INFO     [03:24:47] [CB] HOLDING LONG | entry=$77,218.50 cur=$77,319.99 | unrealized $+0.0657 | SL $77,102.67 TP $77,450.16
2026-04-30T23:25:17  INFO     [03:25:17] [CB] HOLDING LONG | entry=$77,218.50 cur=$77,319.56 | unrealized $+0.0654 | SL $77,102.67 TP $77,450.16
2026-04-30T23:25:47  INFO     [03:25:47] [CB] HOLDING LONG | entry=$77,218.50 cur=$77,201.90 | unrealized $-0.0107 | SL $77,102.67 TP $77,450.16
2026-04-30T23:26:17  INFO     [03:26:17] [CB] HOLDING LONG | entry=$77,218.50 cur=$77,216.09 | unrealized $-0.0016 | SL $77,102.67 TP $77,450.16
2026-04-30T23:26:47  INFO     [03:26:47] [CB] HOLDING LONG | entry=$77,218.50 cur=$77,226.23 | unrealized $+0.0050 | SL $77,102.67 TP $77,450.16
2026-04-30T23:27:17  INFO     [03:27:17] [CB] HOLDING LONG | entry=$77,218.50 cur=$77,242.99 | unrealized $+0.0159 | SL $77,102.67 TP $77,450.16
2026-04-30T23:27:47  INFO     [03:27:47] [CB] HOLDING LONG | entry=$77,218.50 cur=$77,246.52 | unrealized $+0.0181 | SL $77,102.67 TP $77,450.16
2026-04-30T23:28:17  INFO     [03:28:17] [CB] HOLDING LONG | entry=$77,218.50 cur=$77,293.78 | unrealized $+0.0487 | SL $77,102.67 TP $77,450.16
2026-04-30T23:28:47  INFO     [03:28:47] [CB] HOLDING LONG | entry=$77,218.50 cur=$77,266.80 | unrealized $+0.0313 | SL $77,102.67 TP $77,450.16
2026-04-30T23:29:17  INFO     [03:29:17] [CB] HOLDING LONG | entry=$77,218.50 cur=$77,250.33 | unrealized $+0.0206 | SL $77,102.67 TP $77,450.16
2026-04-30T23:29:47  INFO     [03:29:47] [CB] HOLDING LONG | entry=$77,218.50 cur=$77,170.50 | unrealized $-0.0311 | SL $77,102.67 TP $77,450.16
2026-04-30T23:30:17  INFO     [03:30:17] [CB] HOLDING LONG | entry=$77,218.50 cur=$77,233.23 | unrealized $+0.0095 | SL $77,102.67 TP $77,450.16
2026-04-30T23:30:47  INFO     [03:30:47] [CB] HOLDING LONG | entry=$77,218.50 cur=$77,206.34 | unrealized $-0.0079 | SL $77,102.67 TP $77,450.16
2026-04-30T23:31:17  INFO     [03:31:17] [CB] HOLDING LONG | entry=$77,218.50 cur=$77,197.32 | unrealized $-0.0137 | SL $77,102.67 TP $77,450.16
2026-04-30T23:31:47  INFO     [03:31:47] [CB] HOLDING LONG | entry=$77,218.50 cur=$77,157.03 | unrealized $-0.0398 | SL $77,102.67 TP $77,450.16
2026-04-30T23:32:17  INFO     [03:32:17] [CB] HOLDING LONG | entry=$77,218.50 cur=$77,189.30 | unrealized $-0.0189 | SL $77,102.67 TP $77,450.16
2026-04-30T23:32:47  INFO     [03:32:47] [CB] HOLDING LONG | entry=$77,218.50 cur=$77,170.01 | unrealized $-0.0314 | SL $77,102.67 TP $77,450.16
2026-04-30T23:33:17  INFO     [03:33:17] [CB] HOLDING LONG | entry=$77,218.50 cur=$77,165.45 | unrealized $-0.0344 | SL $77,102.67 TP $77,450.16
2026-04-30T23:33:47  INFO     [03:33:47] [CB] HOLDING LONG | entry=$77,218.50 cur=$77,194.85 | unrealized $-0.0153 | SL $77,102.67 TP $77,450.16
2026-04-30T23:34:17  INFO     [03:34:17] [CB] HOLDING LONG | entry=$77,218.50 cur=$77,217.42 | unrealized $-0.0007 | SL $77,102.67 TP $77,450.16
2026-04-30T23:34:47  INFO     [03:34:47] [CB] HOLDING LONG | entry=$77,218.50 cur=$77,199.45 | unrealized $-0.0123 | SL $77,102.67 TP $77,450.16
2026-04-30T23:35:17  INFO     [03:35:17] [CB] HOLDING LONG | entry=$77,218.50 cur=$77,203.17 | unrealized $-0.0099 | SL $77,102.67 TP $77,450.16
2026-04-30T23:35:47  INFO     [03:35:47] [CB] HOLDING LONG | entry=$77,218.50 cur=$77,205.96 | unrealized $-0.0081 | SL $77,102.67 TP $77,450.16
2026-04-30T23:36:17  INFO     [03:36:17] [CB] HOLDING LONG | entry=$77,218.50 cur=$77,216.51 | unrealized $-0.0013 | SL $77,102.67 TP $77,450.16
2026-04-30T23:36:47  INFO     [03:36:47] [CB] HOLDING LONG | entry=$77,218.50 cur=$77,236.37 | unrealized $+0.0116 | SL $77,102.67 TP $77,450.16
2026-04-30T23:37:17  INFO     [03:37:17] [CB] HOLDING LONG | entry=$77,218.50 cur=$77,262.14 | unrealized $+0.0283 | SL $77,102.67 TP $77,450.16
2026-04-30T23:37:47  INFO     [03:37:47] [CB] HOLDING LONG | entry=$77,218.50 cur=$77,214.53 | unrealized $-0.0026 | SL $77,102.67 TP $77,450.16
2026-04-30T23:38:17  INFO     [03:38:17] [CB] HOLDING LONG | entry=$77,218.50 cur=$77,205.98 | unrealized $-0.0081 | SL $77,102.67 TP $77,450.16
2026-04-30T23:38:47  INFO     [03:38:47] [CB] HOLDING LONG | entry=$77,218.50 cur=$77,201.13 | unrealized $-0.0112 | SL $77,102.67 TP $77,450.16
2026-04-30T23:39:17  INFO     [03:39:17] [CB] HOLDING LONG | entry=$77,218.50 cur=$77,170.28 | unrealized $-0.0312 | SL $77,102.67 TP $77,450.16
2026-04-30T23:39:47  INFO     [03:39:47] [CB] HOLDING LONG | entry=$77,218.50 cur=$77,111.32 | unrealized $-0.0694 | SL $77,102.67 TP $77,450.16
2026-04-30T23:40:19  INFO     [03:40:19] [CB] HOLDING LONG | entry=$77,218.50 cur=$77,054.97 | unrealized $-0.1059 | SL $77,102.67 TP $77,450.16
2026-04-30T23:40:19  INFO     [03:40:19] [CB] CLOSE LONG @ $77,054.97 | P&L $-0.1059 (-0.212%) | STOP_LOSS | day: $-0.11
2026-04-30T23:40:49  INFO     [03:40:49] [CB] WATCHING | 5m [77196→77105] -0.118% | cur $77,089.36
2026-04-30T23:41:20  INFO     [03:41:19] [CB] WATCHING | 5m [77196→77105] -0.118% | cur $77,115.98
2026-04-30T23:41:50  INFO     [03:41:50] [CB] WATCHING | 5m [77196→77105] -0.118% | cur $77,128.83
2026-04-30T23:42:20  INFO     [03:42:20] [CB] WATCHING | 5m [77196→77105] -0.118% | cur $77,101.18
2026-04-30T23:42:51  INFO     [03:42:50] [CB] WATCHING | 5m [77196→77105] -0.118% | cur $77,118.08
2026-04-30T23:43:21  INFO     [03:43:21] [CB] WATCHING | 5m [77196→77105] -0.118% | cur $77,128.25
2026-04-30T23:43:51  INFO     [03:43:51] [CB] WATCHING | 5m [77196→77105] -0.118% | cur $77,147.33
2026-04-30T23:44:22  INFO     [03:44:21] [CB] WATCHING | 5m [77196→77105] -0.118% | cur $77,122.05
2026-04-30T23:44:52  INFO     [03:44:52] [CB] WATCHING | 5m [77196→77105] -0.118% | cur $77,121.63
2026-04-30T23:45:22  INFO     [03:45:22] [CB] WATCHING | 5m [77105→77126] +0.028% | cur $77,128.22
2026-04-30T23:45:53  INFO     [03:45:52] [CB] WATCHING | 5m [77105→77126] +0.028% | cur $77,112.53
2026-04-30T23:46:23  INFO     [03:46:23] [CB] WATCHING | 5m [77105→77126] +0.028% | cur $77,115.83
2026-04-30T23:46:54  INFO     [03:46:53] [CB] WATCHING | 5m [77105→77126] +0.028% | cur $77,147.29
2026-04-30T23:47:24  INFO     [03:47:24] [CB] WATCHING | 5m [77105→77126] +0.028% | cur $77,141.73
2026-04-30T23:47:54  INFO     [03:47:54] [CB] WATCHING | 5m [77105→77126] +0.028% | cur $77,144.08
2026-04-30T23:48:25  INFO     [03:48:24] [CB] WATCHING | 5m [77105→77126] +0.028% | cur $77,162.01
2026-04-30T23:48:55  INFO     [03:48:55] [CB] WATCHING | 5m [77105→77126] +0.028% | cur $77,152.00
2026-04-30T23:49:26  INFO     [03:49:25] [CB] WATCHING | 5m [77105→77126] +0.028% | cur $77,126.09
2026-04-30T23:49:56  INFO     [03:49:56] [CB] WATCHING | 5m [77105→77126] +0.028% | cur $77,110.18
2026-04-30T23:50:26  INFO     [03:50:26] [CB] WATCHING | 5m [77126→77126] +0.000% | cur $77,138.48
2026-04-30T23:50:57  INFO     [03:50:56] [CB] WATCHING | 5m [77126→77126] +0.000% | cur $77,146.08
2026-04-30T23:51:27  INFO     [03:51:27] [CB] WATCHING | 5m [77126→77126] +0.000% | cur $77,145.12
2026-04-30T23:51:58  INFO     [03:51:57] [CB] WATCHING | 5m [77126→77126] +0.000% | cur $77,158.64
2026-04-30T23:52:28  INFO     [03:52:28] [CB] WATCHING | 5m [77126→77126] +0.000% | cur $77,148.15
2026-04-30T23:52:58  INFO     [03:52:58] [CB] WATCHING | 5m [77126→77126] +0.000% | cur $77,129.16
2026-04-30T23:53:29  INFO     [03:53:28] [CB] WATCHING | 5m [77126→77126] +0.000% | cur $77,148.63
2026-04-30T23:53:59  INFO     [03:53:59] [CB] WATCHING | 5m [77126→77126] +0.000% | cur $77,118.32
2026-04-30T23:54:30  INFO     [03:54:29] [CB] WATCHING | 5m [77126→77126] +0.000% | cur $77,108.28
2026-04-30T23:55:00  INFO     [03:55:00] [CB] WATCHING | 5m [77126→77126] +0.000% | cur $77,109.34
2026-04-30T23:55:31  INFO     [03:55:30] [CB] WATCHING | 5m [77126→77109] -0.022% | cur $77,094.42
2026-04-30T23:56:01  INFO     [03:56:01] [CB] WATCHING | 5m [77126→77109] -0.022% | cur $77,093.44
2026-04-30T23:56:32  INFO     [03:56:31] [CB] WATCHING | 5m [77126→77109] -0.022% | cur $77,064.00
2026-04-30T23:57:03  INFO     [03:57:02] [CB] WATCHING | 5m [77126→77109] -0.022% | cur $77,049.14
2026-04-30T23:57:34  INFO     [03:57:33] [CB] WATCHING | 5m [77126→77109] -0.022% | cur $77,084.27
2026-04-30T23:58:04  INFO     [03:58:04] [CB] WATCHING | 5m [77126→77109] -0.022% | cur $77,092.81
2026-04-30T23:58:34  INFO     [03:58:34] [CB] WATCHING | 5m [77126→77109] -0.022% | cur $77,087.61
2026-04-30T23:59:05  INFO     [03:59:04] [CB] WATCHING | 5m [77126→77109] -0.022% | cur $77,091.91
2026-04-30T23:59:35  INFO     [03:59:35] [CB] WATCHING | 5m [77126→77109] -0.022% | cur $77,081.51
2026-05-01T00:00:05  INFO     [04:00:05] [CB] WATCHING | 5m [77126→77109] -0.022% | cur $77,121.33
2026-05-01T00:00:36  INFO     [04:00:35] [CB] WATCHING | 5m [77109→77092] -0.023% | cur $77,106.33
2026-05-01T00:01:06  INFO     [04:01:06] [CB] WATCHING | 5m [77109→77092] -0.023% | cur $77,098.90
2026-05-01T00:01:36  INFO     [04:01:36] [CB] WATCHING | 5m [77109→77092] -0.023% | cur $77,126.43
2026-05-01T00:02:07  INFO     [04:02:06] [CB] WATCHING | 5m [77109→77092] -0.023% | cur $77,117.50
2026-05-01T00:02:37  INFO     [04:02:37] [CB] WATCHING | 5m [77109→77092] -0.023% | cur $77,093.91
2026-05-01T00:03:08  INFO     [04:03:07] [CB] WATCHING | 5m [77109→77092] -0.023% | cur $77,070.01
2026-05-01T00:03:38  INFO     [04:03:38] [CB] WATCHING | 5m [77109→77092] -0.023% | cur $77,029.97
2026-05-01T00:04:08  INFO     [04:04:08] [CB] WATCHING | 5m [77109→77092] -0.023% | cur $77,073.99
2026-05-01T00:04:39  INFO     [04:04:38] [CB] WATCHING | 5m [77109→77092] -0.023% | cur $77,078.23
2026-05-01T00:05:09  INFO     [04:05:09] [CB] WATCHING | 5m [77109→77092] -0.023% | cur $77,073.82
2026-05-01T00:05:40  INFO     [04:05:39] [CB] WATCHING | 5m [77092→77081] -0.014% | cur $77,075.60
2026-05-01T00:06:10  INFO     [04:06:10] [CB] WATCHING | 5m [77092→77081] -0.014% | cur $77,098.72
2026-05-01T00:06:40  INFO     [04:06:40] [CB] WATCHING | 5m [77092→77081] -0.014% | cur $77,111.31
2026-05-01T00:07:11  INFO     [04:07:10] [CB] WATCHING | 5m [77092→77081] -0.014% | cur $77,104.56
2026-05-01T00:07:41  INFO     [04:07:41] [CB] WATCHING | 5m [77092→77081] -0.014% | cur $77,103.84
2026-05-01T00:08:12  INFO     [04:08:11] [CB] WATCHING | 5m [77092→77081] -0.014% | cur $77,111.18
2026-05-01T00:08:42  INFO     [04:08:42] [CB] WATCHING | 5m [77092→77081] -0.014% | cur $77,128.01
2026-05-01T00:09:12  INFO     [04:09:12] [CB] WATCHING | 5m [77092→77081] -0.014% | cur $77,094.42
2026-05-01T00:09:43  INFO     [04:09:42] [CB] WATCHING | 5m [77092→77081] -0.014% | cur $77,098.77
2026-05-01T00:10:13  INFO     [04:10:13] [CB] WATCHING | 5m [77081→77092] +0.014% | cur $77,097.67
2026-05-01T00:10:44  INFO     [04:10:43] [CB] WATCHING | 5m [77081→77092] +0.014% | cur $77,081.82
2026-05-01T00:11:14  INFO     [04:11:14] [CB] WATCHING | 5m [77081→77092] +0.014% | cur $77,118.07
2026-05-01T00:11:44  INFO     [04:11:44] [CB] WATCHING | 5m [77081→77092] +0.014% | cur $77,094.43
2026-05-01T00:12:15  INFO     [04:12:14] [CB] WATCHING | 5m [77081→77092] +0.014% | cur $77,107.94
2026-05-01T00:12:45  INFO     [04:12:45] [CB] WATCHING | 5m [77081→77092] +0.014% | cur $77,114.69
2026-05-01T00:13:16  INFO     [04:13:15] [CB] WATCHING | 5m [77081→77092] +0.014% | cur $77,097.80
2026-05-01T00:13:46  INFO     [04:13:46] [CB] WATCHING | 5m [77081→77092] +0.014% | cur $77,115.85
2026-05-01T00:14:17  INFO     [04:14:16] [CB] WATCHING | 5m [77081→77092] +0.014% | cur $77,125.77
2026-05-01T00:14:47  INFO     [04:14:47] [CB] WATCHING | 5m [77081→77092] +0.014% | cur $77,131.19
2026-05-01T00:15:17  INFO     [04:15:17] [CB] WATCHING | 5m [77092→77073] -0.025% | cur $77,101.18
2026-05-01T00:15:48  INFO     [04:15:47] [CB] WATCHING | 5m [77092→77073] -0.025% | cur $77,107.94
2026-05-01T00:16:18  INFO     [04:16:18] [CB] WATCHING | 5m [77092→77073] -0.025% | cur $77,111.31
2026-05-01T00:16:48  INFO     [04:16:48] [CB] WATCHING | 5m [77092→77073] -0.025% | cur $77,130.84
2026-05-01T00:17:19  INFO     [04:17:18] [CB] WATCHING | 5m [77092→77073] -0.025% | cur $77,144.52
2026-05-01T00:17:49  INFO     [04:17:49] [CB] WATCHING | 5m [77092→77073] -0.025% | cur $77,139.00
2026-05-01T00:18:20  INFO     [04:18:19] [CB] WATCHING | 5m [77092→77073] -0.025% | cur $77,143.40
2026-05-01T00:18:50  INFO     [04:18:50] [CB] WATCHING | 5m [77092→77073] -0.025% | cur $77,165.99
2026-05-01T00:19:21  INFO     [04:19:20] [CB] WATCHING | 5m [77092→77073] -0.025% | cur $77,169.19
2026-05-01T00:19:51  INFO     [04:19:51] [CB] WATCHING | 5m [77092→77073] -0.025% | cur $77,155.00
2026-05-01T00:20:21  INFO     [04:20:21] [CB] WATCHING | 5m [77073→77155] +0.107% | cur $77,121.53
2026-05-01T00:20:52  INFO     [04:20:51] [CB] WATCHING | 5m [77073→77155] +0.107% | cur $77,085.99
2026-05-01T00:21:22  INFO     [04:21:22] [CB] WATCHING | 5m [77073→77155] +0.107% | cur $77,097.91
2026-05-01T00:21:52  INFO     [04:21:52] [CB] WATCHING | 5m [77073→77155] +0.107% | cur $77,103.76
2026-05-01T00:22:23  INFO     [04:22:22] [CB] WATCHING | 5m [77073→77155] +0.107% | cur $77,109.29
2026-05-01T00:22:53  INFO     [04:22:53] [CB] WATCHING | 5m [77073→77155] +0.107% | cur $77,135.07
2026-05-01T00:23:23  INFO     [04:23:23] [CB] WATCHING | 5m [77073→77155] +0.107% | cur $77,132.21
2026-05-01T00:23:54  INFO     [04:23:53] [CB] WATCHING | 5m [77073→77155] +0.107% | cur $77,116.01
2026-05-01T00:24:24  INFO     [04:24:24] [CB] WATCHING | 5m [77073→77155] +0.107% | cur $77,122.04
2026-05-01T00:24:56  INFO     [04:24:54] [CB] WATCHING | 5m [77073→77155] +0.107% | cur $77,130.30
2026-05-01T00:25:26  INFO     [04:25:26] [CB] WATCHING | 5m [77155→77130] -0.032% | cur $77,128.42
2026-05-01T00:25:56  INFO     [04:25:56] [CB] WATCHING | 5m [77155→77130] -0.032% | cur $77,140.22
2026-05-01T00:26:27  INFO     [04:26:26] [CB] WATCHING | 5m [77155→77130] -0.032% | cur $77,148.39
2026-05-01T00:26:57  INFO     [04:26:57] [CB] WATCHING | 5m [77155→77130] -0.032% | cur $77,146.36
2026-05-01T00:27:28  INFO     [04:27:27] [CB] WATCHING | 5m [77155→77130] -0.032% | cur $77,130.87
2026-05-01T00:27:58  INFO     [04:27:58] [CB] WATCHING | 5m [77155→77130] -0.032% | cur $77,091.04
2026-05-01T00:28:28  INFO     [04:28:28] [CB] WATCHING | 5m [77155→77130] -0.032% | cur $77,060.62
2026-05-01T00:28:59  INFO     [04:28:58] [CB] WATCHING | 5m [77155→77130] -0.032% | cur $76,990.46
2026-05-01T00:29:29  INFO     [04:29:29] [CB] WATCHING | 5m [77155→77130] -0.032% | cur $76,952.45
2026-05-01T00:30:00  INFO     [04:29:59] [CB] WATCHING | 5m [77155→77130] -0.032% | cur $76,992.02
2026-05-01T00:30:30  INFO     [04:30:30] [CB] *** SIGNAL SHORT *** 5m move -0.179% | vol×2.14 | cur price $76,985.38
2026-05-01T00:30:30  INFO     [04:30:30] [CB] PAPER SHORT BTC-USD @ $76,985.38 | qty=0.000649 BTC ($50) | SL=$77,100.86 TP=$76,754.42 | 5m move -0.179% | vol×2.14
2026-05-01T00:31:00  INFO     [04:31:00] [CB] HOLDING SHORT | entry=$76,985.38 cur=$77,005.38 | unrealized $-0.0130 | SL $77,100.86 TP $76,754.42
2026-05-01T00:31:30  INFO     [04:31:30] [CB] HOLDING SHORT | entry=$76,985.38 cur=$77,020.05 | unrealized $-0.0225 | SL $77,100.86 TP $76,754.42
2026-05-01T00:32:00  INFO     [04:32:00] [CB] HOLDING SHORT | entry=$76,985.38 cur=$77,026.81 | unrealized $-0.0269 | SL $77,100.86 TP $76,754.42
2026-05-01T00:32:30  INFO     [04:32:30] [CB] HOLDING SHORT | entry=$76,985.38 cur=$77,047.99 | unrealized $-0.0407 | SL $77,100.86 TP $76,754.42
2026-05-01T00:33:00  INFO     [04:33:00] [CB] HOLDING SHORT | entry=$76,985.38 cur=$77,011.63 | unrealized $-0.0170 | SL $77,100.86 TP $76,754.42
2026-05-01T00:33:30  INFO     [04:33:30] [CB] HOLDING SHORT | entry=$76,985.38 cur=$77,016.67 | unrealized $-0.0203 | SL $77,100.86 TP $76,754.42
2026-05-01T00:34:00  INFO     [04:34:00] [CB] HOLDING SHORT | entry=$76,985.38 cur=$77,023.44 | unrealized $-0.0247 | SL $77,100.86 TP $76,754.42
2026-05-01T00:34:30  INFO     [04:34:30] [CB] HOLDING SHORT | entry=$76,985.38 cur=$77,006.54 | unrealized $-0.0137 | SL $77,100.86 TP $76,754.42
2026-05-01T00:35:00  INFO     [04:35:00] [CB] HOLDING SHORT | entry=$76,985.38 cur=$77,051.75 | unrealized $-0.0431 | SL $77,100.86 TP $76,754.42
2026-05-01T00:35:30  INFO     [04:35:30] [CB] HOLDING SHORT | entry=$76,985.38 cur=$77,039.29 | unrealized $-0.0350 | SL $77,100.86 TP $76,754.42
2026-05-01T00:36:00  INFO     [04:36:00] [CB] HOLDING SHORT | entry=$76,985.38 cur=$77,039.34 | unrealized $-0.0350 | SL $77,100.86 TP $76,754.42
2026-05-01T00:36:30  INFO     [04:36:30] [CB] HOLDING SHORT | entry=$76,985.38 cur=$77,046.90 | unrealized $-0.0400 | SL $77,100.86 TP $76,754.42
2026-05-01T00:37:00  INFO     [04:37:00] [CB] HOLDING SHORT | entry=$76,985.38 cur=$77,041.09 | unrealized $-0.0362 | SL $77,100.86 TP $76,754.42
2026-05-01T00:37:30  INFO     [04:37:30] [CB] HOLDING SHORT | entry=$76,985.38 cur=$77,034.04 | unrealized $-0.0316 | SL $77,100.86 TP $76,754.42
2026-05-01T00:38:00  INFO     [04:38:00] [CB] HOLDING SHORT | entry=$76,985.38 cur=$77,035.99 | unrealized $-0.0329 | SL $77,100.86 TP $76,754.42
2026-05-01T00:38:30  INFO     [04:38:30] [CB] HOLDING SHORT | entry=$76,985.38 cur=$77,023.23 | unrealized $-0.0246 | SL $77,100.86 TP $76,754.42
2026-05-01T00:39:00  INFO     [04:39:00] [CB] HOLDING SHORT | entry=$76,985.38 cur=$77,028.13 | unrealized $-0.0278 | SL $77,100.86 TP $76,754.42
2026-05-01T00:39:30  INFO     [04:39:30] [CB] HOLDING SHORT | entry=$76,985.38 cur=$77,047.09 | unrealized $-0.0401 | SL $77,100.86 TP $76,754.42
2026-05-01T00:40:00  INFO     [04:40:00] [CB] HOLDING SHORT | entry=$76,985.38 cur=$77,046.01 | unrealized $-0.0394 | SL $77,100.86 TP $76,754.42
2026-05-01T00:40:30  INFO     [04:40:30] [CB] HOLDING SHORT | entry=$76,985.38 cur=$77,022.00 | unrealized $-0.0238 | SL $77,100.86 TP $76,754.42
2026-05-01T00:41:00  INFO     [04:41:00] [CB] HOLDING SHORT | entry=$76,985.38 cur=$76,996.40 | unrealized $-0.0072 | SL $77,100.86 TP $76,754.42
2026-05-01T00:41:30  INFO     [04:41:30] [CB] HOLDING SHORT | entry=$76,985.38 cur=$76,999.78 | unrealized $-0.0094 | SL $77,100.86 TP $76,754.42
2026-05-01T00:42:00  INFO     [04:42:00] [CB] HOLDING SHORT | entry=$76,985.38 cur=$77,002.01 | unrealized $-0.0108 | SL $77,100.86 TP $76,754.42
2026-05-01T00:42:30  INFO     [04:42:30] [CB] HOLDING SHORT | entry=$76,985.38 cur=$77,013.67 | unrealized $-0.0184 | SL $77,100.86 TP $76,754.42
2026-05-01T00:43:00  INFO     [04:43:00] [CB] HOLDING SHORT | entry=$76,985.38 cur=$77,014.84 | unrealized $-0.0191 | SL $77,100.86 TP $76,754.42
2026-05-01T00:43:30  INFO     [04:43:30] [CB] HOLDING SHORT | entry=$76,985.38 cur=$77,020.06 | unrealized $-0.0225 | SL $77,100.86 TP $76,754.42
2026-05-01T00:44:00  INFO     [04:44:00] [CB] HOLDING SHORT | entry=$76,985.38 cur=$77,033.57 | unrealized $-0.0313 | SL $77,100.86 TP $76,754.42
2026-05-01T00:44:30  INFO     [04:44:30] [CB] HOLDING SHORT | entry=$76,985.38 cur=$77,036.00 | unrealized $-0.0329 | SL $77,100.86 TP $76,754.42
2026-05-01T00:45:00  INFO     [04:45:00] [CB] HOLDING SHORT | entry=$76,985.38 cur=$77,046.00 | unrealized $-0.0394 | SL $77,100.86 TP $76,754.42
2026-05-01T00:45:30  INFO     [04:45:30] [CB] HOLDING SHORT | entry=$76,985.38 cur=$77,027.41 | unrealized $-0.0273 | SL $77,100.86 TP $76,754.42
2026-05-01T00:46:00  INFO     [04:46:00] [CB] HOLDING SHORT | entry=$76,985.38 cur=$77,039.05 | unrealized $-0.0349 | SL $77,100.86 TP $76,754.42
2026-05-01T00:46:30  INFO     [04:46:30] [CB] HOLDING SHORT | entry=$76,985.38 cur=$77,041.45 | unrealized $-0.0364 | SL $77,100.86 TP $76,754.42
2026-05-01T00:47:00  INFO     [04:47:00] [CB] HOLDING SHORT | entry=$76,985.38 cur=$77,027.99 | unrealized $-0.0277 | SL $77,100.86 TP $76,754.42
2026-05-01T00:47:30  INFO     [04:47:30] [CB] HOLDING SHORT | entry=$76,985.38 cur=$77,025.36 | unrealized $-0.0260 | SL $77,100.86 TP $76,754.42
2026-05-01T00:48:00  INFO     [04:48:00] [CB] HOLDING SHORT | entry=$76,985.38 cur=$77,031.45 | unrealized $-0.0299 | SL $77,100.86 TP $76,754.42
2026-05-01T00:48:30  INFO     [04:48:30] [CB] HOLDING SHORT | entry=$76,985.38 cur=$77,028.15 | unrealized $-0.0278 | SL $77,100.86 TP $76,754.42
2026-05-01T00:49:00  INFO     [04:49:00] [CB] HOLDING SHORT | entry=$76,985.38 cur=$77,043.71 | unrealized $-0.0379 | SL $77,100.86 TP $76,754.42
2026-05-01T00:49:30  INFO     [04:49:30] [CB] HOLDING SHORT | entry=$76,985.38 cur=$77,026.82 | unrealized $-0.0269 | SL $77,100.86 TP $76,754.42
2026-05-01T00:50:00  INFO     [04:50:00] [CB] HOLDING SHORT | entry=$76,985.38 cur=$77,026.83 | unrealized $-0.0269 | SL $77,100.86 TP $76,754.42
2026-05-01T00:50:30  INFO     [04:50:30] [CB] HOLDING SHORT | entry=$76,985.38 cur=$77,031.16 | unrealized $-0.0297 | SL $77,100.86 TP $76,754.42
2026-05-01T00:51:00  INFO     [04:51:00] [CB] HOLDING SHORT | entry=$76,985.38 cur=$77,035.01 | unrealized $-0.0322 | SL $77,100.86 TP $76,754.42
2026-05-01T00:51:30  INFO     [04:51:30] [CB] HOLDING SHORT | entry=$76,985.38 cur=$77,047.18 | unrealized $-0.0401 | SL $77,100.86 TP $76,754.42
2026-05-01T00:52:00  INFO     [04:52:00] [CB] HOLDING SHORT | entry=$76,985.38 cur=$77,050.29 | unrealized $-0.0422 | SL $77,100.86 TP $76,754.42
2026-05-01T00:52:30  INFO     [04:52:30] [CB] HOLDING SHORT | entry=$76,985.38 cur=$77,055.96 | unrealized $-0.0458 | SL $77,100.86 TP $76,754.42
2026-05-01T00:53:00  INFO     [04:53:00] [CB] HOLDING SHORT | entry=$76,985.38 cur=$77,074.13 | unrealized $-0.0576 | SL $77,100.86 TP $76,754.42
2026-05-01T00:53:30  INFO     [04:53:30] [CB] HOLDING SHORT | entry=$76,985.38 cur=$77,065.68 | unrealized $-0.0522 | SL $77,100.86 TP $76,754.42
2026-05-01T00:54:00  INFO     [04:54:00] [CB] HOLDING SHORT | entry=$76,985.38 cur=$77,072.26 | unrealized $-0.0564 | SL $77,100.86 TP $76,754.42
2026-05-01T00:54:30  INFO     [04:54:30] [CB] HOLDING SHORT | entry=$76,985.38 cur=$77,072.26 | unrealized $-0.0564 | SL $77,100.86 TP $76,754.42
2026-05-01T00:55:00  INFO     [04:55:00] [CB] HOLDING SHORT | entry=$76,985.38 cur=$77,020.05 | unrealized $-0.0225 | SL $77,100.86 TP $76,754.42
2026-05-01T00:55:30  INFO     [04:55:30] [CB] HOLDING SHORT | entry=$76,985.38 cur=$77,012.03 | unrealized $-0.0173 | SL $77,100.86 TP $76,754.42
2026-05-01T00:56:00  INFO     [04:56:00] [CB] HOLDING SHORT | entry=$76,985.38 cur=$76,998.01 | unrealized $-0.0082 | SL $77,100.86 TP $76,754.42
2026-05-01T00:56:30  INFO     [04:56:30] [CB] HOLDING SHORT | entry=$76,985.38 cur=$77,019.02 | unrealized $-0.0218 | SL $77,100.86 TP $76,754.42
2026-05-01T00:57:00  INFO     [04:57:00] [CB] HOLDING SHORT | entry=$76,985.38 cur=$77,013.12 | unrealized $-0.0180 | SL $77,100.86 TP $76,754.42
2026-05-01T00:57:30  INFO     [04:57:30] [CB] HOLDING SHORT | entry=$76,985.38 cur=$77,020.29 | unrealized $-0.0227 | SL $77,100.86 TP $76,754.42
2026-05-01T00:58:00  INFO     [04:58:00] [CB] HOLDING SHORT | entry=$76,985.38 cur=$77,038.52 | unrealized $-0.0345 | SL $77,100.86 TP $76,754.42
2026-05-01T00:58:30  INFO     [04:58:30] [CB] HOLDING SHORT | entry=$76,985.38 cur=$77,030.86 | unrealized $-0.0295 | SL $77,100.86 TP $76,754.42
2026-05-01T00:59:00  INFO     [04:59:00] [CB] HOLDING SHORT | entry=$76,985.38 cur=$76,997.99 | unrealized $-0.0082 | SL $77,100.86 TP $76,754.42
2026-05-01T00:59:30  INFO     [04:59:30] [CB] HOLDING SHORT | entry=$76,985.38 cur=$77,014.08 | unrealized $-0.0186 | SL $77,100.86 TP $76,754.42
2026-05-01T01:00:00  INFO     [05:00:00] [CB] HOLDING SHORT | entry=$76,985.38 cur=$77,013.22 | unrealized $-0.0181 | SL $77,100.86 TP $76,754.42
2026-05-01T01:00:30  INFO     [05:00:30] [CB] HOLDING SHORT | entry=$76,985.38 cur=$77,008.86 | unrealized $-0.0152 | SL $77,100.86 TP $76,754.42
2026-05-01T01:01:00  INFO     [05:01:00] [CB] HOLDING SHORT | entry=$76,985.38 cur=$77,006.54 | unrealized $-0.0137 | SL $77,100.86 TP $76,754.42
2026-05-01T01:01:30  INFO     [05:01:30] [CB] HOLDING SHORT | entry=$76,985.38 cur=$77,020.29 | unrealized $-0.0227 | SL $77,100.86 TP $76,754.42
2026-05-01T01:02:00  INFO     [05:02:00] [CB] HOLDING SHORT | entry=$76,985.38 cur=$77,012.03 | unrealized $-0.0173 | SL $77,100.86 TP $76,754.42
2026-05-01T01:02:30  INFO     [05:02:30] [CB] HOLDING SHORT | entry=$76,985.38 cur=$77,009.84 | unrealized $-0.0159 | SL $77,100.86 TP $76,754.42
2026-05-01T01:03:00  INFO     [05:03:00] [CB] HOLDING SHORT | entry=$76,985.38 cur=$77,007.62 | unrealized $-0.0144 | SL $77,100.86 TP $76,754.42
2026-05-01T01:03:30  INFO     [05:03:30] [CB] HOLDING SHORT | entry=$76,985.38 cur=$77,033.58 | unrealized $-0.0313 | SL $77,100.86 TP $76,754.42
2026-05-01T01:04:00  INFO     [05:04:00] [CB] HOLDING SHORT | entry=$76,985.38 cur=$77,047.82 | unrealized $-0.0406 | SL $77,100.86 TP $76,754.42
2026-05-01T01:04:30  INFO     [05:04:30] [CB] HOLDING SHORT | entry=$76,985.38 cur=$77,042.43 | unrealized $-0.0371 | SL $77,100.86 TP $76,754.42
2026-05-01T01:05:00  INFO     [05:05:00] [CB] HOLDING SHORT | entry=$76,985.38 cur=$77,089.10 | unrealized $-0.0674 | SL $77,100.86 TP $76,754.42
2026-05-01T01:05:30  INFO     [05:05:30] [CB] HOLDING SHORT | entry=$76,985.38 cur=$77,084.79 | unrealized $-0.0646 | SL $77,100.86 TP $76,754.42
2026-05-01T01:06:00  INFO     [05:06:00] [CB] HOLDING SHORT | entry=$76,985.38 cur=$77,118.72 | unrealized $-0.0866 | SL $77,100.86 TP $76,754.42
2026-05-01T01:06:00  INFO     [05:06:00] [CB] CLOSE SHORT @ $77,118.72 | P&L $-0.0866 (-0.173%) | STOP_LOSS | day: $-0.19
2026-05-01T01:06:31  INFO     [05:06:30] [CB] WATCHING | 5m [77005→77089] +0.109% | cur $77,115.20
2026-05-01T01:07:01  INFO     [05:07:01] [CB] WATCHING | 5m [77005→77089] +0.109% | cur $77,124.83
2026-05-01T01:07:32  INFO     [05:07:31] [CB] WATCHING | 5m [77005→77089] +0.109% | cur $77,128.65
2026-05-01T01:08:02  INFO     [05:08:02] [CB] WATCHING | 5m [77005→77089] +0.109% | cur $77,138.64
2026-05-01T01:08:33  INFO     [05:08:32] [CB] WATCHING | 5m [77005→77089] +0.109% | cur $77,151.87
2026-05-01T01:09:03  INFO     [05:09:03] [CB] WATCHING | 5m [77005→77089] +0.109% | cur $77,152.13
2026-05-01T01:09:34  INFO     [05:09:33] [CB] WATCHING | 5m [77005→77089] +0.109% | cur $77,160.13
2026-05-01T01:10:04  INFO     [05:10:04] [CB] WATCHING | 5m [77005→77089] +0.109% | cur $77,129.74
2026-05-01T01:10:34  INFO     [05:10:34] [CB] WATCHING | 5m [77089→77129] +0.051% | cur $77,121.46
2026-05-01T01:11:05  INFO     [05:11:04] [CB] WATCHING | 5m [77089→77129] +0.051% | cur $77,112.98
2026-05-01T01:11:35  INFO     [05:11:35] [CB] WATCHING | 5m [77089→77129] +0.051% | cur $77,114.90
2026-05-01T01:12:06  INFO     [05:12:05] [CB] WATCHING | 5m [77089→77129] +0.051% | cur $77,136.98
2026-05-01T01:12:36  INFO     [05:12:36] [CB] WATCHING | 5m [77089→77129] +0.051% | cur $77,131.10
2026-05-01T01:13:06  INFO     [05:13:06] [CB] WATCHING | 5m [77089→77129] +0.051% | cur $77,131.10
2026-05-01T01:13:37  INFO     [05:13:36] [CB] WATCHING | 5m [77089→77129] +0.051% | cur $77,128.00
2026-05-01T01:14:07  INFO     [05:14:07] [CB] WATCHING | 5m [77089→77129] +0.051% | cur $77,128.00
2026-05-01T01:14:37  INFO     [05:14:37] [CB] WATCHING | 5m [77089→77129] +0.051% | cur $77,128.00
2026-05-01T01:15:08  INFO     [05:15:07] [CB] WATCHING | 5m [77089→77129] +0.051% | cur $77,114.68
2026-05-01T01:15:38  INFO     [05:15:38] [CB] WATCHING | 5m [77129→77108] -0.027% | cur $77,121.45
2026-05-01T01:16:09  INFO     [05:16:08] [CB] WATCHING | 5m [77129→77108] -0.027% | cur $77,114.45
2026-05-01T01:16:39  INFO     [05:16:39] [CB] WATCHING | 5m [77129→77108] -0.027% | cur $77,097.83
2026-05-01T01:17:09  INFO     [05:17:09] [CB] WATCHING | 5m [77129→77108] -0.027% | cur $77,093.80
2026-05-01T01:17:40  INFO     [05:17:39] [CB] WATCHING | 5m [77129→77108] -0.027% | cur $77,093.79
2026-05-01T01:18:10  INFO     [05:18:10] [CB] WATCHING | 5m [77129→77108] -0.027% | cur $77,063.97
2026-05-01T01:18:41  INFO     [05:18:40] [CB] WATCHING | 5m [77129→77108] -0.027% | cur $77,061.08
2026-05-01T01:19:11  INFO     [05:19:11] [CB] WATCHING | 5m [77129→77108] -0.027% | cur $77,040.35
2026-05-01T01:19:42  INFO     [05:19:41] [CB] WATCHING | 5m [77129→77108] -0.027% | cur $77,026.82
2026-05-01T01:20:12  INFO     [05:20:12] [CB] WATCHING | 5m [77108→77040] -0.087% | cur $77,049.88
2026-05-01T01:20:42  INFO     [05:20:42] [CB] WATCHING | 5m [77108→77040] -0.087% | cur $77,064.24
2026-05-01T01:21:13  INFO     [05:21:12] [CB] WATCHING | 5m [77108→77040] -0.087% | cur $77,057.69
2026-05-01T01:21:43  INFO     [05:21:43] [CB] WATCHING | 5m [77108→77040] -0.087% | cur $77,063.53
2026-05-01T01:22:14  INFO     [05:22:13] [CB] WATCHING | 5m [77108→77040] -0.087% | cur $77,070.75
2026-05-01T01:22:44  INFO     [05:22:44] [CB] WATCHING | 5m [77108→77040] -0.087% | cur $77,057.25
2026-05-01T01:23:14  INFO     [05:23:14] [CB] WATCHING | 5m [77108→77040] -0.087% | cur $77,074.13
2026-05-01T01:23:45  INFO     [05:23:44] [CB] WATCHING | 5m [77108→77040] -0.087% | cur $77,074.11
2026-05-01T01:24:15  INFO     [05:24:15] [CB] WATCHING | 5m [77108→77040] -0.087% | cur $77,080.89
2026-05-01T01:24:46  INFO     [05:24:45] [CB] WATCHING | 5m [77108→77040] -0.087% | cur $77,076.33
2026-05-01T01:25:16  INFO     [05:25:16] [CB] WATCHING | 5m [77040→77066] +0.033% | cur $77,058.71
2026-05-01T01:25:46  INFO     [05:25:46] [CB] WATCHING | 5m [77040→77066] +0.033% | cur $77,058.70
2026-05-01T01:26:17  INFO     [05:26:16] [CB] WATCHING | 5m [77040→77066] +0.033% | cur $77,074.13
2026-05-01T01:26:47  INFO     [05:26:47] [CB] WATCHING | 5m [77040→77066] +0.033% | cur $77,073.45
2026-05-01T01:27:17  INFO     [05:27:17] [CB] WATCHING | 5m [77040→77066] +0.033% | cur $77,077.52
2026-05-01T01:27:48  INFO     [05:27:47] [CB] WATCHING | 5m [77040→77066] +0.033% | cur $77,092.05
2026-05-01T01:28:18  INFO     [05:28:18] [CB] WATCHING | 5m [77040→77066] +0.033% | cur $77,092.34
2026-05-01T01:28:49  INFO     [05:28:48] [CB] WATCHING | 5m [77040→77066] +0.033% | cur $77,087.67
2026-05-01T01:29:19  INFO     [05:29:19] [CB] WATCHING | 5m [77040→77066] +0.033% | cur $77,064.00
2026-05-01T01:29:49  INFO     [05:29:49] [CB] WATCHING | 5m [77040→77066] +0.033% | cur $77,050.51
2026-05-01T01:30:20  INFO     [05:30:19] [CB] WATCHING | 5m [77066→77048] -0.023% | cur $77,040.00
2026-05-01T01:30:50  INFO     [05:30:50] [CB] WATCHING | 5m [77066→77048] -0.023% | cur $77,040.00
2026-05-01T01:31:21  INFO     [05:31:20] [CB] WATCHING | 5m [77066→77048] -0.023% | cur $77,043.83
2026-05-01T01:31:51  INFO     [05:31:51] [CB] WATCHING | 5m [77066→77048] -0.023% | cur $77,043.74
2026-05-01T01:32:21  INFO     [05:32:21] [CB] WATCHING | 5m [77066→77048] -0.023% | cur $77,046.48
2026-05-01T01:32:52  INFO     [05:32:51] [CB] WATCHING | 5m [77066→77048] -0.023% | cur $77,046.74
2026-05-01T01:33:22  INFO     [05:33:22] [CB] WATCHING | 5m [77066→77048] -0.023% | cur $77,048.82
2026-05-01T01:33:52  INFO     [05:33:52] [CB] WATCHING | 5m [77066→77048] -0.023% | cur $77,070.75
2026-05-01T01:34:23  INFO     [05:34:22] [CB] WATCHING | 5m [77066→77048] -0.023% | cur $77,066.64
2026-05-01T01:34:53  INFO     [05:34:53] [CB] WATCHING | 5m [77066→77048] -0.023% | cur $77,072.84
2026-05-01T01:35:24  INFO     [05:35:23] [CB] WATCHING | 5m [77048→77073] +0.032% | cur $77,064.00
2026-05-01T01:35:54  INFO     [05:35:54] [CB] WATCHING | 5m [77048→77073] +0.032% | cur $77,064.00
2026-05-01T01:36:25  INFO     [05:36:24] [CB] WATCHING | 5m [77048→77073] +0.032% | cur $77,050.49
2026-05-01T01:36:55  INFO     [05:36:55] [CB] WATCHING | 5m [77048→77073] +0.032% | cur $77,050.46
2026-05-01T01:37:26  INFO     [05:37:25] [CB] WATCHING | 5m [77048→77073] +0.032% | cur $77,047.59
2026-05-01T01:37:56  INFO     [05:37:56] [CB] WATCHING | 5m [77048→77073] +0.032% | cur $77,060.75
2026-05-01T01:38:26  INFO     [05:38:26] [CB] WATCHING | 5m [77048→77073] +0.032% | cur $77,063.99
2026-05-01T01:38:57  INFO     [05:38:56] [CB] WATCHING | 5m [77048→77073] +0.032% | cur $77,039.34
2026-05-01T01:39:27  INFO     [05:39:27] [CB] WATCHING | 5m [77048→77073] +0.032% | cur $77,043.71
2026-05-01T01:39:58  INFO     [05:39:57] [CB] WATCHING | 5m [77048→77073] +0.032% | cur $77,081.07
2026-05-01T01:40:28  INFO     [05:40:28] [CB] WATCHING | 5m [77073→77081] +0.011% | cur $77,062.26
2026-05-01T01:40:58  INFO     [05:40:58] [CB] WATCHING | 5m [77073→77081] +0.011% | cur $77,075.98
2026-05-01T01:41:29  INFO     [05:41:28] [CB] WATCHING | 5m [77073→77081] +0.011% | cur $77,064.41
2026-05-01T01:41:59  INFO     [05:41:59] [CB] WATCHING | 5m [77073→77081] +0.011% | cur $77,065.81
2026-05-01T01:42:29  INFO     [05:42:29] [CB] WATCHING | 5m [77073→77081] +0.011% | cur $77,053.85
2026-05-01T01:43:00  INFO     [05:42:59] [CB] WATCHING | 5m [77073→77081] +0.011% | cur $77,083.29
2026-05-01T01:43:30  INFO     [05:43:30] [CB] WATCHING | 5m [77073→77081] +0.011% | cur $77,086.05
2026-05-01T01:44:01  INFO     [05:44:00] [CB] WATCHING | 5m [77073→77081] +0.011% | cur $77,086.60
2026-05-01T01:44:31  INFO     [05:44:31] [CB] WATCHING | 5m [77073→77081] +0.011% | cur $77,095.88
2026-05-01T01:45:02  INFO     [05:45:01] [CB] WATCHING | 5m [77073→77081] +0.011% | cur $77,097.02
2026-05-01T01:45:32  INFO     [05:45:32] [CB] WATCHING | 5m [77081→77097] +0.021% | cur $77,088.86
2026-05-01T01:46:02  INFO     [05:46:02] [CB] WATCHING | 5m [77081→77097] +0.021% | cur $77,085.15
2026-05-01T01:46:33  INFO     [05:46:32] [CB] WATCHING | 5m [77081→77097] +0.021% | cur $77,095.98
2026-05-01T01:47:03  INFO     [05:47:03] [CB] WATCHING | 5m [77081→77097] +0.021% | cur $77,101.09
2026-05-01T01:47:34  INFO     [05:47:33] [CB] WATCHING | 5m [77081→77097] +0.021% | cur $77,124.83
2026-05-01T01:48:04  INFO     [05:48:04] [CB] WATCHING | 5m [77081→77097] +0.021% | cur $77,143.00
2026-05-01T01:48:34  INFO     [05:48:34] [CB] WATCHING | 5m [77081→77097] +0.021% | cur $77,131.46
2026-05-01T01:49:05  INFO     [05:49:04] [CB] WATCHING | 5m [77081→77097] +0.021% | cur $77,148.49
2026-05-01T01:49:35  INFO     [05:49:35] [CB] WATCHING | 5m [77081→77097] +0.021% | cur $77,118.08
2026-05-01T01:50:05  INFO     [05:50:05] [CB] WATCHING | 5m [77081→77097] +0.021% | cur $77,122.39
2026-05-01T01:50:36  INFO     [05:50:35] [CB] WATCHING | 5m [77097→77126] +0.037% | cur $77,122.40
2026-05-01T01:51:06  INFO     [05:51:06] [CB] WATCHING | 5m [77097→77126] +0.037% | cur $77,102.47
2026-05-01T01:51:36  INFO     [05:51:36] [CB] WATCHING | 5m [77097→77126] +0.037% | cur $77,104.15
2026-05-01T01:52:07  INFO     [05:52:06] [CB] WATCHING | 5m [77097→77126] +0.037% | cur $77,109.81
2026-05-01T01:52:37  INFO     [05:52:37] [CB] WATCHING | 5m [77097→77126] +0.037% | cur $77,104.91
2026-05-01T01:53:08  INFO     [05:53:07] [CB] WATCHING | 5m [77097→77126] +0.037% | cur $77,109.81
2026-05-01T01:53:38  INFO     [05:53:38] [CB] WATCHING | 5m [77097→77126] +0.037% | cur $77,121.00
2026-05-01T01:54:08  INFO     [05:54:08] [CB] WATCHING | 5m [77097→77126] +0.037% | cur $77,120.87
2026-05-01T01:54:39  INFO     [05:54:38] [CB] WATCHING | 5m [77097→77126] +0.037% | cur $77,122.33
2026-05-01T01:55:09  INFO     [05:55:09] [CB] WATCHING | 5m [77097→77126] +0.037% | cur $77,128.22
2026-05-01T01:55:40  INFO     [05:55:39] [CB] WATCHING | 5m [77126→77140] +0.018% | cur $77,133.19
2026-05-01T01:56:10  INFO     [05:56:10] [CB] WATCHING | 5m [77126→77140] +0.018% | cur $77,118.08
2026-05-01T01:56:41  INFO     [05:56:40] [CB] WATCHING | 5m [77126→77140] +0.018% | cur $77,121.46
2026-05-01T01:57:11  INFO     [05:57:11] [CB] WATCHING | 5m [77126→77140] +0.018% | cur $77,121.44
2026-05-01T01:57:41  INFO     [05:57:41] [CB] WATCHING | 5m [77126→77140] +0.018% | cur $77,121.44
2026-05-01T01:58:12  INFO     [05:58:11] [CB] WATCHING | 5m [77126→77140] +0.018% | cur $77,144.00
2026-05-01T01:58:42  INFO     [05:58:42] [CB] WATCHING | 5m [77126→77140] +0.018% | cur $77,134.98
2026-05-01T01:59:13  INFO     [05:59:12] [CB] WATCHING | 5m [77126→77140] +0.018% | cur $77,115.96
2026-05-01T01:59:43  INFO     [05:59:43] [CB] WATCHING | 5m [77126→77140] +0.018% | cur $77,128.95
2026-05-01T02:00:13  INFO     [06:00:13] [CB] WATCHING | 5m [77136→77145] +0.011% | cur $77,144.81
2026-05-01T02:00:44  INFO     [06:00:43] [CB] WATCHING | 5m [77136→77145] +0.011% | cur $77,135.17
2026-05-01T02:01:14  INFO     [06:01:14] [CB] WATCHING | 5m [77136→77145] +0.011% | cur $77,128.23
2026-05-01T02:01:44  INFO     [06:01:44] [CB] WATCHING | 5m [77136→77145] +0.011% | cur $77,128.22
2026-05-01T02:02:22  INFO     [06:02:14] [CB] WATCHING | 5m [77136→77145] +0.011% | cur $77,148.48
2026-05-01T02:02:52  INFO     [06:02:52] [CB] WATCHING | 5m [77136→77145] +0.011% | cur $77,135.02
2026-05-01T02:03:23  INFO     [06:03:22] [CB] WATCHING | 5m [77136→77145] +0.011% | cur $77,132.45
2026-05-01T02:03:53  INFO     [06:03:53] [CB] WATCHING | 5m [77136→77145] +0.011% | cur $77,114.00
2026-05-01T02:04:24  INFO     [06:04:23] [CB] WATCHING | 5m [77136→77145] +0.011% | cur $77,124.33
2026-05-01T02:04:54  INFO     [06:04:54] [CB] WATCHING | 5m [77136→77145] +0.011% | cur $77,123.17
2026-05-01T02:05:24  INFO     [06:05:24] [CB] WATCHING | 5m [77145→77123] -0.028% | cur $77,118.23
2026-05-01T02:05:55  INFO     [06:05:54] [CB] WATCHING | 5m [77145→77123] -0.028% | cur $77,128.00
2026-05-01T02:06:25  INFO     [06:06:25] [CB] WATCHING | 5m [77145→77123] -0.028% | cur $77,128.21
2026-05-01T02:06:56  INFO     [06:06:55] [CB] WATCHING | 5m [77145→77123] -0.028% | cur $77,153.08
2026-05-01T02:07:26  INFO     [06:07:26] [CB] WATCHING | 5m [77145→77123] -0.028% | cur $77,132.28
2026-05-01T02:07:56  INFO     [06:07:56] [CB] WATCHING | 5m [77145→77123] -0.028% | cur $77,138.06
2026-05-01T02:08:27  INFO     [06:08:26] [CB] WATCHING | 5m [77145→77123] -0.028% | cur $77,121.46
2026-05-01T02:08:57  INFO     [06:08:57] [CB] WATCHING | 5m [77145→77123] -0.028% | cur $77,129.61
2026-05-01T02:09:27  INFO     [06:09:27] [CB] WATCHING | 5m [77145→77123] -0.028% | cur $77,118.08
2026-05-01T02:09:58  INFO     [06:09:57] [CB] WATCHING | 5m [77145→77123] -0.028% | cur $77,106.26
2026-05-01T02:10:28  INFO     [06:10:28] [CB] WATCHING | 5m [77123→77106] -0.022% | cur $77,087.66
2026-05-01T02:10:59  INFO     [06:10:58] [CB] WATCHING | 5m [77123→77106] -0.022% | cur $77,057.24
2026-05-01T02:11:29  INFO     [06:11:29] [CB] WATCHING | 5m [77123→77106] -0.022% | cur $77,067.37
2026-05-01T02:11:59  INFO     [06:11:59] [CB] WATCHING | 5m [77123→77106] -0.022% | cur $77,091.03
2026-05-01T02:12:30  INFO     [06:12:29] [CB] WATCHING | 5m [77123→77106] -0.022% | cur $77,106.25
2026-05-01T02:13:00  INFO     [06:13:00] [CB] WATCHING | 5m [77123→77106] -0.022% | cur $77,122.21
2026-05-01T02:13:31  INFO     [06:13:30] [CB] WATCHING | 5m [77123→77106] -0.022% | cur $77,104.56
2026-05-01T02:14:01  INFO     [06:14:01] [CB] WATCHING | 5m [77123→77106] -0.022% | cur $77,113.94
2026-05-01T02:14:31  INFO     [06:14:31] [CB] WATCHING | 5m [77123→77106] -0.022% | cur $77,121.46
2026-05-01T02:15:02  INFO     [06:15:01] [CB] WATCHING | 5m [77123→77106] -0.022% | cur $77,118.10
2026-05-01T02:15:32  INFO     [06:15:32] [CB] WATCHING | 5m [77106→77118] +0.016% | cur $77,121.28
2026-05-01T02:16:03  INFO     [06:16:02] [CB] WATCHING | 5m [77106→77118] +0.016% | cur $77,145.36
2026-05-01T02:16:33  INFO     [06:16:33] [CB] WATCHING | 5m [77106→77118] +0.016% | cur $77,161.33
2026-05-01T02:17:03  INFO     [06:17:03] [CB] WATCHING | 5m [77106→77118] +0.016% | cur $77,148.50
2026-05-01T02:17:34  INFO     [06:17:33] [CB] WATCHING | 5m [77106→77118] +0.016% | cur $77,145.12
2026-05-01T02:18:04  INFO     [06:18:04] [CB] WATCHING | 5m [77106→77118] +0.016% | cur $77,139.71
2026-05-01T02:18:34  INFO     [06:18:34] [CB] WATCHING | 5m [77106→77118] +0.016% | cur $77,148.98
2026-05-01T02:19:05  INFO     [06:19:04] [CB] WATCHING | 5m [77106→77118] +0.016% | cur $77,149.86
2026-05-01T02:19:35  INFO     [06:19:35] [CB] WATCHING | 5m [77106→77118] +0.016% | cur $77,135.32
2026-05-01T02:20:06  INFO     [06:20:05] [CB] WATCHING | 5m [77106→77118] +0.016% | cur $77,116.47
2026-05-01T02:20:36  INFO     [06:20:36] [CB] WATCHING | 5m [77118→77116] -0.002% | cur $77,102.92
2026-05-01T02:21:06  INFO     [06:21:06] [CB] WATCHING | 5m [77118→77116] -0.002% | cur $77,101.17
2026-05-01T02:21:37  INFO     [06:21:36] [CB] WATCHING | 5m [77118→77116] -0.002% | cur $77,087.66
2026-05-01T02:22:07  INFO     [06:22:07] [CB] WATCHING | 5m [77118→77116] -0.002% | cur $77,095.10
2026-05-01T02:22:37  INFO     [06:22:37] [CB] WATCHING | 5m [77118→77116] -0.002% | cur $77,087.67
2026-05-01T02:23:08  INFO     [06:23:07] [CB] WATCHING | 5m [77118→77116] -0.002% | cur $77,095.87
2026-05-01T02:23:38  INFO     [06:23:38] [CB] WATCHING | 5m [77118→77116] -0.002% | cur $77,108.56
2026-05-01T02:24:09  INFO     [06:24:08] [CB] WATCHING | 5m [77118→77116] -0.002% | cur $77,096.64
2026-05-01T02:24:39  INFO     [06:24:39] [CB] WATCHING | 5m [77118→77116] -0.002% | cur $77,114.31
2026-05-01T02:25:10  INFO     [06:25:09] [CB] WATCHING | 5m [77118→77116] -0.002% | cur $77,134.16
2026-05-01T02:25:40  INFO     [06:25:40] [CB] WATCHING | 5m [77116→77125] +0.011% | cur $77,142.20
2026-05-01T02:26:10  INFO     [06:26:10] [CB] WATCHING | 5m [77116→77125] +0.011% | cur $77,147.20
2026-05-01T02:26:41  INFO     [06:26:40] [CB] WATCHING | 5m [77116→77125] +0.011% | cur $77,121.87
2026-05-01T02:27:11  INFO     [06:27:11] [CB] WATCHING | 5m [77116→77125] +0.011% | cur $77,120.82
2026-05-01T02:27:42  INFO     [06:27:41] [CB] WATCHING | 5m [77116→77125] +0.011% | cur $77,119.99
2026-05-01T02:28:12  INFO     [06:28:12] [CB] WATCHING | 5m [77116→77125] +0.011% | cur $77,128.21
2026-05-01T02:28:43  INFO     [06:28:42] [CB] WATCHING | 5m [77116→77125] +0.011% | cur $77,134.91
2026-05-01T02:29:13  INFO     [06:29:13] [CB] WATCHING | 5m [77116→77125] +0.011% | cur $77,123.05
2026-05-01T02:29:43  INFO     [06:29:43] [CB] WATCHING | 5m [77116→77125] +0.011% | cur $77,123.06
2026-05-01T02:30:14  INFO     [06:30:13] [CB] WATCHING | 5m [77125→77129] +0.005% | cur $77,136.62
2026-05-01T02:30:44  INFO     [06:30:44] [CB] WATCHING | 5m [77125→77129] +0.005% | cur $77,121.53
2026-05-01T02:31:15  INFO     [06:31:14] [CB] WATCHING | 5m [77125→77129] +0.005% | cur $77,121.53
2026-05-01T02:31:45  INFO     [06:31:45] [CB] WATCHING | 5m [77125→77129] +0.005% | cur $77,122.00
2026-05-01T02:32:15  INFO     [06:32:15] [CB] WATCHING | 5m [77125→77129] +0.005% | cur $77,118.64
2026-05-01T02:32:46  INFO     [06:32:45] [CB] WATCHING | 5m [77125→77129] +0.005% | cur $77,104.56
2026-05-01T02:33:16  INFO     [06:33:16] [CB] WATCHING | 5m [77125→77129] +0.005% | cur $77,101.37
2026-05-01T02:33:47  INFO     [06:33:46] [CB] WATCHING | 5m [77125→77129] +0.005% | cur $77,114.44
2026-05-01T02:34:17  INFO     [06:34:17] [CB] WATCHING | 5m [77125→77129] +0.005% | cur $77,110.00
2026-05-01T02:34:47  INFO     [06:34:47] [CB] WATCHING | 5m [77125→77129] +0.005% | cur $77,110.84
2026-05-01T02:35:18  INFO     [06:35:17] [CB] WATCHING | 5m [77129→77149] +0.027% | cur $77,149.98
2026-05-01T02:35:48  INFO     [06:35:48] [CB] WATCHING | 5m [77129→77149] +0.027% | cur $77,141.74
2026-05-01T02:36:19  INFO     [06:36:18] [CB] WATCHING | 5m [77129→77149] +0.027% | cur $77,138.68
2026-05-01T02:36:49  INFO     [06:36:49] [CB] WATCHING | 5m [77129→77149] +0.027% | cur $77,128.22
2026-05-01T02:37:19  INFO     [06:37:19] [CB] WATCHING | 5m [77129→77149] +0.027% | cur $77,119.03
2026-05-01T02:37:50  INFO     [06:37:49] [CB] WATCHING | 5m [77129→77149] +0.027% | cur $77,104.61
2026-05-01T02:38:20  INFO     [06:38:20] [CB] WATCHING | 5m [77129→77149] +0.027% | cur $77,098.14
2026-05-01T02:38:51  INFO     [06:38:50] [CB] WATCHING | 5m [77129→77149] +0.027% | cur $77,075.01
2026-05-01T02:39:21  INFO     [06:39:21] [CB] WATCHING | 5m [77129→77149] +0.027% | cur $77,023.44
2026-05-01T02:39:51  INFO     [06:39:51] [CB] WATCHING | 5m [77129→77149] +0.027% | cur $77,024.99
2026-05-01T02:40:22  INFO     [06:40:21] [CB] WATCHING | 5m [77149→77030] -0.154% | cur $77,017.10
2026-05-01T02:40:52  INFO     [06:40:52] [CB] WATCHING | 5m [77149→77030] -0.154% | cur $77,023.29
2026-05-01T02:41:22  INFO     [06:41:22] [CB] WATCHING | 5m [77149→77030] -0.154% | cur $76,991.99
2026-05-01T02:41:53  INFO     [06:41:52] [CB] WATCHING | 5m [77149→77030] -0.154% | cur $76,992.81
2026-05-01T02:42:23  INFO     [06:42:23] [CB] WATCHING | 5m [77149→77030] -0.154% | cur $76,955.82
2026-05-01T02:42:54  INFO     [06:42:53] [CB] WATCHING | 5m [77149→77030] -0.154% | cur $76,997.00
2026-05-01T02:43:24  INFO     [06:43:24] [CB] WATCHING | 5m [77149→77030] -0.154% | cur $76,952.46
2026-05-01T02:43:54  INFO     [06:43:54] [CB] WATCHING | 5m [77149→77030] -0.154% | cur $76,952.02
2026-05-01T02:44:25  INFO     [06:44:24] [CB] WATCHING | 5m [77149→77030] -0.154% | cur $76,954.23
2026-05-01T02:44:55  INFO     [06:44:55] [CB] WATCHING | 5m [77149→77030] -0.154% | cur $77,032.34
2026-05-01T02:45:26  INFO     [06:45:25] [CB] WATCHING | 5m [77030→77046] +0.020% | cur $77,048.85
2026-05-01T02:45:56  INFO     [06:45:56] [CB] WATCHING | 5m [77030→77046] +0.020% | cur $77,044.81
2026-05-01T02:46:26  INFO     [06:46:26] [CB] WATCHING | 5m [77030→77046] +0.020% | cur $77,006.05
2026-05-01T02:46:57  INFO     [06:46:56] [CB] WATCHING | 5m [77030→77046] +0.020% | cur $76,990.00
2026-05-01T02:47:27  INFO     [06:47:27] [CB] WATCHING | 5m [77030→77046] +0.020% | cur $76,981.89
2026-05-01T02:47:58  INFO     [06:47:57] [CB] WATCHING | 5m [77030→77046] +0.020% | cur $76,978.04
2026-05-01T02:48:28  INFO     [06:48:28] [CB] WATCHING | 5m [77030→77046] +0.020% | cur $76,954.00
2026-05-01T02:48:58  INFO     [06:48:58] [CB] WATCHING | 5m [77030→77046] +0.020% | cur $76,969.22
2026-05-01T02:49:29  INFO     [06:49:28] [CB] WATCHING | 5m [77030→77046] +0.020% | cur $76,963.47
2026-05-01T02:49:59  INFO     [06:49:59] [CB] WATCHING | 5m [77030→77046] +0.020% | cur $76,948.74
2026-05-01T02:50:29  INFO     [06:50:29] [CB] WATCHING | 5m [77046→76949] -0.126% | cur $76,906.54
2026-05-01T02:51:00  INFO     [06:50:59] [CB] WATCHING | 5m [77046→76949] -0.126% | cur $76,900.02
2026-05-01T02:51:30  INFO     [06:51:30] [CB] WATCHING | 5m [77046→76949] -0.126% | cur $76,855.26
2026-05-01T02:52:01  INFO     [06:52:00] [CB] WATCHING | 5m [77046→76949] -0.126% | cur $76,896.95
2026-05-01T02:52:31  INFO     [06:52:31] [CB] WATCHING | 5m [77046→76949] -0.126% | cur $76,904.66
2026-05-01T02:53:01  INFO     [06:53:01] [CB] WATCHING | 5m [77046→76949] -0.126% | cur $76,942.79
2026-05-01T02:53:32  INFO     [06:53:31] [CB] WATCHING | 5m [77046→76949] -0.126% | cur $76,939.17
2026-05-01T02:54:02  INFO     [06:54:02] [CB] WATCHING | 5m [77046→76949] -0.126% | cur $76,954.55
2026-05-01T02:54:32  INFO     [06:54:32] [CB] WATCHING | 5m [77046→76949] -0.126% | cur $76,954.63
2026-05-01T02:55:03  INFO     [06:55:02] [CB] WATCHING | 5m [77046→76949] -0.126% | cur $76,969.88
2026-05-01T02:55:33  INFO     [06:55:33] [CB] WATCHING | 5m [76949→76973] +0.031% | cur $77,017.94
2026-05-01T02:56:04  INFO     [06:56:03] [CB] WATCHING | 5m [76949→76973] +0.031% | cur $77,028.02
2026-05-01T02:56:34  INFO     [06:56:34] [CB] WATCHING | 5m [76949→76973] +0.031% | cur $77,052.21
2026-05-01T02:57:04  INFO     [06:57:04] [CB] WATCHING | 5m [76949→76973] +0.031% | cur $77,079.06
2026-05-01T02:57:35  INFO     [06:57:34] [CB] WATCHING | 5m [76949→76973] +0.031% | cur $77,066.69
2026-05-01T02:58:05  INFO     [06:58:05] [CB] WATCHING | 5m [76949→76973] +0.031% | cur $77,045.00
2026-05-01T02:58:35  INFO     [06:58:35] [CB] WATCHING | 5m [76949→76973] +0.031% | cur $77,044.00
2026-05-01T02:59:06  INFO     [06:59:05] [CB] WATCHING | 5m [76949→76973] +0.031% | cur $77,014.61
2026-05-01T02:59:36  INFO     [06:59:36] [CB] WATCHING | 5m [76949→76973] +0.031% | cur $77,014.84
2026-05-01T03:00:07  INFO     [07:00:06] [CB] WATCHING | 5m [76949→76973] +0.031% | cur $76,965.31
2026-05-01T03:00:37  INFO     [07:00:37] [CB] WATCHING | 5m [76973→76949] -0.031% | cur $76,990.81
2026-05-01T03:01:07  INFO     [07:01:07] [CB] WATCHING | 5m [76973→76949] -0.031% | cur $76,984.20
2026-05-01T03:01:38  INFO     [07:01:37] [CB] WATCHING | 5m [76973→76949] -0.031% | cur $76,951.75
2026-05-01T03:02:08  INFO     [07:02:08] [CB] WATCHING | 5m [76973→76949] -0.031% | cur $76,975.65
2026-05-01T03:02:39  INFO     [07:02:38] [CB] WATCHING | 5m [76973→76949] -0.031% | cur $76,980.40
2026-05-01T03:03:09  INFO     [07:03:09] [CB] WATCHING | 5m [76973→76949] -0.031% | cur $76,974.54
2026-05-01T03:03:39  INFO     [07:03:39] [CB] WATCHING | 5m [76973→76949] -0.031% | cur $76,943.99
2026-05-01T03:04:10  INFO     [07:04:09] [CB] WATCHING | 5m [76973→76949] -0.031% | cur $76,942.32
2026-05-01T03:04:40  INFO     [07:04:40] [CB] WATCHING | 5m [76973→76949] -0.031% | cur $76,948.90
2026-05-01T03:05:10  INFO     [07:05:10] [CB] WATCHING | 5m [76954→76956] +0.003% | cur $76,957.59
2026-05-01T03:05:41  INFO     [07:05:40] [CB] WATCHING | 5m [76954→76956] +0.003% | cur $76,965.85
2026-05-01T03:06:11  INFO     [07:06:11] [CB] WATCHING | 5m [76954→76956] +0.003% | cur $76,965.99
2026-05-01T03:06:42  INFO     [07:06:41] [CB] WATCHING | 5m [76954→76956] +0.003% | cur $76,953.99
2026-05-01T03:07:12  INFO     [07:07:12] [CB] WATCHING | 5m [76954→76956] +0.003% | cur $76,972.30
2026-05-01T03:07:42  INFO     [07:07:42] [CB] WATCHING | 5m [76954→76956] +0.003% | cur $76,998.36
2026-05-01T03:08:13  INFO     [07:08:12] [CB] WATCHING | 5m [76954→76956] +0.003% | cur $76,999.99
2026-05-01T03:08:43  INFO     [07:08:43] [CB] WATCHING | 5m [76954→76956] +0.003% | cur $76,999.99
2026-05-01T03:09:13  INFO     [07:09:13] [CB] WATCHING | 5m [76954→76956] +0.003% | cur $76,991.79
2026-05-01T03:09:44  INFO     [07:09:43] [CB] WATCHING | 5m [76954→76956] +0.003% | cur $77,048.79
2026-05-01T03:10:14  INFO     [07:10:14] [CB] WATCHING | 5m [76958→77061] +0.135% | cur $77,041.44
2026-05-01T03:10:45  INFO     [07:10:44] [CB] WATCHING | 5m [76958→77061] +0.135% | cur $77,037.30
2026-05-01T03:11:15  INFO     [07:11:15] [CB] WATCHING | 5m [76958→77061] +0.135% | cur $77,025.05
2026-05-01T03:11:45  INFO     [07:11:45] [CB] WATCHING | 5m [76958→77061] +0.135% | cur $77,044.99
2026-05-01T03:12:16  INFO     [07:12:15] [CB] WATCHING | 5m [76958→77061] +0.135% | cur $77,037.40
2026-05-01T03:12:46  INFO     [07:12:46] [CB] WATCHING | 5m [76958→77061] +0.135% | cur $77,026.84
2026-05-01T03:13:16  INFO     [07:13:16] [CB] WATCHING | 5m [76958→77061] +0.135% | cur $77,025.20
2026-05-01T03:13:47  INFO     [07:13:46] [CB] WATCHING | 5m [76958→77061] +0.135% | cur $77,022.20
2026-05-01T03:14:17  INFO     [07:14:17] [CB] WATCHING | 5m [76958→77061] +0.135% | cur $77,003.20
2026-05-01T03:14:48  INFO     [07:14:47] [CB] WATCHING | 5m [76958→77061] +0.135% | cur $77,008.59
2026-05-01T03:15:18  INFO     [07:15:18] [CB] WATCHING | 5m [77061→77009] -0.068% | cur $77,016.21
2026-05-01T03:15:48  INFO     [07:15:48] [CB] WATCHING | 5m [77061→77009] -0.068% | cur $76,980.40
2026-05-01T03:16:19  INFO     [07:16:18] [CB] WATCHING | 5m [77061→77009] -0.068% | cur $76,995.59
2026-05-01T03:16:49  INFO     [07:16:49] [CB] WATCHING | 5m [77061→77009] -0.068% | cur $76,996.00
2026-05-01T03:17:20  INFO     [07:17:19] [CB] WATCHING | 5m [77061→77009] -0.068% | cur $77,015.76
2026-05-01T03:17:50  INFO     [07:17:50] [CB] WATCHING | 5m [77061→77009] -0.068% | cur $77,033.80
2026-05-01T03:18:20  INFO     [07:18:20] [CB] WATCHING | 5m [77061→77009] -0.068% | cur $77,028.80
2026-05-01T03:18:51  INFO     [07:18:50] [CB] WATCHING | 5m [77061→77009] -0.068% | cur $77,036.53
2026-05-01T03:19:21  INFO     [07:19:21] [CB] WATCHING | 5m [77061→77009] -0.068% | cur $77,044.72
2026-05-01T03:19:51  INFO     [07:19:51] [CB] WATCHING | 5m [77061→77009] -0.068% | cur $77,027.96
2026-05-01T03:20:22  INFO     [07:20:21] [CB] WATCHING | 5m [77009→77014] +0.007% | cur $77,041.97
2026-05-01T03:20:52  INFO     [07:20:52] [CB] WATCHING | 5m [77009→77014] +0.007% | cur $77,070.43
2026-05-01T03:21:23  INFO     [07:21:22] [CB] WATCHING | 5m [77009→77014] +0.007% | cur $77,076.80
2026-05-01T03:21:53  INFO     [07:21:53] [CB] WATCHING | 5m [77009→77014] +0.007% | cur $77,063.00
2026-05-01T03:22:23  INFO     [07:22:23] [CB] WATCHING | 5m [77009→77014] +0.007% | cur $77,043.50
2026-05-01T03:22:54  INFO     [07:22:53] [CB] WATCHING | 5m [77009→77014] +0.007% | cur $77,014.60
2026-05-01T03:23:24  INFO     [07:23:24] [CB] WATCHING | 5m [77009→77014] +0.007% | cur $77,022.20
2026-05-01T03:23:54  INFO     [07:23:54] [CB] WATCHING | 5m [77009→77014] +0.007% | cur $77,033.59
2026-05-01T03:24:25  INFO     [07:24:24] [CB] WATCHING | 5m [77009→77014] +0.007% | cur $77,028.42
2026-05-01T03:24:55  INFO     [07:24:55] [CB] WATCHING | 5m [77009→77014] +0.007% | cur $77,031.68
2026-05-01T03:25:25  INFO     [07:25:25] [CB] WATCHING | 5m [77014→77015] +0.001% | cur $76,988.00
2026-05-01T03:25:56  INFO     [07:25:55] [CB] WATCHING | 5m [77014→77015] +0.001% | cur $76,980.00
2026-05-01T03:26:26  INFO     [07:26:26] [CB] WATCHING | 5m [77014→77015] +0.001% | cur $76,977.98
2026-05-01T03:26:57  INFO     [07:26:56] [CB] WATCHING | 5m [77014→77015] +0.001% | cur $76,977.92
2026-05-01T03:27:27  INFO     [07:27:27] [CB] WATCHING | 5m [77014→77015] +0.001% | cur $76,969.00
2026-05-01T03:27:57  INFO     [07:27:57] [CB] WATCHING | 5m [77014→77015] +0.001% | cur $76,961.23
2026-05-01T03:28:28  INFO     [07:28:27] [CB] WATCHING | 5m [77014→77015] +0.001% | cur $76,977.83
2026-05-01T03:28:58  INFO     [07:28:58] [CB] WATCHING | 5m [77014→77015] +0.001% | cur $76,969.98
2026-05-01T03:29:29  INFO     [07:29:28] [CB] WATCHING | 5m [77014→77015] +0.001% | cur $76,969.99
2026-05-01T03:29:59  INFO     [07:29:59] [CB] WATCHING | 5m [77014→77015] +0.001% | cur $76,966.38
2026-05-01T03:30:30  INFO     [07:30:29] [CB] WATCHING | 5m [77015→76966] -0.063% | cur $76,969.67
2026-05-01T03:31:00  INFO     [07:31:00] [CB] WATCHING | 5m [77015→76966] -0.063% | cur $76,971.58
2026-05-01T03:31:30  INFO     [07:31:30] [CB] WATCHING | 5m [77015→76966] -0.063% | cur $76,944.00
2026-05-01T03:32:01  INFO     [07:32:00] [CB] WATCHING | 5m [77015→76966] -0.063% | cur $76,948.55
2026-05-01T03:32:31  INFO     [07:32:31] [CB] WATCHING | 5m [77015→76966] -0.063% | cur $76,989.83
2026-05-01T03:33:02  INFO     [07:33:01] [CB] WATCHING | 5m [77015→76966] -0.063% | cur $77,003.19
2026-05-01T03:33:32  INFO     [07:33:32] [CB] WATCHING | 5m [77015→76966] -0.063% | cur $76,984.20
2026-05-01T03:34:03  INFO     [07:34:02] [CB] WATCHING | 5m [77015→76966] -0.063% | cur $76,984.20
2026-05-01T03:34:33  INFO     [07:34:33] [CB] WATCHING | 5m [77015→76966] -0.063% | cur $76,981.93
2026-05-01T03:35:03  INFO     [07:35:03] [CB] WATCHING | 5m [77015→76966] -0.063% | cur $76,981.93
2026-05-01T03:35:34  INFO     [07:35:33] [CB] WATCHING | 5m [76966→76982] +0.020% | cur $76,981.93
2026-05-01T03:36:04  INFO     [07:36:04] [CB] WATCHING | 5m [76966→76982] +0.020% | cur $76,979.65
2026-05-01T03:36:34  INFO     [07:36:34] [CB] WATCHING | 5m [76966→76982] +0.020% | cur $77,007.43
2026-05-01T03:37:05  INFO     [07:37:04] [CB] WATCHING | 5m [76966→76982] +0.020% | cur $76,994.45
2026-05-01T03:37:35  INFO     [07:37:35] [CB] WATCHING | 5m [76966→76982] +0.020% | cur $76,985.02
2026-05-01T03:38:06  INFO     [07:38:05] [CB] WATCHING | 5m [76966→76982] +0.020% | cur $76,981.94
2026-05-01T03:38:36  INFO     [07:38:36] [CB] WATCHING | 5m [76966→76982] +0.020% | cur $76,979.65
2026-05-01T03:39:07  INFO     [07:39:06] [CB] WATCHING | 5m [76966→76982] +0.020% | cur $76,991.79
2026-05-01T03:39:37  INFO     [07:39:37] [CB] WATCHING | 5m [76966→76982] +0.020% | cur $76,985.79
2026-05-01T03:40:08  INFO     [07:40:07] [CB] WATCHING | 5m [76966→76982] +0.020% | cur $76,988.18
2026-05-01T03:40:38  INFO     [07:40:38] [CB] WATCHING | 5m [76982→76988] +0.008% | cur $76,981.98
2026-05-01T03:41:08  INFO     [07:41:08] [CB] WATCHING | 5m [76982→76988] +0.008% | cur $76,982.05
2026-05-01T03:41:39  INFO     [07:41:38] [CB] WATCHING | 5m [76982→76988] +0.008% | cur $77,007.98
2026-05-01T03:42:09  INFO     [07:42:09] [CB] WATCHING | 5m [76982→76988] +0.008% | cur $77,008.20
2026-05-01T03:42:40  INFO     [07:42:39] [CB] WATCHING | 5m [76982→76988] +0.008% | cur $77,025.99
2026-05-01T03:43:10  INFO     [07:43:10] [CB] WATCHING | 5m [76982→76988] +0.008% | cur $77,006.95
2026-05-01T03:43:40  INFO     [07:43:40] [CB] WATCHING | 5m [76982→76988] +0.008% | cur $77,006.95
2026-05-01T03:44:11  INFO     [07:44:10] [CB] WATCHING | 5m [76982→76988] +0.008% | cur $77,006.95
2026-05-01T03:44:41  INFO     [07:44:41] [CB] WATCHING | 5m [76982→76988] +0.008% | cur $76,977.28
2026-05-01T03:45:11  INFO     [07:45:11] [CB] WATCHING | 5m [76988→76968] -0.026% | cur $76,982.21
2026-05-01T03:45:42  INFO     [07:45:41] [CB] WATCHING | 5m [76988→76968] -0.026% | cur $76,980.40
2026-05-01T03:46:12  INFO     [07:46:12] [CB] WATCHING | 5m [76988→76968] -0.026% | cur $76,983.57
2026-05-01T03:46:43  INFO     [07:46:42] [CB] WATCHING | 5m [76988→76968] -0.026% | cur $77,002.14
2026-05-01T03:47:13  INFO     [07:47:13] [CB] WATCHING | 5m [76988→76968] -0.026% | cur $77,022.19
2026-05-01T03:47:43  INFO     [07:47:43] [CB] WATCHING | 5m [76988→76968] -0.026% | cur $77,018.75
2026-05-01T03:48:14  INFO     [07:48:13] [CB] WATCHING | 5m [76988→76968] -0.026% | cur $77,028.00
2026-05-01T03:48:44  INFO     [07:48:44] [CB] WATCHING | 5m [76988→76968] -0.026% | cur $77,022.20
2026-05-01T03:49:15  INFO     [07:49:14] [CB] WATCHING | 5m [76988→76968] -0.026% | cur $77,037.08
2026-05-01T03:49:45  INFO     [07:49:45] [CB] WATCHING | 5m [76988→76968] -0.026% | cur $77,052.74
2026-05-01T03:50:16  INFO     [07:50:15] [CB] WATCHING | 5m [76968→77079] +0.144% | cur $77,078.68
2026-05-01T03:50:46  INFO     [07:50:46] [CB] WATCHING | 5m [76968→77079] +0.144% | cur $77,087.67
2026-05-01T03:51:16  INFO     [07:51:16] [CB] WATCHING | 5m [76968→77079] +0.144% | cur $77,102.43
2026-05-01T03:51:47  INFO     [07:51:46] [CB] WATCHING | 5m [76968→77079] +0.144% | cur $77,114.42
2026-05-01T03:52:17  INFO     [07:52:17] [CB] WATCHING | 5m [76968→77079] +0.144% | cur $77,085.98
2026-05-01T03:52:48  INFO     [07:52:47] [CB] WATCHING | 5m [76968→77079] +0.144% | cur $77,101.48
2026-05-01T03:53:18  INFO     [07:53:18] [CB] WATCHING | 5m [76968→77079] +0.144% | cur $77,100.20
2026-05-01T03:53:48  INFO     [07:53:48] [CB] WATCHING | 5m [76968→77079] +0.144% | cur $77,119.27
2026-05-01T03:54:19  INFO     [07:54:18] [CB] WATCHING | 5m [76968→77079] +0.144% | cur $77,107.99
2026-05-01T03:54:49  INFO     [07:54:49] [CB] WATCHING | 5m [76968→77079] +0.144% | cur $77,111.20
2026-05-01T03:55:21  INFO     [07:55:19] [CB] WATCHING | 5m [77079→77112] +0.043% | cur $77,100.02
2026-05-01T03:55:51  INFO     [07:55:51] [CB] WATCHING | 5m [77079→77112] +0.043% | cur $77,106.43
2026-05-01T03:56:21  INFO     [07:56:21] [CB] WATCHING | 5m [77079→77112] +0.043% | cur $77,102.03
2026-05-01T03:56:52  INFO     [07:56:51] [CB] WATCHING | 5m [77079→77112] +0.043% | cur $77,102.03
2026-05-01T03:57:22  INFO     [07:57:22] [CB] WATCHING | 5m [77079→77112] +0.043% | cur $77,109.59
2026-05-01T03:57:53  INFO     [07:57:52] [CB] WATCHING | 5m [77079→77112] +0.043% | cur $77,111.40
2026-05-01T03:58:23  INFO     [07:58:23] [CB] WATCHING | 5m [77079→77112] +0.043% | cur $77,107.98
2026-05-01T03:58:53  INFO     [07:58:53] [CB] WATCHING | 5m [77079→77112] +0.043% | cur $77,100.39
2026-05-01T03:59:24  INFO     [07:59:23] [CB] WATCHING | 5m [77079→77112] +0.043% | cur $77,108.02
2026-05-01T03:59:54  INFO     [07:59:54] [CB] WATCHING | 5m [77079→77112] +0.043% | cur $77,108.02
2026-05-01T04:00:25  INFO     [08:00:24] [CB] WATCHING | 5m [77112→77108] -0.005% | cur $77,096.36
2026-05-01T04:00:56  INFO     [08:00:55] [CB] WATCHING | 5m [77112→77108] -0.005% | cur $77,076.46
2026-05-01T04:01:26  INFO     [08:01:26] [CB] WATCHING | 5m [77112→77108] -0.005% | cur $77,088.04
2026-05-01T04:01:57  INFO     [08:01:56] [CB] WATCHING | 5m [77112→77108] -0.005% | cur $77,094.66
2026-05-01T04:02:27  INFO     [08:02:27] [CB] WATCHING | 5m [77112→77108] -0.005% | cur $77,079.19
2026-05-01T04:02:57  INFO     [08:02:57] [CB] WATCHING | 5m [77112→77108] -0.005% | cur $77,059.99
2026-05-01T04:03:28  INFO     [08:03:27] [CB] WATCHING | 5m [77112→77108] -0.005% | cur $77,048.80
2026-05-01T04:03:58  INFO     [08:03:58] [CB] WATCHING | 5m [77112→77108] -0.005% | cur $77,036.67
2026-05-01T04:04:29  INFO     [08:04:28] [CB] WATCHING | 5m [77112→77108] -0.005% | cur $77,050.02
2026-05-01T04:04:59  INFO     [08:04:59] [CB] WATCHING | 5m [77112→77108] -0.005% | cur $77,056.37
2026-05-01T04:05:29  INFO     [08:05:29] [CB] WATCHING | 5m [77108→77060] -0.062% | cur $77,072.78
2026-05-01T04:06:00  INFO     [08:05:59] [CB] WATCHING | 5m [77108→77060] -0.062% | cur $77,082.97
2026-05-01T04:06:30  INFO     [08:06:30] [CB] WATCHING | 5m [77108→77060] -0.062% | cur $77,089.12
2026-05-01T04:07:01  INFO     [08:07:00] [CB] WATCHING | 5m [77108→77060] -0.062% | cur $77,089.98
2026-05-01T04:07:31  INFO     [08:07:31] [CB] WATCHING | 5m [77108→77060] -0.062% | cur $77,085.70
2026-05-01T04:08:01  INFO     [08:08:01] [CB] WATCHING | 5m [77108→77060] -0.062% | cur $77,076.97
2026-05-01T04:08:32  INFO     [08:08:31] [CB] WATCHING | 5m [77108→77060] -0.062% | cur $77,112.13
2026-05-01T04:09:02  INFO     [08:09:02] [CB] WATCHING | 5m [77108→77060] -0.062% | cur $77,121.00
2026-05-01T04:09:33  INFO     [08:09:32] [CB] WATCHING | 5m [77108→77060] -0.062% | cur $77,118.38
2026-05-01T04:10:03  INFO     [08:10:03] [CB] WATCHING | 5m [77108→77060] -0.062% | cur $77,118.11
2026-05-01T04:10:33  INFO     [08:10:33] [CB] WATCHING | 5m [77064→77118] +0.070% | cur $77,125.88
2026-05-01T04:11:04  INFO     [08:11:03] [CB] WATCHING | 5m [77064→77118] +0.070% | cur $77,132.39
2026-05-01T04:11:34  INFO     [08:11:34] [CB] WATCHING | 5m [77064→77118] +0.070% | cur $77,150.54
2026-05-01T04:12:05  INFO     [08:12:04] [CB] WATCHING | 5m [77064→77118] +0.070% | cur $77,170.39
2026-05-01T04:12:35  INFO     [08:12:35] [CB] WATCHING | 5m [77064→77118] +0.070% | cur $77,169.99
2026-05-01T04:13:05  INFO     [08:13:05] [CB] WATCHING | 5m [77064→77118] +0.070% | cur $77,160.10
2026-05-01T04:13:36  INFO     [08:13:35] [CB] WATCHING | 5m [77064→77118] +0.070% | cur $77,156.28
2026-05-01T04:14:06  INFO     [08:14:06] [CB] WATCHING | 5m [77064→77118] +0.070% | cur $77,172.09
2026-05-01T04:14:37  INFO     [08:14:36] [CB] WATCHING | 5m [77064→77118] +0.070% | cur $77,164.92
2026-05-01T04:15:07  INFO     [08:15:07] [CB] WATCHING | 5m [77064→77118] +0.070% | cur $77,228.38
2026-05-01T04:15:37  INFO     [08:15:37] [CB] WATCHING | 5m [77118→77236] +0.153% | cur $77,210.42
2026-05-01T04:16:08  INFO     [08:16:07] [CB] WATCHING | 5m [77118→77236] +0.153% | cur $77,357.66
2026-05-01T04:16:38  INFO     [08:16:38] [CB] WATCHING | 5m [77118→77236] +0.153% | cur $77,359.02
2026-05-01T04:17:08  INFO     [08:17:08] [CB] WATCHING | 5m [77118→77236] +0.153% | cur $77,336.34
2026-05-01T04:17:39  INFO     [08:17:38] [CB] WATCHING | 5m [77118→77236] +0.153% | cur $77,344.30
2026-05-01T04:18:09  INFO     [08:18:09] [CB] WATCHING | 5m [77118→77236] +0.153% | cur $77,335.73
2026-05-01T04:18:40  INFO     [08:18:39] [CB] WATCHING | 5m [77118→77236] +0.153% | cur $77,334.42
2026-05-01T04:19:10  INFO     [08:19:10] [CB] WATCHING | 5m [77118→77236] +0.153% | cur $77,328.00
2026-05-01T04:19:40  INFO     [08:19:40] [CB] WATCHING | 5m [77118→77236] +0.153% | cur $77,333.78
2026-05-01T04:20:11  INFO     [08:20:10] [CB] WATCHING | 5m [77236→77328] +0.119% | cur $77,329.97
2026-05-01T04:20:41  INFO     [08:20:41] [CB] WATCHING | 5m [77236→77328] +0.119% | cur $77,386.64
2026-05-01T04:21:11  INFO     [08:21:11] [CB] WATCHING | 5m [77236→77328] +0.119% | cur $77,346.43
2026-05-01T04:21:42  INFO     [08:21:41] [CB] WATCHING | 5m [77236→77328] +0.119% | cur $77,356.59
2026-05-01T04:22:12  INFO     [08:22:12] [CB] WATCHING | 5m [77236→77328] +0.119% | cur $77,376.49
2026-05-01T04:22:43  INFO     [08:22:42] [CB] WATCHING | 5m [77236→77328] +0.119% | cur $77,383.67
2026-05-01T04:23:13  INFO     [08:23:13] [CB] WATCHING | 5m [77236→77328] +0.119% | cur $77,409.41
2026-05-01T04:23:43  INFO     [08:23:43] [CB] WATCHING | 5m [77236→77328] +0.119% | cur $77,390.11
2026-05-01T04:24:14  INFO     [08:24:13] [CB] WATCHING | 5m [77236→77328] +0.119% | cur $77,396.00
2026-05-01T04:24:44  INFO     [08:24:44] [CB] WATCHING | 5m [77236→77328] +0.119% | cur $77,482.33
2026-05-01T04:25:15  INFO     [08:25:14] [CB] *** SIGNAL LONG *** 5m move +0.175% | vol×1.90 | cur price $77,428.80
2026-05-01T04:25:15  INFO     [08:25:14] [CB] PAPER LONG BTC-USD @ $77,428.80 | qty=0.000646 BTC ($50) | SL=$77,312.66 TP=$77,661.09 | 5m move +0.175% | vol×1.90
2026-05-01T04:25:45  INFO     [08:25:45] [CB] HOLDING LONG | entry=$77,428.80 cur=$77,432.60 | unrealized $+0.0025 | SL $77,312.66 TP $77,661.09
2026-05-01T04:26:15  INFO     [08:26:15] [CB] HOLDING LONG | entry=$77,428.80 cur=$77,435.72 | unrealized $+0.0045 | SL $77,312.66 TP $77,661.09
2026-05-01T04:26:45  INFO     [08:26:45] [CB] HOLDING LONG | entry=$77,428.80 cur=$77,437.72 | unrealized $+0.0058 | SL $77,312.66 TP $77,661.09
2026-05-01T04:27:15  INFO     [08:27:15] [CB] HOLDING LONG | entry=$77,428.80 cur=$77,451.22 | unrealized $+0.0145 | SL $77,312.66 TP $77,661.09
2026-05-01T04:27:45  INFO     [08:27:45] [CB] HOLDING LONG | entry=$77,428.80 cur=$77,438.35 | unrealized $+0.0062 | SL $77,312.66 TP $77,661.09
2026-05-01T04:28:15  INFO     [08:28:15] [CB] HOLDING LONG | entry=$77,428.80 cur=$77,427.73 | unrealized $-0.0007 | SL $77,312.66 TP $77,661.09
2026-05-01T04:28:45  INFO     [08:28:45] [CB] HOLDING LONG | entry=$77,428.80 cur=$77,453.86 | unrealized $+0.0162 | SL $77,312.66 TP $77,661.09
2026-05-01T04:29:15  INFO     [08:29:15] [CB] HOLDING LONG | entry=$77,428.80 cur=$77,434.07 | unrealized $+0.0034 | SL $77,312.66 TP $77,661.09
2026-05-01T04:29:45  INFO     [08:29:45] [CB] HOLDING LONG | entry=$77,428.80 cur=$77,422.53 | unrealized $-0.0040 | SL $77,312.66 TP $77,661.09
2026-05-01T04:30:15  INFO     [08:30:15] [CB] HOLDING LONG | entry=$77,428.80 cur=$77,436.39 | unrealized $+0.0049 | SL $77,312.66 TP $77,661.09
2026-05-01T04:30:45  INFO     [08:30:45] [CB] HOLDING LONG | entry=$77,428.80 cur=$77,429.00 | unrealized $+0.0001 | SL $77,312.66 TP $77,661.09
2026-05-01T04:31:15  INFO     [08:31:15] [CB] HOLDING LONG | entry=$77,428.80 cur=$77,410.50 | unrealized $-0.0118 | SL $77,312.66 TP $77,661.09
2026-05-01T04:31:45  INFO     [08:31:45] [CB] HOLDING LONG | entry=$77,428.80 cur=$77,415.16 | unrealized $-0.0088 | SL $77,312.66 TP $77,661.09
2026-05-01T04:32:15  INFO     [08:32:15] [CB] HOLDING LONG | entry=$77,428.80 cur=$77,427.70 | unrealized $-0.0007 | SL $77,312.66 TP $77,661.09
2026-05-01T04:32:45  INFO     [08:32:45] [CB] HOLDING LONG | entry=$77,428.80 cur=$77,434.57 | unrealized $+0.0037 | SL $77,312.66 TP $77,661.09
2026-05-01T04:33:15  INFO     [08:33:15] [CB] HOLDING LONG | entry=$77,428.80 cur=$77,427.00 | unrealized $-0.0012 | SL $77,312.66 TP $77,661.09
2026-05-01T04:33:45  INFO     [08:33:45] [CB] HOLDING LONG | entry=$77,428.80 cur=$77,427.22 | unrealized $-0.0010 | SL $77,312.66 TP $77,661.09
2026-05-01T04:34:15  INFO     [08:34:15] [CB] HOLDING LONG | entry=$77,428.80 cur=$77,429.99 | unrealized $+0.0008 | SL $77,312.66 TP $77,661.09
2026-05-01T04:34:45  INFO     [08:34:45] [CB] HOLDING LONG | entry=$77,428.80 cur=$77,409.80 | unrealized $-0.0123 | SL $77,312.66 TP $77,661.09
2026-05-01T04:35:15  INFO     [08:35:15] [CB] HOLDING LONG | entry=$77,428.80 cur=$77,393.98 | unrealized $-0.0225 | SL $77,312.66 TP $77,661.09
2026-05-01T04:35:45  INFO     [08:35:45] [CB] HOLDING LONG | entry=$77,428.80 cur=$77,393.32 | unrealized $-0.0229 | SL $77,312.66 TP $77,661.09
2026-05-01T04:36:15  INFO     [08:36:15] [CB] HOLDING LONG | entry=$77,428.80 cur=$77,364.20 | unrealized $-0.0417 | SL $77,312.66 TP $77,661.09
2026-05-01T04:36:45  INFO     [08:36:45] [CB] HOLDING LONG | entry=$77,428.80 cur=$77,366.73 | unrealized $-0.0401 | SL $77,312.66 TP $77,661.09
2026-05-01T04:37:15  INFO     [08:37:15] [CB] HOLDING LONG | entry=$77,428.80 cur=$77,375.60 | unrealized $-0.0344 | SL $77,312.66 TP $77,661.09
2026-05-01T04:37:45  INFO     [08:37:45] [CB] HOLDING LONG | entry=$77,428.80 cur=$77,374.35 | unrealized $-0.0352 | SL $77,312.66 TP $77,661.09
2026-05-01T04:38:15  INFO     [08:38:15] [CB] HOLDING LONG | entry=$77,428.80 cur=$77,409.02 | unrealized $-0.0128 | SL $77,312.66 TP $77,661.09
2026-05-01T04:38:45  INFO     [08:38:45] [CB] HOLDING LONG | entry=$77,428.80 cur=$77,394.60 | unrealized $-0.0221 | SL $77,312.66 TP $77,661.09
2026-05-01T04:39:15  INFO     [08:39:15] [CB] HOLDING LONG | entry=$77,428.80 cur=$77,395.12 | unrealized $-0.0217 | SL $77,312.66 TP $77,661.09
2026-05-01T04:39:45  INFO     [08:39:45] [CB] HOLDING LONG | entry=$77,428.80 cur=$77,405.99 | unrealized $-0.0147 | SL $77,312.66 TP $77,661.09
2026-05-01T04:40:15  INFO     [08:40:15] [CB] HOLDING LONG | entry=$77,428.80 cur=$77,394.52 | unrealized $-0.0221 | SL $77,312.66 TP $77,661.09
2026-05-01T04:40:45  INFO     [08:40:45] [CB] HOLDING LONG | entry=$77,428.80 cur=$77,413.59 | unrealized $-0.0098 | SL $77,312.66 TP $77,661.09
2026-05-01T04:41:15  INFO     [08:41:15] [CB] HOLDING LONG | entry=$77,428.80 cur=$77,402.30 | unrealized $-0.0171 | SL $77,312.66 TP $77,661.09
2026-05-01T04:41:45  INFO     [08:41:45] [CB] HOLDING LONG | entry=$77,428.80 cur=$77,398.40 | unrealized $-0.0196 | SL $77,312.66 TP $77,661.09
2026-05-01T04:42:15  INFO     [08:42:15] [CB] HOLDING LONG | entry=$77,428.80 cur=$77,405.49 | unrealized $-0.0151 | SL $77,312.66 TP $77,661.09
2026-05-01T04:42:45  INFO     [08:42:45] [CB] HOLDING LONG | entry=$77,428.80 cur=$77,368.00 | unrealized $-0.0393 | SL $77,312.66 TP $77,661.09
2026-05-01T04:43:15  INFO     [08:43:15] [CB] HOLDING LONG | entry=$77,428.80 cur=$77,357.53 | unrealized $-0.0460 | SL $77,312.66 TP $77,661.09
2026-05-01T04:43:45  INFO     [08:43:45] [CB] HOLDING LONG | entry=$77,428.80 cur=$77,352.70 | unrealized $-0.0491 | SL $77,312.66 TP $77,661.09
2026-05-01T04:44:15  INFO     [08:44:15] [CB] HOLDING LONG | entry=$77,428.80 cur=$77,346.45 | unrealized $-0.0532 | SL $77,312.66 TP $77,661.09
2026-05-01T04:44:45  INFO     [08:44:45] [CB] HOLDING LONG | entry=$77,428.80 cur=$77,346.49 | unrealized $-0.0532 | SL $77,312.66 TP $77,661.09
2026-05-01T04:45:15  INFO     [08:45:15] [CB] HOLDING LONG | entry=$77,428.80 cur=$77,355.85 | unrealized $-0.0471 | SL $77,312.66 TP $77,661.09
2026-05-01T04:45:45  INFO     [08:45:45] [CB] HOLDING LONG | entry=$77,428.80 cur=$77,349.00 | unrealized $-0.0515 | SL $77,312.66 TP $77,661.09
2026-05-01T04:46:15  INFO     [08:46:15] [CB] HOLDING LONG | entry=$77,428.80 cur=$77,348.94 | unrealized $-0.0516 | SL $77,312.66 TP $77,661.09
2026-05-01T04:46:45  INFO     [08:46:45] [CB] HOLDING LONG | entry=$77,428.80 cur=$77,347.99 | unrealized $-0.0522 | SL $77,312.66 TP $77,661.09
2026-05-01T04:47:15  INFO     [08:47:15] [CB] HOLDING LONG | entry=$77,428.80 cur=$77,355.81 | unrealized $-0.0471 | SL $77,312.66 TP $77,661.09
2026-05-01T04:47:45  INFO     [08:47:45] [CB] HOLDING LONG | entry=$77,428.80 cur=$77,355.33 | unrealized $-0.0474 | SL $77,312.66 TP $77,661.09
2026-05-01T04:48:15  INFO     [08:48:15] [CB] HOLDING LONG | entry=$77,428.80 cur=$77,355.43 | unrealized $-0.0474 | SL $77,312.66 TP $77,661.09
2026-05-01T04:48:45  INFO     [08:48:45] [CB] HOLDING LONG | entry=$77,428.80 cur=$77,352.72 | unrealized $-0.0491 | SL $77,312.66 TP $77,661.09
2026-05-01T04:49:15  INFO     [08:49:15] [CB] HOLDING LONG | entry=$77,428.80 cur=$77,349.86 | unrealized $-0.0510 | SL $77,312.66 TP $77,661.09
2026-05-01T04:49:45  INFO     [08:49:45] [CB] HOLDING LONG | entry=$77,428.80 cur=$77,346.14 | unrealized $-0.0534 | SL $77,312.66 TP $77,661.09
2026-05-01T04:50:15  INFO     [08:50:15] [CB] HOLDING LONG | entry=$77,428.80 cur=$77,365.99 | unrealized $-0.0406 | SL $77,312.66 TP $77,661.09
2026-05-01T04:50:45  INFO     [08:50:45] [CB] HOLDING LONG | entry=$77,428.80 cur=$77,353.67 | unrealized $-0.0485 | SL $77,312.66 TP $77,661.09
2026-05-01T04:51:15  INFO     [08:51:15] [CB] HOLDING LONG | entry=$77,428.80 cur=$77,350.20 | unrealized $-0.0508 | SL $77,312.66 TP $77,661.09
2026-05-01T04:51:45  INFO     [08:51:45] [CB] HOLDING LONG | entry=$77,428.80 cur=$77,352.35 | unrealized $-0.0494 | SL $77,312.66 TP $77,661.09
2026-05-01T04:52:15  INFO     [08:52:15] [CB] HOLDING LONG | entry=$77,428.80 cur=$77,353.91 | unrealized $-0.0484 | SL $77,312.66 TP $77,661.09
2026-05-01T04:52:45  INFO     [08:52:45] [CB] HOLDING LONG | entry=$77,428.80 cur=$77,349.09 | unrealized $-0.0515 | SL $77,312.66 TP $77,661.09
2026-05-01T04:53:15  INFO     [08:53:15] [CB] HOLDING LONG | entry=$77,428.80 cur=$77,349.08 | unrealized $-0.0515 | SL $77,312.66 TP $77,661.09
2026-05-01T04:53:45  INFO     [08:53:45] [CB] HOLDING LONG | entry=$77,428.80 cur=$77,349.08 | unrealized $-0.0515 | SL $77,312.66 TP $77,661.09
2026-05-01T04:54:15  INFO     [08:54:15] [CB] HOLDING LONG | entry=$77,428.80 cur=$77,349.08 | unrealized $-0.0515 | SL $77,312.66 TP $77,661.09
2026-05-01T04:54:45  INFO     [08:54:45] [CB] HOLDING LONG | entry=$77,428.80 cur=$77,349.09 | unrealized $-0.0515 | SL $77,312.66 TP $77,661.09
2026-05-01T04:55:15  INFO     [08:55:15] [CB] HOLDING LONG | entry=$77,428.80 cur=$77,351.97 | unrealized $-0.0496 | SL $77,312.66 TP $77,661.09
2026-05-01T04:55:45  INFO     [08:55:45] [CB] HOLDING LONG | entry=$77,428.80 cur=$77,351.26 | unrealized $-0.0501 | SL $77,312.66 TP $77,661.09
2026-05-01T04:56:15  INFO     [08:56:15] [CB] HOLDING LONG | entry=$77,428.80 cur=$77,348.16 | unrealized $-0.0521 | SL $77,312.66 TP $77,661.09
2026-05-01T04:56:45  INFO     [08:56:45] [CB] HOLDING LONG | entry=$77,428.80 cur=$77,358.25 | unrealized $-0.0456 | SL $77,312.66 TP $77,661.09
2026-05-01T04:57:15  INFO     [08:57:15] [CB] HOLDING LONG | entry=$77,428.80 cur=$77,346.71 | unrealized $-0.0530 | SL $77,312.66 TP $77,661.09
2026-05-01T04:57:45  INFO     [08:57:45] [CB] HOLDING LONG | entry=$77,428.80 cur=$77,350.61 | unrealized $-0.0505 | SL $77,312.66 TP $77,661.09
2026-05-01T04:58:15  INFO     [08:58:15] [CB] HOLDING LONG | entry=$77,428.80 cur=$77,356.79 | unrealized $-0.0465 | SL $77,312.66 TP $77,661.09
2026-05-01T04:58:45  INFO     [08:58:45] [CB] HOLDING LONG | entry=$77,428.80 cur=$77,371.19 | unrealized $-0.0372 | SL $77,312.66 TP $77,661.09
2026-05-01T04:59:15  INFO     [08:59:15] [CB] HOLDING LONG | entry=$77,428.80 cur=$77,355.99 | unrealized $-0.0470 | SL $77,312.66 TP $77,661.09
2026-05-01T04:59:45  INFO     [08:59:45] [CB] HOLDING LONG | entry=$77,428.80 cur=$77,358.39 | unrealized $-0.0455 | SL $77,312.66 TP $77,661.09
2026-05-01T05:00:15  INFO     [09:00:15] [CB] HOLDING LONG | entry=$77,428.80 cur=$77,374.55 | unrealized $-0.0350 | SL $77,312.66 TP $77,661.09
2026-05-01T05:00:45  INFO     [09:00:45] [CB] HOLDING LONG | entry=$77,428.80 cur=$77,367.90 | unrealized $-0.0393 | SL $77,312.66 TP $77,661.09
2026-05-01T05:01:15  INFO     [09:01:15] [CB] HOLDING LONG | entry=$77,428.80 cur=$77,373.80 | unrealized $-0.0355 | SL $77,312.66 TP $77,661.09
2026-05-01T05:01:45  INFO     [09:01:45] [CB] HOLDING LONG | entry=$77,428.80 cur=$77,371.22 | unrealized $-0.0372 | SL $77,312.66 TP $77,661.09
2026-05-01T05:02:15  INFO     [09:02:15] [CB] HOLDING LONG | entry=$77,428.80 cur=$77,341.50 | unrealized $-0.0564 | SL $77,312.66 TP $77,661.09
2026-05-01T05:02:45  INFO     [09:02:45] [CB] HOLDING LONG | entry=$77,428.80 cur=$77,338.51 | unrealized $-0.0583 | SL $77,312.66 TP $77,661.09
2026-05-01T05:03:15  INFO     [09:03:15] [CB] HOLDING LONG | entry=$77,428.80 cur=$77,309.53 | unrealized $-0.0770 | SL $77,312.66 TP $77,661.09
2026-05-01T05:03:15  INFO     [09:03:15] [CB] CLOSE LONG @ $77,309.53 | P&L $-0.0770 (-0.154%) | STOP_LOSS | day: $-0.27
2026-05-01T05:03:45  INFO     [09:03:45] [CB] MAX TRADES/DAY reached (3/3) — watching only
2026-05-01T05:04:15  INFO     [09:04:15] [CB] MAX TRADES/DAY reached (3/3) — watching only
2026-05-01T05:04:45  INFO     [09:04:45] [CB] MAX TRADES/DAY reached (3/3) — watching only
2026-05-01T05:05:15  INFO     [09:05:15] [CB] MAX TRADES/DAY reached (3/3) — watching only
2026-05-01T05:05:45  INFO     [09:05:45] [CB] MAX TRADES/DAY reached (3/3) — watching only
2026-05-01T05:06:15  INFO     [09:06:15] [CB] MAX TRADES/DAY reached (3/3) — watching only
2026-05-01T05:06:45  INFO     [09:06:45] [CB] MAX TRADES/DAY reached (3/3) — watching only
2026-05-01T05:07:15  INFO     [09:07:15] [CB] MAX TRADES/DAY reached (3/3) — watching only
2026-05-01T05:07:45  INFO     [09:07:45] [CB] MAX TRADES/DAY reached (3/3) — watching only
2026-05-01T05:08:15  INFO     [09:08:15] [CB] MAX TRADES/DAY reached (3/3) — watching only
2026-05-01T05:08:45  INFO     [09:08:45] [CB] MAX TRADES/DAY reached (3/3) — watching only
2026-05-01T05:09:15  INFO     [09:09:15] [CB] MAX TRADES/DAY reached (3/3) — watching only
2026-05-01T05:09:45  INFO     [09:09:45] [CB] MAX TRADES/DAY reached (3/3) — watching only
2026-05-01T05:10:15  INFO     [09:10:15] [CB] MAX TRADES/DAY reached (3/3) — watching only
2026-05-01T05:10:45  INFO     [09:10:45] [CB] MAX TRADES/DAY reached (3/3) — watching only
2026-05-01T05:11:15  INFO     [09:11:15] [CB] MAX TRADES/DAY reached (3/3) — watching only
2026-05-01T05:11:45  INFO     [09:11:45] [CB] MAX TRADES/DAY reached (3/3) — watching only
2026-05-01T05:12:15  INFO     [09:12:15] [CB] MAX TRADES/DAY reached (3/3) — watching only
2026-05-01T05:12:45  INFO     [09:12:45] [CB] MAX TRADES/DAY reached (3/3) — watching only
2026-05-01T05:13:15  INFO     [09:13:15] [CB] MAX TRADES/DAY reached (3/3) — watching only
2026-05-01T05:13:45  INFO     [09:13:45] [CB] MAX TRADES/DAY reached (3/3) — watching only
2026-05-01T05:14:15  INFO     [09:14:15] [CB] MAX TRADES/DAY reached (3/3) — watching only
2026-05-01T05:14:45  INFO     [09:14:45] [CB] MAX TRADES/DAY reached (3/3) — watching only
2026-05-01T05:15:15  INFO     [09:15:15] [CB] MAX TRADES/DAY reached (3/3) — watching only
2026-05-01T05:15:45  INFO     [09:15:45] [CB] MAX TRADES/DAY reached (3/3) — watching only
2026-05-01T05:16:15  INFO     [09:16:15] [CB] MAX TRADES/DAY reached (3/3) — watching only
2026-05-01T05:16:45  INFO     [09:16:45] [CB] MAX TRADES/DAY reached (3/3) — watching only
2026-05-01T05:17:15  INFO     [09:17:15] [CB] MAX TRADES/DAY reached (3/3) — watching only
2026-05-01T05:17:45  INFO     [09:17:45] [CB] MAX TRADES/DAY reached (3/3) — watching only
2026-05-01T05:18:15  INFO     [09:18:15] [CB] MAX TRADES/DAY reached (3/3) — watching only
2026-05-01T05:18:45  INFO     [09:18:45] [CB] MAX TRADES/DAY reached (3/3) — watching only
2026-05-01T05:19:15  INFO     [09:19:15] [CB] MAX TRADES/DAY reached (3/3) — watching only
2026-05-01T05:19:45  INFO     [09:19:45] [CB] MAX TRADES/DAY reached (3/3) — watching only
2026-05-01T05:20:15  INFO     [09:20:15] [CB] MAX TRADES/DAY reached (3/3) — watching only
2026-05-01T05:20:45  INFO     [09:20:45] [CB] MAX TRADES/DAY reached (3/3) — watching only
2026-05-01T05:21:15  INFO     [09:21:15] [CB] MAX TRADES/DAY reached (3/3) — watching only
2026-05-01T05:21:45  INFO     [09:21:45] [CB] MAX TRADES/DAY reached (3/3) — watching only
2026-05-01T05:22:15  INFO     [09:22:15] [CB] MAX TRADES/DAY reached (3/3) — watching only
2026-05-01T05:22:45  INFO     [09:22:45] [CB] MAX TRADES/DAY reached (3/3) — watching only
2026-05-01T05:23:15  INFO     [09:23:15] [CB] MAX TRADES/DAY reached (3/3) — watching only
2026-05-01T05:23:45  INFO     [09:23:45] [CB] MAX TRADES/DAY reached (3/3) — watching only
2026-05-01T05:24:15  INFO     [09:24:15] [CB] MAX TRADES/DAY reached (3/3) — watching only
2026-05-01T05:24:45  INFO     [09:24:45] [CB] MAX TRADES/DAY reached (3/3) — watching only
2026-05-01T05:25:15  INFO     [09:25:15] [CB] MAX TRADES/DAY reached (3/3) — watching only
2026-05-01T05:25:45  INFO     [09:25:45] [CB] MAX TRADES/DAY reached (3/3) — watching only
2026-05-01T05:26:15  INFO     [09:26:15] [CB] MAX TRADES/DAY reached (3/3) — watching only
2026-05-01T05:26:45  INFO     [09:26:45] [CB] MAX TRADES/DAY reached (3/3) — watching only
2026-05-01T05:27:15  INFO     [09:27:15] [CB] MAX TRADES/DAY reached (3/3) — watching only
2026-05-01T05:27:45  INFO     [09:27:45] [CB] MAX TRADES/DAY reached (3/3) — watching only
2026-05-01T05:28:15  INFO     [09:28:15] [CB] MAX TRADES/DAY reached (3/3) — watching only
2026-05-01T05:28:45  INFO     [09:28:45] [CB] MAX TRADES/DAY reached (3/3) — watching only
2026-05-01T05:29:15  INFO     [09:29:15] [CB] MAX TRADES/DAY reached (3/3) — watching only
2026-05-01T05:29:45  INFO     [09:29:45] [CB] MAX TRADES/DAY reached (3/3) — watching only
2026-05-01T05:30:15  INFO     [09:30:15] [CB] MAX TRADES/DAY reached (3/3) — watching only
2026-05-01T05:30:45  INFO     [09:30:45] [CB] MAX TRADES/DAY reached (3/3) — watching only
2026-05-01T05:31:15  INFO     [09:31:15] [CB] MAX TRADES/DAY reached (3/3) — watching only
2026-05-01T05:31:45  INFO     [09:31:45] [CB] MAX TRADES/DAY reached (3/3) — watching only
2026-05-01T05:32:15  INFO     [09:32:15] [CB] MAX TRADES/DAY reached (3/3) — watching only
2026-05-01T05:32:45  INFO     [09:32:45] [CB] MAX TRADES/DAY reached (3/3) — watching only
2026-05-01T05:33:15  INFO     [09:33:15] [CB] MAX TRADES/DAY reached (3/3) — watching only
2026-05-01T05:33:45  INFO     [09:33:45] [CB] MAX TRADES/DAY reached (3/3) — watching only
2026-05-01T05:34:15  INFO     [09:34:15] [CB] MAX TRADES/DAY reached (3/3) — watching only
2026-05-01T05:34:45  INFO     [09:34:45] [CB] MAX TRADES/DAY reached (3/3) — watching only
2026-05-01T05:35:15  INFO     [09:35:15] [CB] MAX TRADES/DAY reached (3/3) — watching only
2026-05-01T05:35:45  INFO     [09:35:45] [CB] MAX TRADES/DAY reached (3/3) — watching only
2026-05-01T05:36:15  INFO     [09:36:15] [CB] MAX TRADES/DAY reached (3/3) — watching only
2026-05-01T05:36:45  INFO     [09:36:45] [CB] MAX TRADES/DAY reached (3/3) — watching only
2026-05-01T05:37:15  INFO     [09:37:15] [CB] MAX TRADES/DAY reached (3/3) — watching only
2026-05-01T05:37:45  INFO     [09:37:45] [CB] MAX TRADES/DAY reached (3/3) — watching only
2026-05-01T05:38:15  INFO     [09:38:15] [CB] MAX TRADES/DAY reached (3/3) — watching only
2026-05-01T05:38:45  INFO     [09:38:45] [CB] MAX TRADES/DAY reached (3/3) — watching only
2026-05-01T05:39:15  INFO     [09:39:15] [CB] MAX TRADES/DAY reached (3/3) — watching only
2026-05-01T05:39:45  INFO     [09:39:45] [CB] MAX TRADES/DAY reached (3/3) — watching only
2026-05-01T05:40:15  INFO     [09:40:15] [CB] MAX TRADES/DAY reached (3/3) — watching only
2026-05-01T05:40:45  INFO     [09:40:45] [CB] MAX TRADES/DAY reached (3/3) — watching only
2026-05-01T05:41:15  INFO     [09:41:15] [CB] MAX TRADES/DAY reached (3/3) — watching only
2026-05-01T05:41:45  INFO     [09:41:45] [CB] MAX TRADES/DAY reached (3/3) — watching only
2026-05-01T05:42:15  INFO     [09:42:15] [CB] MAX TRADES/DAY reached (3/3) — watching only
2026-05-01T05:42:45  INFO     [09:42:45] [CB] MAX TRADES/DAY reached (3/3) — watching only
2026-05-01T05:43:15  INFO     [09:43:15] [CB] MAX TRADES/DAY reached (3/3) — watching only
2026-05-01T05:43:45  INFO     [09:43:45] [CB] MAX TRADES/DAY reached (3/3) — watching only
2026-05-01T05:44:15  INFO     [09:44:15] [CB] MAX TRADES/DAY reached (3/3) — watching only
2026-05-01T05:44:45  INFO     [09:44:45] [CB] MAX TRADES/DAY reached (3/3) — watching only
2026-05-01T05:45:15  INFO     [09:45:15] [CB] MAX TRADES/DAY reached (3/3) — watching only
2026-05-01T05:45:45  INFO     [09:45:45] [CB] MAX TRADES/DAY reached (3/3) — watching only
2026-05-01T05:46:15  INFO     [09:46:15] [CB] MAX TRADES/DAY reached (3/3) — watching only
2026-05-01T05:46:45  INFO     [09:46:45] [CB] MAX TRADES/DAY reached (3/3) — watching only
2026-05-01T05:47:15  INFO     [09:47:15] [CB] MAX TRADES/DAY reached (3/3) — watching only
2026-05-01T05:47:45  INFO     [09:47:45] [CB] MAX TRADES/DAY reached (3/3) — watching only
2026-05-01T05:48:15  INFO     [09:48:15] [CB] MAX TRADES/DAY reached (3/3) — watching only
2026-05-01T05:48:45  INFO     [09:48:45] [CB] MAX TRADES/DAY reached (3/3) — watching only
2026-05-01T05:49:15  INFO     [09:49:15] [CB] MAX TRADES/DAY reached (3/3) — watching only
2026-05-01T05:49:45  INFO     [09:49:45] [CB] MAX TRADES/DAY reached (3/3) — watching only
2026-05-01T05:50:15  INFO     [09:50:15] [CB] MAX TRADES/DAY reached (3/3) — watching only
2026-05-01T05:50:45  INFO     [09:50:45] [CB] MAX TRADES/DAY reached (3/3) — watching only
2026-05-01T05:51:15  INFO     [09:51:15] [CB] MAX TRADES/DAY reached (3/3) — watching only
2026-05-01T05:51:45  INFO     [09:51:45] [CB] MAX TRADES/DAY reached (3/3) — watching only
2026-05-01T05:52:15  INFO     [09:52:15] [CB] MAX TRADES/DAY reached (3/3) — watching only
2026-05-01T05:52:45  INFO     [09:52:45] [CB] MAX TRADES/DAY reached (3/3) — watching only
2026-05-01T05:53:15  INFO     [09:53:15] [CB] MAX TRADES/DAY reached (3/3) — watching only
2026-05-01T05:53:45  INFO     [09:53:45] [CB] MAX TRADES/DAY reached (3/3) — watching only
2026-05-01T05:54:15  INFO     [09:54:15] [CB] MAX TRADES/DAY reached (3/3) — watching only
2026-05-01T05:54:45  INFO     [09:54:45] [CB] MAX TRADES/DAY reached (3/3) — watching only
2026-05-01T05:55:15  INFO     [09:55:15] [CB] MAX TRADES/DAY reached (3/3) — watching only
2026-05-01T05:55:45  INFO     [09:55:45] [CB] MAX TRADES/DAY reached (3/3) — watching only
2026-05-01T05:56:15  INFO     [09:56:15] [CB] MAX TRADES/DAY reached (3/3) — watching only
2026-05-01T05:56:45  INFO     [09:56:45] [CB] MAX TRADES/DAY reached (3/3) — watching only
2026-05-01T05:57:15  INFO     [09:57:15] [CB] MAX TRADES/DAY reached (3/3) — watching only
2026-05-01T05:57:45  INFO     [09:57:45] [CB] MAX TRADES/DAY reached (3/3) — watching only
2026-05-01T05:58:15  INFO     [09:58:15] [CB] MAX TRADES/DAY reached (3/3) — watching only
2026-05-01T05:58:45  INFO     [09:58:45] [CB] MAX TRADES/DAY reached (3/3) — watching only
2026-05-01T05:59:15  INFO     [09:59:15] [CB] MAX TRADES/DAY reached (3/3) — watching only
2026-05-01T05:59:45  INFO     [09:59:45] [CB] MAX TRADES/DAY reached (3/3) — watching only
2026-05-01T06:00:15  INFO     [10:00:15] [CB] MAX TRADES/DAY reached (3/3) — watching only
2026-05-01T06:00:45  INFO     [10:00:45] [CB] MAX TRADES/DAY reached (3/3) — watching only
2026-05-01T06:01:15  INFO     [10:01:15] [CB] MAX TRADES/DAY reached (3/3) — watching only
2026-05-01T06:01:45  INFO     [10:01:45] [CB] MAX TRADES/DAY reached (3/3) — watching only
2026-05-01T06:02:15  INFO     [10:02:15] [CB] MAX TRADES/DAY reached (3/3) — watching only
2026-05-01T06:02:45  INFO     [10:02:45] [CB] MAX TRADES/DAY reached (3/3) — watching only
2026-05-01T06:03:15  INFO     [10:03:15] [CB] MAX TRADES/DAY reached (3/3) — watching only
2026-05-01T06:03:45  INFO     [10:03:45] [CB] MAX TRADES/DAY reached (3/3) — watching only
2026-05-01T06:04:15  INFO     [10:04:15] [CB] MAX TRADES/DAY reached (3/3) — watching only
2026-05-01T06:04:45  INFO     [10:04:45] [CB] MAX TRADES/DAY reached (3/3) — watching only
2026-05-01T06:05:15  INFO     [10:05:15] [CB] MAX TRADES/DAY reached (3/3) — watching only
2026-05-01T06:05:45  INFO     [10:05:45] [CB] MAX TRADES/DAY reached (3/3) — watching only
2026-05-01T06:06:15  INFO     [10:06:15] [CB] MAX TRADES/DAY reached (3/3) — watching only
2026-05-01T06:06:45  INFO     [10:06:45] [CB] MAX TRADES/DAY reached (3/3) — watching only
2026-05-01T06:07:15  INFO     [10:07:15] [CB] MAX TRADES/DAY reached (3/3) — watching only
2026-05-01T06:07:45  INFO     [10:07:45] [CB] MAX TRADES/DAY reached (3/3) — watching only
2026-05-01T06:08:15  INFO     [10:08:15] [CB] MAX TRADES/DAY reached (3/3) — watching only
2026-05-01T06:08:45  INFO     [10:08:45] [CB] MAX TRADES/DAY reached (3/3) — watching only
2026-05-01T06:09:15  INFO     [10:09:15] [CB] MAX TRADES/DAY reached (3/3) — watching only
2026-05-01T06:09:45  INFO     [10:09:45] [CB] MAX TRADES/DAY reached (3/3) — watching only
2026-05-01T06:10:15  INFO     [10:10:15] [CB] MAX TRADES/DAY reached (3/3) — watching only
2026-05-01T06:10:45  INFO     [10:10:45] [CB] MAX TRADES/DAY reached (3/3) — watching only
2026-05-01T06:11:15  INFO     [10:11:15] [CB] MAX TRADES/DAY reached (3/3) — watching only
2026-05-01T06:11:45  INFO     [10:11:45] [CB] MAX TRADES/DAY reached (3/3) — watching only
2026-05-01T06:12:15  INFO     [10:12:15] [CB] MAX TRADES/DAY reached (3/3) — watching only
2026-05-01T06:12:45  INFO     [10:12:45] [CB] MAX TRADES/DAY reached (3/3) — watching only
2026-05-01T06:13:15  INFO     [10:13:15] [CB] MAX TRADES/DAY reached (3/3) — watching only
2026-05-01T06:13:45  INFO     [10:13:45] [CB] MAX TRADES/DAY reached (3/3) — watching only
2026-05-01T06:14:15  INFO     [10:14:15] [CB] MAX TRADES/DAY reached (3/3) — watching only
2026-05-01T06:14:45  INFO     [10:14:45] [CB] MAX TRADES/DAY reached (3/3) — watching only
2026-05-01T06:15:15  INFO     [10:15:15] [CB] MAX TRADES/DAY reached (3/3) — watching only
2026-05-01T06:15:45  INFO     [10:15:45] [CB] MAX TRADES/DAY reached (3/3) — watching only
2026-05-01T06:16:15  INFO     [10:16:15] [CB] MAX TRADES/DAY reached (3/3) — watching only
2026-05-01T06:16:45  INFO     [10:16:45] [CB] MAX TRADES/DAY reached (3/3) — watching only
2026-05-01T06:17:15  INFO     [10:17:15] [CB] MAX TRADES/DAY reached (3/3) — watching only
2026-05-01T06:17:45  INFO     [10:17:45] [CB] MAX TRADES/DAY reached (3/3) — watching only
2026-05-01T06:18:15  INFO     [10:18:15] [CB] MAX TRADES/DAY reached (3/3) — watching only
2026-05-01T06:18:45  INFO     [10:18:45] [CB] MAX TRADES/DAY reached (3/3) — watching only
2026-05-01T06:19:15  INFO     [10:19:15] [CB] MAX TRADES/DAY reached (3/3) — watching only
2026-05-01T06:19:45  INFO     [10:19:45] [CB] MAX TRADES/DAY reached (3/3) — watching only
2026-05-01T06:20:15  INFO     [10:20:15] [CB] MAX TRADES/DAY reached (3/3) — watching only
2026-05-01T06:20:45  INFO     [10:20:45] [CB] MAX TRADES/DAY reached (3/3) — watching only
2026-05-01T06:21:15  INFO     [10:21:15] [CB] MAX TRADES/DAY reached (3/3) — watching only
2026-05-01T06:21:45  INFO     [10:21:45] [CB] MAX TRADES/DAY reached (3/3) — watching only
2026-05-01T06:22:15  INFO     [10:22:15] [CB] MAX TRADES/DAY reached (3/3) — watching only
2026-05-01T06:22:45  INFO     [10:22:45] [CB] MAX TRADES/DAY reached (3/3) — watching only
2026-05-01T06:23:15  INFO     [10:23:15] [CB] MAX TRADES/DAY reached (3/3) — watching only
2026-05-01T06:23:45  INFO     [10:23:45] [CB] MAX TRADES/DAY reached (3/3) — watching only
2026-05-01T06:24:15  INFO     [10:24:15] [CB] MAX TRADES/DAY reached (3/3) — watching only
2026-05-01T06:24:45  INFO     [10:24:45] [CB] MAX TRADES/DAY reached (3/3) — watching only
2026-05-01T06:25:15  INFO     [10:25:15] [CB] MAX TRADES/DAY reached (3/3) — watching only
2026-05-01T06:25:45  INFO     [10:25:45] [CB] MAX TRADES/DAY reached (3/3) — watching only
2026-05-01T06:26:15  INFO     [10:26:15] [CB] MAX TRADES/DAY reached (3/3) — watching only
2026-05-01T06:26:45  INFO     [10:26:45] [CB] MAX TRADES/DAY reached (3/3) — watching only
2026-05-01T06:27:15  INFO     [10:27:15] [CB] MAX TRADES/DAY reached (3/3) — watching only
2026-05-01T06:27:45  INFO     [10:27:45] [CB] MAX TRADES/DAY reached (3/3) — watching only
2026-05-01T06:28:15  INFO     [10:28:15] [CB] MAX TRADES/DAY reached (3/3) — watching only
2026-05-01T06:28:45  INFO     [10:28:45] [CB] MAX TRADES/DAY reached (3/3) — watching only
2026-05-01T06:29:15  INFO     [10:29:15] [CB] MAX TRADES/DAY reached (3/3) — watching only
2026-05-01T06:29:45  INFO     [10:29:45] [CB] MAX TRADES/DAY reached (3/3) — watching only
2026-05-01T06:30:15  INFO     [10:30:15] [CB] MAX TRADES/DAY reached (3/3) — watching only
2026-05-01T06:30:45  INFO     [10:30:45] [CB] MAX TRADES/DAY reached (3/3) — watching only
2026-05-01T06:31:15  INFO     [10:31:15] [CB] MAX TRADES/DAY reached (3/3) — watching only
2026-05-01T06:31:45  INFO     [10:31:45] [CB] MAX TRADES/DAY reached (3/3) — watching only
2026-05-01T06:32:15  INFO     [10:32:15] [CB] MAX TRADES/DAY reached (3/3) — watching only
2026-05-01T06:32:45  INFO     [10:32:45] [CB] MAX TRADES/DAY reached (3/3) — watching only
2026-05-01T06:33:15  INFO     [10:33:15] [CB] MAX TRADES/DAY reached (3/3) — watching only
2026-05-01T06:33:45  INFO     [10:33:45] [CB] MAX TRADES/DAY reached (3/3) — watching only
2026-05-01T06:34:15  INFO     [10:34:15] [CB] MAX TRADES/DAY reached (3/3) — watching only
2026-05-01T06:34:45  INFO     [10:34:45] [CB] MAX TRADES/DAY reached (3/3) — watching only
2026-05-01T06:35:15  INFO     [10:35:15] [CB] MAX TRADES/DAY reached (3/3) — watching only
2026-05-01T06:35:45  INFO     [10:35:45] [CB] MAX TRADES/DAY reached (3/3) — watching only
2026-05-01T06:36:15  INFO     [10:36:15] [CB] MAX TRADES/DAY reached (3/3) — watching only
2026-05-01T06:36:45  INFO     [10:36:45] [CB] MAX TRADES/DAY reached (3/3) — watching only
2026-05-01T06:37:15  INFO     [10:37:15] [CB] MAX TRADES/DAY reached (3/3) — watching only
2026-05-01T06:37:45  INFO     [10:37:45] [CB] MAX TRADES/DAY reached (3/3) — watching only
2026-05-01T06:38:15  INFO     [10:38:15] [CB] MAX TRADES/DAY reached (3/3) — watching only
2026-05-01T06:38:45  INFO     [10:38:45] [CB] MAX TRADES/DAY reached (3/3) — watching only
2026-05-01T06:39:15  INFO     [10:39:15] [CB] MAX TRADES/DAY reached (3/3) — watching only
2026-05-01T06:39:45  INFO     [10:39:45] [CB] MAX TRADES/DAY reached (3/3) — watching only
2026-05-01T06:40:15  INFO     [10:40:15] [CB] MAX TRADES/DAY reached (3/3) — watching only
2026-05-01T06:40:45  INFO     [10:40:45] [CB] MAX TRADES/DAY reached (3/3) — watching only
2026-05-01T06:41:15  INFO     [10:41:15] [CB] MAX TRADES/DAY reached (3/3) — watching only
2026-05-01T06:41:45  INFO     [10:41:45] [CB] MAX TRADES/DAY reached (3/3) — watching only
2026-05-01T06:42:15  INFO     [10:42:15] [CB] MAX TRADES/DAY reached (3/3) — watching only
2026-05-01T06:42:45  INFO     [10:42:45] [CB] MAX TRADES/DAY reached (3/3) — watching only
2026-05-01T06:43:15  INFO     [10:43:15] [CB] MAX TRADES/DAY reached (3/3) — watching only
2026-05-01T06:43:45  INFO     [10:43:45] [CB] MAX TRADES/DAY reached (3/3) — watching only
2026-05-01T06:44:15  INFO     [10:44:15] [CB] MAX TRADES/DAY reached (3/3) — watching only
2026-05-01T06:44:45  INFO     [10:44:45] [CB] MAX TRADES/DAY reached (3/3) — watching only
2026-05-01T06:45:15  INFO     [10:45:15] [CB] MAX TRADES/DAY reached (3/3) — watching only
2026-05-01T06:45:45  INFO     [10:45:45] [CB] MAX TRADES/DAY reached (3/3) — watching only
2026-05-01T06:46:15  INFO     [10:46:15] [CB] MAX TRADES/DAY reached (3/3) — watching only
2026-05-01T06:46:45  INFO     [10:46:45] [CB] MAX TRADES/DAY reached (3/3) — watching only
2026-05-01T06:47:15  INFO     [10:47:15] [CB] MAX TRADES/DAY reached (3/3) — watching only
2026-05-01T06:47:45  INFO     [10:47:45] [CB] MAX TRADES/DAY reached (3/3) — watching only
2026-05-01T06:48:15  INFO     [10:48:15] [CB] MAX TRADES/DAY reached (3/3) — watching only
2026-05-01T06:48:45  INFO     [10:48:45] [CB] MAX TRADES/DAY reached (3/3) — watching only
2026-05-01T06:49:15  INFO     [10:49:15] [CB] MAX TRADES/DAY reached (3/3) — watching only
2026-05-01T06:49:45  INFO     [10:49:45] [CB] MAX TRADES/DAY reached (3/3) — watching only
2026-05-01T06:50:15  INFO     [10:50:15] [CB] MAX TRADES/DAY reached (3/3) — watching only
2026-05-01T06:50:45  INFO     [10:50:45] [CB] MAX TRADES/DAY reached (3/3) — watching only
2026-05-01T06:51:15  INFO     [10:51:15] [CB] MAX TRADES/DAY reached (3/3) — watching only
2026-05-01T06:51:45  INFO     [10:51:45] [CB] MAX TRADES/DAY reached (3/3) — watching only
2026-05-01T06:52:15  INFO     [10:52:15] [CB] MAX TRADES/DAY reached (3/3) — watching only
2026-05-01T06:52:45  INFO     [10:52:45] [CB] MAX TRADES/DAY reached (3/3) — watching only
2026-05-01T06:53:15  INFO     [10:53:15] [CB] MAX TRADES/DAY reached (3/3) — watching only
2026-05-01T06:53:45  INFO     [10:53:45] [CB] MAX TRADES/DAY reached (3/3) — watching only
2026-05-01T06:54:15  INFO     [10:54:15] [CB] MAX TRADES/DAY reached (3/3) — watching only
2026-05-01T06:54:45  INFO     [10:54:45] [CB] MAX TRADES/DAY reached (3/3) — watching only
2026-05-01T06:55:15  INFO     [10:55:15] [CB] MAX TRADES/DAY reached (3/3) — watching only
2026-05-01T06:55:45  INFO     [10:55:45] [CB] MAX TRADES/DAY reached (3/3) — watching only
2026-05-01T06:56:15  INFO     [10:56:15] [CB] MAX TRADES/DAY reached (3/3) — watching only
2026-05-01T06:56:46  INFO     [10:56:46] [CB] MAX TRADES/DAY reached (3/3) — watching only
2026-05-01T06:57:16  INFO     [10:57:16] [CB] MAX TRADES/DAY reached (3/3) — watching only
2026-05-01T06:57:46  INFO     [10:57:46] [CB] MAX TRADES/DAY reached (3/3) — watching only
2026-05-01T06:58:16  INFO     [10:58:16] [CB] MAX TRADES/DAY reached (3/3) — watching only
2026-05-01T06:58:45  INFO     [10:58:45] [CB] MAX TRADES/DAY reached (3/3) — watching only
2026-05-01T06:59:16  INFO     [10:59:16] [CB] MAX TRADES/DAY reached (3/3) — watching only
2026-05-01T06:59:46  INFO     [10:59:46] [CB] MAX TRADES/DAY reached (3/3) — watching only
2026-05-01T07:00:16  INFO     [11:00:16] [CB] MAX TRADES/DAY reached (3/3) — watching only
2026-05-01T07:00:46  INFO     [11:00:46] [CB] MAX TRADES/DAY reached (3/3) — watching only
2026-05-01T07:01:16  INFO     [11:01:16] [CB] MAX TRADES/DAY reached (3/3) — watching only
2026-05-01T07:01:46  INFO     [11:01:46] [CB] MAX TRADES/DAY reached (3/3) — watching only
2026-05-01T07:02:16  INFO     [11:02:16] [CB] MAX TRADES/DAY reached (3/3) — watching only
2026-05-01T07:02:46  INFO     [11:02:46] [CB] MAX TRADES/DAY reached (3/3) — watching only
2026-05-01T07:03:16  INFO     [11:03:16] [CB] MAX TRADES/DAY reached (3/3) — watching only
2026-05-01T07:03:46  INFO     [11:03:46] [CB] MAX TRADES/DAY reached (3/3) — watching only
2026-05-01T07:04:16  INFO     [11:04:16] [CB] MAX TRADES/DAY reached (3/3) — watching only
2026-05-01T07:04:46  INFO     [11:04:46] [CB] MAX TRADES/DAY reached (3/3) — watching only
2026-05-01T07:05:16  INFO     [11:05:16] [CB] MAX TRADES/DAY reached (3/3) — watching only
2026-05-01T07:05:46  INFO     [11:05:46] [CB] MAX TRADES/DAY reached (3/3) — watching only
2026-05-01T07:06:16  INFO     [11:06:16] [CB] MAX TRADES/DAY reached (3/3) — watching only
2026-05-01T07:06:46  INFO     [11:06:46] [CB] MAX TRADES/DAY reached (3/3) — watching only
2026-05-01T07:07:16  INFO     [11:07:16] [CB] MAX TRADES/DAY reached (3/3) — watching only
2026-05-01T07:07:46  INFO     [11:07:46] [CB] MAX TRADES/DAY reached (3/3) — watching only
2026-05-01T07:08:16  INFO     [11:08:16] [CB] MAX TRADES/DAY reached (3/3) — watching only
2026-05-01T07:08:46  INFO     [11:08:46] [CB] MAX TRADES/DAY reached (3/3) — watching only
2026-05-01T07:09:16  INFO     [11:09:16] [CB] MAX TRADES/DAY reached (3/3) — watching only
2026-05-01T07:09:46  INFO     [11:09:46] [CB] MAX TRADES/DAY reached (3/3) — watching only
2026-05-01T07:10:16  INFO     [11:10:16] [CB] MAX TRADES/DAY reached (3/3) — watching only
2026-05-01T07:10:46  INFO     [11:10:46] [CB] MAX TRADES/DAY reached (3/3) — watching only
2026-05-01T07:11:16  INFO     [11:11:16] [CB] MAX TRADES/DAY reached (3/3) — watching only
2026-05-01T07:11:46  INFO     [11:11:46] [CB] MAX TRADES/DAY reached (3/3) — watching only
2026-05-01T07:12:16  INFO     [11:12:16] [CB] MAX TRADES/DAY reached (3/3) — watching only
2026-05-01T07:12:46  INFO     [11:12:46] [CB] MAX TRADES/DAY reached (3/3) — watching only
2026-05-01T07:13:16  INFO     [11:13:16] [CB] MAX TRADES/DAY reached (3/3) — watching only
2026-05-01T07:13:46  INFO     [11:13:46] [CB] MAX TRADES/DAY reached (3/3) — watching only
2026-05-01T07:14:16  INFO     [11:14:16] [CB] MAX TRADES/DAY reached (3/3) — watching only
2026-05-01T07:14:46  INFO     [11:14:46] [CB] MAX TRADES/DAY reached (3/3) — watching only
2026-05-01T07:15:16  INFO     [11:15:16] [CB] MAX TRADES/DAY reached (3/3) — watching only
2026-05-01T07:15:44  INFO     Logging to /Users/jackson/kalshi-bot/coinbase.log
2026-05-01T07:15:44  INFO     =================================================================
2026-05-01T07:15:44  INFO     Coinbase Spot Bot (Path E) — BTC-USD Momentum
2026-05-01T07:15:44  INFO     Mode:            PAPER
2026-05-01T07:15:44  INFO     Product:         BTC-USD
2026-05-01T07:15:44  INFO     Candles:         FIVE_MINUTE (signal) + FIFTEEN_MINUTE (trend filter)
2026-05-01T07:15:44  INFO     Entry threshold: >0.30% 5m move + volume ≥1.5× 20-candle avg
2026-05-01T07:15:44  INFO     Stop-loss:       -0.15% from entry
2026-05-01T07:15:44  INFO     Take-profit:     +0.30% from entry  (2:1 R/R)
2026-05-01T07:15:44  INFO     Position size:   $50 USD per trade
2026-05-01T07:15:44  INFO     Poll interval:   30s (candles) | SL/TP monitored via WebSocket
2026-05-01T07:15:44  INFO     Risk controls:   max 10 trades/day | daily loss −$10.00 | session halt after −$2.00
2026-05-01T07:15:44  INFO     API credentials: loaded
2026-05-01T07:15:44  INFO     Telegram:        chat_id=8635383789
2026-05-01T07:15:44  INFO     Trade log:       /Users/jackson/kalshi-bot/coinbase_trades.jsonl
2026-05-01T07:15:44  INFO     =================================================================
2026-05-01T07:15:44  INFO     [CB] Real-time BTC/USD price feed started (Coinbase WebSocket)
2026-05-01T07:15:44  INFO     Coinbase credentials loaded from env
2026-05-01T07:15:44  INFO     [CB] Polling loop started
2026-05-01T07:15:44  INFO     [CB] New UTC day 2026-05-01 — trade counter reset
2026-05-01T07:15:44  INFO     [11:15:44] [CB] WATCHING | 5m [77251→77318] +0.086% | cur $77,304.00
2026-05-01T07:16:15  INFO     [11:16:14] [CB] WATCHING | 5m [77251→77318] +0.086% | cur $77,300.15
2026-05-01T07:16:45  INFO     [11:16:45] [CB] WATCHING | 5m [77251→77318] +0.086% | cur $77,352.72
2026-05-01T07:17:15  INFO     [11:17:15] [CB] WATCHING | 5m [77251→77318] +0.086% | cur $77,345.20
2026-05-01T07:17:46  INFO     [11:17:45] [CB] WATCHING | 5m [77251→77318] +0.086% | cur $77,350.62
2026-05-01T07:18:16  INFO     [11:18:16] [CB] WATCHING | 5m [77251→77318] +0.086% | cur $77,394.59
2026-05-01T07:18:46  INFO     [11:18:46] [CB] WATCHING | 5m [77251→77318] +0.086% | cur $77,386.01
2026-05-01T07:19:17  INFO     [11:19:16] [CB] WATCHING | 5m [77251→77318] +0.086% | cur $77,378.81
2026-05-01T07:19:47  INFO     [11:19:47] [CB] WATCHING | 5m [77251→77318] +0.086% | cur $77,408.00
2026-05-01T07:20:18  INFO     [11:20:17] [CB] WATCHING | 5m [77318→77421] +0.133% | cur $77,425.00
2026-05-01T07:20:48  INFO     [11:20:48] [CB] WATCHING | 5m [77318→77421] +0.133% | cur $77,442.19
2026-05-01T07:21:18  INFO     [11:21:18] [CB] WATCHING | 5m [77318→77421] +0.133% | cur $77,470.04
2026-05-01T07:21:49  INFO     [11:21:48] [CB] WATCHING | 5m [77318→77421] +0.133% | cur $77,556.00
2026-05-01T07:22:47  INFO     [11:22:47] [CB] WATCHING | 5m [77318→77421] +0.133% | cur $77,497.36
2026-05-01T07:25:16  INFO     [11:25:16] [CB] WATCHING | 5m [77421→77414] -0.010% | cur $77,470.58
2026-05-01T07:25:47  INFO     [11:25:46] [CB] WATCHING | 5m [77421→77414] -0.010% | cur $77,470.58
2026-05-01T07:41:29  INFO     [11:41:28] [CB] WATCHING | 5m [77368→77362] -0.008% | cur $77,401.04
2026-05-01T07:41:59  INFO     [11:41:59] [CB] WATCHING | 5m [77368→77362] -0.008% | cur $77,368.98
2026-05-01T07:58:33  INFO     [11:58:29] [CB] WATCHING | 5m [77354→77380] +0.034% | cur $77,444.25
2026-05-01T07:59:03  INFO     [11:59:03] [CB] WATCHING | 5m [77354→77380] +0.034% | cur $77,451.60
2026-05-01T08:03:03  INFO     [12:03:03] [CB] WATCHING | 5m [77380→77453] +0.094% | cur $77,451.04
2026-05-01T08:03:33  INFO     [12:03:33] [CB] WATCHING | 5m [77380→77453] +0.094% | cur $77,522.85
2026-05-01T08:04:04  INFO     [12:04:03] [CB] WATCHING | 5m [77380→77453] +0.094% | cur $77,489.98
2026-05-01T08:08:51  INFO     [12:08:51] [CB] WATCHING | 5m [77453→77461] +0.011% | cur $77,448.83
2026-05-01T08:09:22  INFO     [12:09:21] [CB] WATCHING | 5m [77453→77461] +0.011% | cur $77,436.50
2026-05-01T08:09:52  INFO     [12:09:52] [CB] WATCHING | 5m [77453→77461] +0.011% | cur $77,436.25
2026-05-01T08:10:22  INFO     [12:10:22] [CB] WATCHING | 5m [77461→77431] -0.039% | cur $77,429.10
2026-05-01T08:12:14  INFO     [12:10:52] [CB] WATCHING | 5m [77461→77431] -0.039% | cur $77,426.38
2026-05-01T08:12:45  INFO     [12:12:44] [CB] WATCHING | 5m [77461→77431] -0.039% | cur $77,426.38
2026-05-01T08:14:55  INFO     [12:14:55] [CB] WATCHING | 5m [77461→77431] -0.039% | cur $77,450.28
2026-05-01T08:15:26  INFO     [12:15:25] [CB] WATCHING | 5m [77431→77546] +0.149% | cur $77,550.01
2026-05-01T08:15:56  INFO     [12:15:56] [CB] WATCHING | 5m [77431→77546] +0.149% | cur $77,570.58
2026-05-01T08:16:26  INFO     [12:16:26] [CB] WATCHING | 5m [77431→77546] +0.149% | cur $77,607.95
2026-05-01T08:19:04  INFO     [12:19:03] [CB] WATCHING | 5m [77431→77546] +0.149% | cur $77,586.13
2026-05-01T08:19:34  INFO     [12:19:34] [CB] WATCHING | 5m [77431→77546] +0.149% | cur $77,586.13
2026-05-01T08:21:15  INFO     [12:21:15] [CB] WATCHING | 5m [77546→77683] +0.176% | cur $77,686.01
2026-05-01T08:21:45  INFO     [12:21:45] [CB] WATCHING | 5m [77546→77683] +0.176% | cur $77,712.09
2026-05-01T08:22:16  INFO     [12:22:15] [CB] WATCHING | 5m [77546→77683] +0.176% | cur $77,743.07
2026-05-01T08:22:46  INFO     [12:22:46] [CB] WATCHING | 5m [77546→77683] +0.176% | cur $77,728.02
2026-05-01T08:23:16  INFO     [12:23:16] [CB] WATCHING | 5m [77546→77683] +0.176% | cur $77,728.91
2026-05-01T08:23:47  INFO     [12:23:46] [CB] WATCHING | 5m [77546→77683] +0.176% | cur $77,728.90
2026-05-01T08:28:31  INFO     [12:28:31] [CB] WATCHING | 5m [77683→77750] +0.086% | cur $77,748.29
2026-05-01T08:34:57  INFO     [12:34:57] [CB] WATCHING | 5m [77750→77750] -0.000% | cur $77,773.18
2026-05-01T08:35:28  INFO     [12:35:27] [CB] WATCHING | 5m [77750→77934] +0.237% | cur $77,974.56
2026-05-01T08:35:58  INFO     [12:35:58] [CB] WATCHING | 5m [77750→77934] +0.237% | cur $77,976.06
2026-05-01T08:36:28  INFO     [12:36:28] [CB] WATCHING | 5m [77750→77934] +0.237% | cur $78,025.99
2026-05-01T08:36:59  INFO     [12:36:58] [CB] WATCHING | 5m [77750→77934] +0.237% | cur $78,102.71
2026-05-01T08:37:29  INFO     [12:37:29] [CB] WATCHING | 5m [77750→77934] +0.237% | cur $78,120.00
2026-05-01T08:37:59  INFO     [12:37:59] [CB] WATCHING | 5m [77750→77934] +0.237% | cur $78,077.21
2026-05-01T08:53:54  INFO     [12:53:54] [CB] WATCHING | 5m [77943→77981] +0.049% | cur $78,048.13
2026-05-01T08:54:24  INFO     [12:54:24] [CB] WATCHING | 5m [77943→77981] +0.049% | cur $77,943.41
2026-05-01T09:07:05  INFO     [13:07:04] [CB] WATCHING | 5m [77885→78183] +0.382% | cur $77,936.99
2026-05-01T09:07:35  INFO     [13:07:35] [CB] WATCHING | 5m [77885→78183] +0.382% | cur $78,196.01
2026-05-01T09:23:17  INFO     [13:23:15] [CB] WATCHING | 5m [78354→78316] -0.049% | cur $78,192.17
2026-05-01T09:41:23  INFO     [13:41:23] [CB] WATCHING | 5m [78435→78220] -0.274% | cur $78,321.69
2026-05-01T09:41:54  INFO     [13:41:53] [CB] WATCHING | 5m [78435→78220] -0.274% | cur $78,187.27
2026-05-01T09:42:32  INFO     [13:42:24] [CB] WATCHING | 5m [78435→78220] -0.274% | cur $78,233.97
2026-05-01T09:43:02  INFO     [13:43:02] [CB] WATCHING | 5m [78435→78220] -0.274% | cur $78,189.46
2026-05-01T09:43:33  INFO     [13:43:32] [CB] WATCHING | 5m [78435→78220] -0.274% | cur $78,246.01
2026-05-01T10:00:09  INFO     [14:00:08] [CB] WATCHING | 5m [78352→78788] +0.556% | cur $78,759.14
2026-05-01T10:02:43  INFO     [14:02:42] [CB] WATCHING | 5m [78788→78754] -0.043% | cur $78,765.00
2026-05-01T10:03:13  INFO     [14:03:13] [CB] WATCHING | 5m [78788→78754] -0.043% | cur $78,692.35
2026-05-01T10:20:06  INFO     [14:20:06] [CB] WATCHING | 5m [78657→78684] +0.034% | cur $78,652.00
2026-05-01T10:20:37  INFO     [14:20:36] [CB] WATCHING | 5m [78684→78490] -0.246% | cur $78,493.56
2026-05-01T10:21:07  INFO     [14:21:07] [CB] WATCHING | 5m [78684→78490] -0.246% | cur $78,520.00
2026-05-01T10:21:38  INFO     [14:21:37] [CB] WATCHING | 5m [78684→78490] -0.246% | cur $78,548.92
2026-05-01T10:22:08  INFO     [14:22:08] [CB] WATCHING | 5m [78684→78490] -0.246% | cur $78,541.99
2026-05-01T10:22:38  INFO     [14:22:38] [CB] WATCHING | 5m [78684→78490] -0.246% | cur $78,513.15
2026-05-01T10:23:09  INFO     [14:23:08] [CB] WATCHING | 5m [78684→78490] -0.246% | cur $78,420.90
2026-05-01T10:23:39  INFO     [14:23:39] [CB] WATCHING | 5m [78684→78490] -0.246% | cur $78,446.01
2026-05-01T10:35:46  INFO     [14:35:45] [CB] WATCHING | 5m [78280→78252] -0.036% | cur $78,275.81
2026-05-01T10:36:17  INFO     [14:36:16] [CB] WATCHING | 5m [78280→78252] -0.036% | cur $78,189.08
2026-05-01T10:39:42  INFO     [14:39:42] [CB] WATCHING | 5m [78280→78252] -0.036% | cur $78,170.01
2026-05-01T10:40:13  INFO     [14:40:12] [CB] WATCHING | 5m [78252→78213] -0.050% | cur $78,175.26
2026-05-01T10:40:43  INFO     [14:40:43] [CB] WATCHING | 5m [78252→78213] -0.050% | cur $78,193.86
2026-05-01T10:41:14  INFO     [14:41:13] [CB] WATCHING | 5m [78252→78213] -0.050% | cur $78,177.88
2026-05-01T10:41:44  INFO     [14:41:44] [CB] WATCHING | 5m [78252→78213] -0.050% | cur $78,168.48
2026-05-01T10:42:14  INFO     [14:42:14] [CB] WATCHING | 5m [78252→78213] -0.050% | cur $78,136.89
2026-05-01T10:42:45  INFO     [14:42:44] [CB] WATCHING | 5m [78252→78213] -0.050% | cur $78,161.57
2026-05-01T10:43:15  INFO     [14:43:15] [CB] WATCHING | 5m [78252→78213] -0.050% | cur $78,159.82
2026-05-01T10:43:46  INFO     [14:43:45] [CB] WATCHING | 5m [78252→78213] -0.050% | cur $78,210.94
2026-05-01T10:44:16  INFO     [14:44:16] [CB] WATCHING | 5m [78252→78213] -0.050% | cur $78,216.50
2026-05-01T10:44:46  INFO     [14:44:46] [CB] WATCHING | 5m [78252→78213] -0.050% | cur $78,216.51
2026-05-01T11:01:04  INFO     [15:01:03] [CB] WATCHING | 5m [78315→78356] +0.053% | cur $78,282.50
2026-05-01T11:01:34  INFO     [15:01:34] [CB] WATCHING | 5m [78315→78356] +0.053% | cur $78,274.96
2026-05-01T11:07:33  INFO     [15:07:32] [CB] WATCHING | 5m [78356→78268] -0.112% | cur $78,230.60
2026-05-01T11:23:47  INFO     [15:23:47] [CB] WATCHING | 5m [78465→78472] +0.008% | cur $78,202.26
2026-05-01T11:24:18  INFO     [15:24:17] [CB] WATCHING | 5m [78465→78472] +0.008% | cur $78,542.54
2026-05-01T11:40:42  INFO     [15:40:42] [CB] WATCHING | 5m [78588→78682] +0.120% | cur $78,715.01
2026-05-01T11:41:13  INFO     [15:41:12] [CB] WATCHING | 5m [78588→78682] +0.120% | cur $78,701.16
2026-05-01T11:41:43  INFO     [15:41:43] [CB] WATCHING | 5m [78588→78682] +0.120% | cur $78,682.01
2026-05-01T11:42:14  INFO     [15:42:13] [CB] WATCHING | 5m [78588→78682] +0.120% | cur $78,658.20
2026-05-01T11:42:44  INFO     [15:42:44] [CB] WATCHING | 5m [78588→78682] +0.120% | cur $78,666.58
2026-05-01T11:43:14  INFO     [15:43:14] [CB] WATCHING | 5m [78588→78682] +0.120% | cur $78,654.50
2026-05-01T11:43:45  INFO     [15:43:44] [CB] WATCHING | 5m [78588→78682] +0.120% | cur $78,642.65
2026-05-01T11:44:15  INFO     [15:44:15] [CB] WATCHING | 5m [78588→78682] +0.120% | cur $78,659.62
2026-05-01T11:44:46  INFO     [15:44:45] [CB] WATCHING | 5m [78588→78682] +0.120% | cur $78,675.72
2026-05-01T11:45:16  INFO     [15:45:16] [CB] WATCHING | 5m [78682→78667] -0.020% | cur $78,683.89
2026-05-01T11:45:46  INFO     [15:45:46] [CB] WATCHING | 5m [78682→78667] -0.020% | cur $78,650.01
2026-05-01T11:46:17  INFO     [15:46:16] [CB] WATCHING | 5m [78682→78667] -0.020% | cur $78,626.00
2026-05-01T11:46:47  INFO     [15:46:47] [CB] WATCHING | 5m [78682→78667] -0.020% | cur $78,660.01
2026-05-01T11:47:18  INFO     [15:47:17] [CB] WATCHING | 5m [78682→78667] -0.020% | cur $78,664.00
2026-05-01T11:47:48  INFO     [15:47:48] [CB] WATCHING | 5m [78682→78667] -0.020% | cur $78,663.04
2026-05-01T11:48:19  INFO     [15:48:18] [CB] WATCHING | 5m [78682→78667] -0.020% | cur $78,629.40
2026-05-01T11:48:49  INFO     [15:48:49] [CB] WATCHING | 5m [78682→78667] -0.020% | cur $78,640.86
2026-05-01T11:49:19  INFO     [15:49:19] [CB] WATCHING | 5m [78682→78667] -0.020% | cur $78,648.01
2026-05-01T11:49:50  INFO     [15:49:49] [CB] WATCHING | 5m [78682→78667] -0.020% | cur $78,663.25
2026-05-01T11:50:20  INFO     [15:50:20] [CB] WATCHING | 5m [78667→78670] +0.004% | cur $78,626.98
2026-05-01T11:50:50  INFO     [15:50:50] [CB] WATCHING | 5m [78667→78670] +0.004% | cur $78,429.02
2026-05-01T11:51:21  INFO     [15:51:20] [CB] WATCHING | 5m [78667→78670] +0.004% | cur $78,325.00
2026-05-01T11:51:51  INFO     [15:51:51] [CB] WATCHING | 5m [78667→78670] +0.004% | cur $78,348.27
2026-05-01T11:52:22  INFO     [15:52:21] [CB] WATCHING | 5m [78667→78670] +0.004% | cur $78,267.04
2026-05-01T11:52:52  INFO     [15:52:52] [CB] WATCHING | 5m [78667→78670] +0.004% | cur $78,317.10
2026-05-01T11:53:23  INFO     [15:53:22] [CB] WATCHING | 5m [78667→78670] +0.004% | cur $78,295.00
2026-05-01T11:53:53  INFO     [15:53:53] [CB] WATCHING | 5m [78667→78670] +0.004% | cur $78,303.26
2026-05-01T11:54:23  INFO     [15:54:23] [CB] WATCHING | 5m [78667→78670] +0.004% | cur $78,328.64
2026-05-01T11:54:54  INFO     [15:54:53] [CB] WATCHING | 5m [78667→78670] +0.004% | cur $78,368.01
2026-05-01T11:55:24  INFO     [15:55:24] [CB] WATCHING | 5m [78670→78359] -0.395% | cur $78,375.00
2026-05-01T11:55:55  INFO     [15:55:54] [CB] WATCHING | 5m [78670→78359] -0.395% | cur $78,374.99
2026-05-01T11:56:25  INFO     [15:56:25] [CB] WATCHING | 5m [78670→78359] -0.395% | cur $78,369.31
2026-05-01T11:56:56  INFO     [15:56:55] [CB] WATCHING | 5m [78670→78359] -0.395% | cur $78,394.03
2026-05-01T11:57:26  INFO     [15:57:26] [CB] WATCHING | 5m [78670→78359] -0.395% | cur $78,434.73
2026-05-01T11:57:57  INFO     [15:57:56] [CB] WATCHING | 5m [78670→78359] -0.395% | cur $78,416.16
2026-05-01T12:04:58  INFO     [16:04:57] [CB] WATCHING | 5m [78362→78438] +0.098% | cur $78,424.35
2026-05-01T12:05:29  INFO     [16:05:28] [CB] WATCHING | 5m [78438→78646] +0.265% | cur $78,663.09
2026-05-01T12:21:28  INFO     [16:21:27] [CB] WATCHING | 5m [78383→78327] -0.071% | cur $78,653.70
2026-05-01T12:24:45  INFO     [16:24:44] [CB] WATCHING | 5m [78383→78327] -0.071% | cur $78,375.88
2026-05-01T12:25:15  INFO     [16:25:15] [CB] WATCHING | 5m [78327→78265] -0.079% | cur $78,196.00
2026-05-01T12:37:50  INFO     [16:37:49] [CB] WATCHING | 5m [78324→78300] -0.031% | cur $78,186.49
2026-05-01T12:38:20  INFO     [16:38:20] [CB] WATCHING | 5m [78324→78300] -0.031% | cur $78,250.20
2026-05-01T12:38:50  INFO     [16:38:50] [CB] WATCHING | 5m [78324→78300] -0.031% | cur $78,260.00
2026-05-01T12:54:59  INFO     [16:54:59] [CB] WATCHING | 5m [78273→78183] -0.116% | cur $78,292.59
2026-05-01T14:05:39  ERROR    [CB] Unexpected error: 
2026-05-01T14:06:09  INFO     [18:06:09] [CB] WATCHING | 5m [78550→78545] -0.006% | cur $78,586.99
2026-05-01T14:21:46  INFO     [18:21:40] [CB] WATCHING | 5m [78522→78570] +0.061% | cur $78,560.00
2026-05-01T14:26:50  INFO     [18:26:49] [CB] WATCHING | 5m [78570→78557] -0.016% | cur $78,593.42
2026-05-01T14:27:20  INFO     [18:27:20] [CB] WATCHING | 5m [78570→78557] -0.016% | cur $78,552.39
2026-05-01T14:30:51  INFO     [18:30:51] [CB] WATCHING | 5m [78557→78595] +0.048% | cur $78,553.96
2026-05-01T14:31:54  INFO     [18:31:54] [CB] WATCHING | 5m [78557→78595] +0.048% | cur $78,573.39
2026-05-01T14:32:25  INFO     [18:32:24] [CB] WATCHING | 5m [78557→78595] +0.048% | cur $78,502.50
2026-05-01T14:34:04  INFO     [18:34:04] [CB] WATCHING | 5m [78557→78595] +0.048% | cur $78,502.46
2026-05-01T14:38:08  INFO     [18:38:07] [CB] WATCHING | 5m [78595→78535] -0.077% | cur $78,548.91
2026-05-01T14:38:39  INFO     [18:38:38] [CB] WATCHING | 5m [78595→78535] -0.077% | cur $78,536.82
2026-05-01T14:39:09  INFO     [18:39:09] [CB] WATCHING | 5m [78595→78535] -0.077% | cur $78,518.00
2026-05-01T14:56:33  INFO     [18:56:32] [CB] WATCHING | 5m [78499→78450] -0.062% | cur $78,436.22
2026-05-01T14:57:47  INFO     [18:57:47] [CB] WATCHING | 5m [78499→78450] -0.062% | cur $78,394.00
2026-05-01T14:58:18  INFO     [18:58:17] [CB] WATCHING | 5m [78499→78450] -0.062% | cur $78,396.42
2026-05-01T14:58:48  INFO     [18:58:48] [CB] WATCHING | 5m [78499→78450] -0.062% | cur $78,405.71
2026-05-01T14:59:19  INFO     [18:59:18] [CB] WATCHING | 5m [78499→78450] -0.062% | cur $78,418.01
2026-05-01T14:59:49  INFO     [18:59:49] [CB] WATCHING | 5m [78499→78450] -0.062% | cur $78,436.15
2026-05-01T15:00:20  INFO     [19:00:19] [CB] WATCHING | 5m [78451→78436] -0.018% | cur $78,453.97
2026-05-01T15:00:50  INFO     [19:00:50] [CB] WATCHING | 5m [78451→78436] -0.018% | cur $78,427.99
2026-05-01T15:01:21  INFO     [19:01:20] [CB] WATCHING | 5m [78451→78436] -0.018% | cur $78,444.38
2026-05-01T15:01:51  INFO     [19:01:51] [CB] WATCHING | 5m [78451→78436] -0.018% | cur $78,418.00
2026-05-01T15:02:21  INFO     [19:02:21] [CB] WATCHING | 5m [78451→78436] -0.018% | cur $78,430.89
2026-05-01T15:02:52  INFO     [19:02:51] [CB] WATCHING | 5m [78451→78436] -0.018% | cur $78,489.17
2026-05-01T15:03:22  INFO     [19:03:22] [CB] WATCHING | 5m [78451→78436] -0.018% | cur $78,476.01
2026-05-01T15:03:53  INFO     [19:03:52] [CB] WATCHING | 5m [78451→78436] -0.018% | cur $78,446.11
2026-05-01T15:04:23  INFO     [19:04:23] [CB] WATCHING | 5m [78451→78436] -0.018% | cur $78,447.99
2026-05-01T15:04:54  INFO     [19:04:53] [CB] WATCHING | 5m [78451→78436] -0.018% | cur $78,472.79
2026-05-01T15:05:24  INFO     [19:05:24] [CB] WATCHING | 5m [78436→78478] +0.054% | cur $78,493.52
2026-05-01T15:05:55  INFO     [19:05:54] [CB] WATCHING | 5m [78436→78478] +0.054% | cur $78,500.59
2026-05-01T15:06:25  INFO     [19:06:25] [CB] WATCHING | 5m [78436→78478] +0.054% | cur $78,545.37
2026-05-01T15:06:55  INFO     [19:06:55] [CB] WATCHING | 5m [78436→78478] +0.054% | cur $78,541.03
2026-05-01T15:07:26  INFO     [19:07:25] [CB] WATCHING | 5m [78436→78478] +0.054% | cur $78,552.98
2026-05-01T15:07:56  INFO     [19:07:56] [CB] WATCHING | 5m [78436→78478] +0.054% | cur $78,527.99
2026-05-01T15:08:26  INFO     [19:08:26] [CB] WATCHING | 5m [78436→78478] +0.054% | cur $78,516.22
2026-05-01T15:08:49  INFO     Logging to /Users/jackson/kalshi-bot/coinbase.log
2026-05-01T15:08:49  INFO     =================================================================
2026-05-01T15:08:49  INFO     Coinbase Spot Bot (Path E) — BTC-USD Momentum
2026-05-01T15:08:49  INFO     Mode:            PAPER
2026-05-01T15:08:49  INFO     Product:         BTC-USD
2026-05-01T15:08:49  INFO     Candles:         FIVE_MINUTE (signal) + FIFTEEN_MINUTE (trend filter)
2026-05-01T15:08:49  INFO     Entry threshold: >0.30% 5m move + volume ≥1.5× 20-candle avg
2026-05-01T15:08:49  INFO     Stop-loss:       -0.15% from entry
2026-05-01T15:08:49  INFO     Take-profit:     +0.30% from entry  (2:1 R/R)
2026-05-01T15:08:49  INFO     Position size:   $50 USD per trade
2026-05-01T15:08:49  INFO     Poll interval:   30s (candles) | SL/TP monitored via WebSocket
2026-05-01T15:08:49  INFO     Risk controls:   max 10 trades/day | daily loss −$10.00 | session halt after −$2.00
2026-05-01T15:08:49  INFO     API credentials: loaded
2026-05-01T15:08:49  INFO     Telegram:        chat_id=8635383789
2026-05-01T15:08:49  INFO     Trade log:       /Users/jackson/kalshi-bot/coinbase_trades.jsonl
2026-05-01T15:08:49  INFO     =================================================================
2026-05-01T15:08:49  INFO     [CB] Real-time BTC/USD price feed started (Coinbase WebSocket)
2026-05-01T15:08:49  INFO     Coinbase credentials loaded from env
2026-05-01T15:08:49  INFO     [CB] Polling loop started
2026-05-01T15:08:49  INFO     [CB] New UTC day 2026-05-01 — trade counter reset
2026-05-01T15:08:49  INFO     [19:08:49] [CB] WATCHING | 5m [78436→78478] +0.054% | cur $78,514.43
2026-05-01T15:09:20  INFO     [19:09:19] [CB] WATCHING | 5m [78436→78478] +0.054% | cur $78,518.96
2026-05-01T15:09:50  INFO     [19:09:50] [CB] WATCHING | 5m [78436→78478] +0.054% | cur $78,514.32
2026-05-01T15:10:20  INFO     [19:10:20] [CB] WATCHING | 5m [78478→78521] +0.055% | cur $78,486.64
2026-05-01T15:10:51  INFO     [19:10:50] [CB] WATCHING | 5m [78478→78521] +0.055% | cur $78,514.33
2026-05-01T15:11:21  INFO     [19:11:21] [CB] WATCHING | 5m [78478→78521] +0.055% | cur $78,512.18
2026-05-01T15:11:52  INFO     [19:11:51] [CB] WATCHING | 5m [78478→78521] +0.055% | cur $78,499.31
2026-05-01T15:12:22  INFO     [19:12:22] [CB] WATCHING | 5m [78478→78521] +0.055% | cur $78,483.18
2026-05-01T15:12:52  INFO     [19:12:52] [CB] WATCHING | 5m [78478→78521] +0.055% | cur $78,481.78
2026-05-01T15:13:23  INFO     [19:13:22] [CB] WATCHING | 5m [78478→78521] +0.055% | cur $78,475.98
2026-05-01T15:13:53  INFO     [19:13:53] [CB] WATCHING | 5m [78478→78521] +0.055% | cur $78,508.21
2026-05-01T15:14:24  INFO     [19:14:23] [CB] WATCHING | 5m [78478→78521] +0.055% | cur $78,512.12
2026-05-01T15:14:54  INFO     [19:14:54] [CB] WATCHING | 5m [78478→78521] +0.055% | cur $78,513.16
2026-05-01T15:15:24  INFO     [19:15:24] [CB] WATCHING | 5m [78521→78501] -0.026% | cur $78,503.96
2026-05-01T15:15:55  INFO     [19:15:54] [CB] WATCHING | 5m [78521→78501] -0.026% | cur $78,485.81
2026-05-01T15:16:25  INFO     [19:16:25] [CB] WATCHING | 5m [78521→78501] -0.026% | cur $78,494.31
2026-05-01T15:16:55  INFO     [19:16:55] [CB] WATCHING | 5m [78521→78501] -0.026% | cur $78,439.97
2026-05-01T15:17:26  INFO     [19:17:25] [CB] WATCHING | 5m [78521→78501] -0.026% | cur $78,430.01
2026-05-01T15:17:56  INFO     [19:17:56] [CB] WATCHING | 5m [78521→78501] -0.026% | cur $78,447.53
2026-05-01T15:18:27  INFO     [19:18:26] [CB] WATCHING | 5m [78521→78501] -0.026% | cur $78,402.06
2026-05-01T15:18:57  INFO     [19:18:57] [CB] WATCHING | 5m [78521→78501] -0.026% | cur $78,381.99
2026-05-01T15:19:28  INFO     [19:19:27] [CB] WATCHING | 5m [78521→78501] -0.026% | cur $78,373.25
2026-05-01T15:19:58  INFO     [19:19:58] [CB] WATCHING | 5m [78521→78501] -0.026% | cur $78,382.57
2026-05-01T15:20:28  INFO     [19:20:28] [CB] WATCHING | 5m [78502→78384] -0.151% | cur $78,378.21
2026-05-01T15:20:59  INFO     [19:20:58] [CB] WATCHING | 5m [78502→78384] -0.151% | cur $78,382.56
2026-05-01T15:21:29  INFO     [19:21:29] [CB] WATCHING | 5m [78502→78384] -0.151% | cur $78,418.15
2026-05-01T15:21:59  INFO     [19:21:59] [CB] WATCHING | 5m [78502→78384] -0.151% | cur $78,402.49
2026-05-01T15:22:30  INFO     [19:22:29] [CB] WATCHING | 5m [78502→78384] -0.151% | cur $78,379.24
2026-05-01T15:23:00  INFO     [19:23:00] [CB] WATCHING | 5m [78502→78384] -0.151% | cur $78,384.52
2026-05-01T15:23:30  INFO     [19:23:30] [CB] WATCHING | 5m [78502→78384] -0.151% | cur $78,424.34
2026-05-01T15:24:01  INFO     [19:24:00] [CB] WATCHING | 5m [78502→78384] -0.151% | cur $78,411.56
2026-05-01T15:24:31  INFO     [19:24:31] [CB] WATCHING | 5m [78502→78384] -0.151% | cur $78,404.83
2026-05-01T15:25:02  INFO     [19:25:01] [CB] WATCHING | 5m [78502→78384] -0.151% | cur $78,412.61
2026-05-01T15:25:32  INFO     [19:25:32] [CB] WATCHING | 5m [78384→78413] +0.037% | cur $78,467.71
2026-05-01T15:26:03  INFO     [19:26:02] [CB] WATCHING | 5m [78384→78413] +0.037% | cur $78,464.44
2026-05-01T15:26:33  INFO     [19:26:33] [CB] WATCHING | 5m [78384→78413] +0.037% | cur $78,456.02
2026-05-01T15:27:04  INFO     [19:27:03] [CB] WATCHING | 5m [78384→78413] +0.037% | cur $78,445.12
2026-05-01T15:27:34  INFO     [19:27:34] [CB] WATCHING | 5m [78384→78413] +0.037% | cur $78,440.60
2026-05-01T15:28:05  INFO     [19:28:04] [CB] WATCHING | 5m [78384→78413] +0.037% | cur $78,437.45
2026-05-01T15:28:35  INFO     [19:28:35] [CB] WATCHING | 5m [78384→78413] +0.037% | cur $78,405.00
2026-05-01T15:29:05  INFO     [19:29:05] [CB] WATCHING | 5m [78384→78413] +0.037% | cur $78,438.73
2026-05-01T15:29:36  INFO     [19:29:35] [CB] WATCHING | 5m [78384→78413] +0.037% | cur $78,432.99
2026-05-01T15:30:06  INFO     [19:30:06] [CB] WATCHING | 5m [78384→78413] +0.037% | cur $78,418.85
2026-05-01T15:30:37  INFO     [19:30:36] [CB] WATCHING | 5m [78413→78419] +0.008% | cur $78,420.04
2026-05-01T15:31:07  INFO     [19:31:07] [CB] WATCHING | 5m [78413→78419] +0.008% | cur $78,410.51
2026-05-01T15:31:37  INFO     [19:31:37] [CB] WATCHING | 5m [78413→78419] +0.008% | cur $78,345.99
2026-05-01T15:32:08  INFO     [19:32:07] [CB] WATCHING | 5m [78413→78419] +0.008% | cur $78,378.89
2026-05-01T15:32:38  INFO     [19:32:38] [CB] WATCHING | 5m [78413→78419] +0.008% | cur $78,362.17
2026-05-01T15:33:09  INFO     [19:33:08] [CB] WATCHING | 5m [78413→78419] +0.008% | cur $78,382.08
2026-05-01T15:33:39  INFO     [19:33:39] [CB] WATCHING | 5m [78413→78419] +0.008% | cur $78,350.00
2026-05-01T15:34:10  INFO     [19:34:09] [CB] WATCHING | 5m [78413→78419] +0.008% | cur $78,361.34
2026-05-01T15:34:40  INFO     [19:34:40] [CB] WATCHING | 5m [78413→78419] +0.008% | cur $78,352.19
2026-05-01T15:35:10  INFO     [19:35:10] [CB] WATCHING | 5m [78413→78419] +0.008% | cur $78,348.31
2026-05-01T15:35:41  INFO     [19:35:40] [CB] WATCHING | 5m [78419→78348] -0.090% | cur $78,363.28
2026-05-01T15:36:11  INFO     [19:36:11] [CB] WATCHING | 5m [78419→78348] -0.090% | cur $78,356.31
2026-05-01T15:36:42  INFO     [19:36:41] [CB] WATCHING | 5m [78419→78348] -0.090% | cur $78,314.02
2026-05-01T15:37:12  INFO     [19:37:12] [CB] WATCHING | 5m [78419→78348] -0.090% | cur $78,333.92
2026-05-01T15:37:42  INFO     [19:37:42] [CB] WATCHING | 5m [78419→78348] -0.090% | cur $78,333.93
2026-05-01T15:38:13  INFO     [19:38:12] [CB] WATCHING | 5m [78419→78348] -0.090% | cur $78,328.96
2026-05-01T15:38:43  INFO     [19:38:43] [CB] WATCHING | 5m [78419→78348] -0.090% | cur $78,333.93
2026-05-01T15:39:14  INFO     [19:39:13] [CB] WATCHING | 5m [78419→78348] -0.090% | cur $78,357.00
2026-05-01T15:39:44  INFO     [19:39:44] [CB] WATCHING | 5m [78419→78348] -0.090% | cur $78,341.32
2026-05-01T15:40:14  INFO     [19:40:14] [CB] WATCHING | 5m [78348→78349] +0.001% | cur $78,344.02
2026-05-01T15:40:45  INFO     [19:40:44] [CB] WATCHING | 5m [78348→78349] +0.001% | cur $78,356.01
2026-05-01T15:41:15  INFO     [19:41:15] [CB] WATCHING | 5m [78348→78349] +0.001% | cur $78,343.10
2026-05-01T15:41:46  INFO     [19:41:45] [CB] WATCHING | 5m [78348→78349] +0.001% | cur $78,368.00
2026-05-01T15:42:16  INFO     [19:42:16] [CB] WATCHING | 5m [78348→78349] +0.001% | cur $78,357.01
2026-05-01T15:42:46  INFO     [19:42:46] [CB] WATCHING | 5m [78348→78349] +0.001% | cur $78,340.10
2026-05-01T15:43:17  INFO     [19:43:16] [CB] WATCHING | 5m [78348→78349] +0.001% | cur $78,335.04
2026-05-01T15:43:47  INFO     [19:43:47] [CB] WATCHING | 5m [78348→78349] +0.001% | cur $78,358.00
2026-05-01T15:44:18  INFO     [19:44:17] [CB] WATCHING | 5m [78348→78349] +0.001% | cur $78,328.01
2026-05-01T15:44:48  INFO     [19:44:48] [CB] WATCHING | 5m [78348→78349] +0.001% | cur $78,334.39
2026-05-01T15:45:18  INFO     [19:45:18] [CB] WATCHING | 5m [78349→78345] -0.005% | cur $78,364.08
2026-05-01T15:45:49  INFO     [19:45:48] [CB] WATCHING | 5m [78349→78345] -0.005% | cur $78,349.00
2026-05-01T15:46:19  INFO     [19:46:19] [CB] WATCHING | 5m [78349→78345] -0.005% | cur $78,354.37
2026-05-01T15:46:50  INFO     [19:46:49] [CB] WATCHING | 5m [78349→78345] -0.005% | cur $78,371.26
2026-05-01T15:47:20  INFO     [19:47:20] [CB] WATCHING | 5m [78349→78345] -0.005% | cur $78,377.95
2026-05-01T15:47:50  INFO     [19:47:50] [CB] WATCHING | 5m [78349→78345] -0.005% | cur $78,369.01
2026-05-01T15:48:21  INFO     [19:48:20] [CB] WATCHING | 5m [78349→78345] -0.005% | cur $78,373.26
2026-05-01T15:48:51  INFO     [19:48:51] [CB] WATCHING | 5m [78349→78345] -0.005% | cur $78,403.59
2026-05-01T15:49:21  INFO     [19:49:21] [CB] WATCHING | 5m [78349→78345] -0.005% | cur $78,382.84
2026-05-01T15:49:52  INFO     [19:49:51] [CB] WATCHING | 5m [78349→78345] -0.005% | cur $78,376.94
2026-05-01T15:50:22  INFO     [19:50:22] [CB] WATCHING | 5m [78345→78359] +0.018% | cur $78,358.26
2026-05-01T15:50:53  INFO     [19:50:52] [CB] WATCHING | 5m [78345→78359] +0.018% | cur $78,382.81
2026-05-01T15:51:23  INFO     [19:51:23] [CB] WATCHING | 5m [78345→78359] +0.018% | cur $78,399.37
2026-05-01T15:51:53  INFO     [19:51:53] [CB] WATCHING | 5m [78345→78359] +0.018% | cur $78,399.00
2026-05-01T15:52:24  INFO     [19:52:23] [CB] WATCHING | 5m [78345→78359] +0.018% | cur $78,417.45
2026-05-01T15:52:54  INFO     [19:52:54] [CB] WATCHING | 5m [78345→78359] +0.018% | cur $78,387.04
2026-05-01T15:53:24  INFO     [19:53:24] [CB] WATCHING | 5m [78345→78359] +0.018% | cur $78,393.23
2026-05-01T15:53:55  INFO     [19:53:54] [CB] WATCHING | 5m [78345→78359] +0.018% | cur $78,410.03
2026-05-01T15:54:25  INFO     [19:54:25] [CB] WATCHING | 5m [78345→78359] +0.018% | cur $78,398.01
2026-05-01T15:54:55  INFO     [19:54:55] [CB] WATCHING | 5m [78345→78359] +0.018% | cur $78,381.97
2026-05-01T15:55:26  INFO     [19:55:25] [CB] WATCHING | 5m [78360→78382] +0.028% | cur $78,371.98
2026-05-01T15:55:57  INFO     [19:55:56] [CB] WATCHING | 5m [78360→78382] +0.028% | cur $78,403.59
2026-05-01T15:56:27  INFO     [19:56:27] [CB] WATCHING | 5m [78360→78382] +0.028% | cur $78,413.17
2026-05-01T15:56:57  INFO     [19:56:57] [CB] WATCHING | 5m [78360→78382] +0.028% | cur $78,424.39
2026-05-01T15:57:28  INFO     [19:57:27] [CB] WATCHING | 5m [78360→78382] +0.028% | cur $78,429.46
2026-05-01T15:57:58  INFO     [19:57:58] [CB] WATCHING | 5m [78360→78382] +0.028% | cur $78,456.00
2026-05-01T15:58:28  INFO     [19:58:28] [CB] WATCHING | 5m [78360→78382] +0.028% | cur $78,447.94
2026-05-01T15:58:59  INFO     [19:58:58] [CB] WATCHING | 5m [78360→78382] +0.028% | cur $78,443.01
2026-05-01T15:59:29  INFO     [19:59:29] [CB] WATCHING | 5m [78360→78382] +0.028% | cur $78,420.12
2026-05-01T16:00:00  INFO     [19:59:59] [CB] WATCHING | 5m [78360→78382] +0.028% | cur $78,373.30
2026-05-01T16:00:30  INFO     [20:00:30] [CB] WATCHING | 5m [78382→78375] -0.009% | cur $78,396.02
2026-05-01T16:01:01  INFO     [20:01:00] [CB] WATCHING | 5m [78382→78375] -0.009% | cur $78,378.46
2026-05-01T16:01:31  INFO     [20:01:31] [CB] WATCHING | 5m [78382→78375] -0.009% | cur $78,359.49
2026-05-01T16:02:01  INFO     [20:02:01] [CB] WATCHING | 5m [78382→78375] -0.009% | cur $78,365.53
2026-05-01T16:02:32  INFO     [20:02:31] [CB] WATCHING | 5m [78382→78375] -0.009% | cur $78,357.99
2026-05-01T16:03:02  INFO     [20:03:02] [CB] WATCHING | 5m [78382→78375] -0.009% | cur $78,351.54
2026-05-01T16:03:33  INFO     [20:03:32] [CB] WATCHING | 5m [78382→78375] -0.009% | cur $78,363.18
2026-05-01T16:04:03  INFO     [20:04:03] [CB] WATCHING | 5m [78382→78375] -0.009% | cur $78,364.66
2026-05-01T16:04:34  INFO     [20:04:33] [CB] WATCHING | 5m [78382→78375] -0.009% | cur $78,380.27
2026-05-01T16:05:04  INFO     [20:05:03] [CB] WATCHING | 5m [78382→78375] -0.009% | cur $78,358.00
2026-05-01T16:05:34  INFO     [20:05:34] [CB] WATCHING | 5m [78374→78380] +0.009% | cur $78,345.01
2026-05-01T16:06:05  INFO     [20:06:04] [CB] WATCHING | 5m [78374→78380] +0.009% | cur $78,340.07
2026-05-01T16:06:35  INFO     [20:06:35] [CB] WATCHING | 5m [78374→78380] +0.009% | cur $78,333.16
2026-05-01T16:07:06  INFO     [20:07:05] [CB] WATCHING | 5m [78374→78380] +0.009% | cur $78,327.49
2026-05-01T16:07:36  INFO     [20:07:36] [CB] WATCHING | 5m [78374→78380] +0.009% | cur $78,313.64
2026-05-01T16:08:06  INFO     [20:08:06] [CB] WATCHING | 5m [78374→78380] +0.009% | cur $78,334.39
2026-05-01T16:08:37  INFO     [20:08:36] [CB] WATCHING | 5m [78374→78380] +0.009% | cur $78,329.64
2026-05-01T16:09:07  INFO     [20:09:07] [CB] WATCHING | 5m [78374→78380] +0.009% | cur $78,324.00
2026-05-01T16:09:38  INFO     [20:09:37] [CB] WATCHING | 5m [78374→78380] +0.009% | cur $78,317.11
2026-05-01T16:10:08  INFO     [20:10:08] [CB] WATCHING | 5m [78374→78380] +0.009% | cur $78,313.65
2026-05-01T16:10:38  INFO     [20:10:38] [CB] WATCHING | 5m [78380→78324] -0.071% | cur $78,317.95
2026-05-01T16:11:09  INFO     [20:11:08] [CB] WATCHING | 5m [78380→78324] -0.071% | cur $78,312.01
2026-05-01T16:11:39  INFO     [20:11:39] [CB] WATCHING | 5m [78380→78324] -0.071% | cur $78,305.34
2026-05-01T16:12:10  INFO     [20:12:09] [CB] WATCHING | 5m [78380→78324] -0.071% | cur $78,295.00
2026-05-01T16:12:40  INFO     [20:12:40] [CB] WATCHING | 5m [78380→78324] -0.071% | cur $78,303.69
2026-05-01T16:13:11  INFO     [20:13:10] [CB] WATCHING | 5m [78380→78324] -0.071% | cur $78,297.17
2026-05-01T16:13:41  INFO     [20:13:41] [CB] WATCHING | 5m [78380→78324] -0.071% | cur $78,294.64
2026-05-01T16:14:12  INFO     [20:14:11] [CB] WATCHING | 5m [78380→78324] -0.071% | cur $78,300.65
2026-05-01T16:14:42  INFO     [20:14:42] [CB] WATCHING | 5m [78380→78324] -0.071% | cur $78,298.01
2026-05-01T16:15:12  INFO     [20:15:12] [CB] WATCHING | 5m [78324→78300] -0.031% | cur $78,289.75
2026-05-01T16:15:44  INFO     [20:15:42] [CB] WATCHING | 5m [78324→78300] -0.031% | cur $78,268.01
2026-05-01T16:16:14  INFO     [20:16:14] [CB] WATCHING | 5m [78324→78300] -0.031% | cur $78,272.21
2026-05-01T16:16:45  INFO     [20:16:44] [CB] WATCHING | 5m [78324→78300] -0.031% | cur $78,279.02
2026-05-01T16:17:15  INFO     [20:17:15] [CB] WATCHING | 5m [78324→78300] -0.031% | cur $78,283.51
2026-05-01T16:17:45  INFO     [20:17:45] [CB] WATCHING | 5m [78324→78300] -0.031% | cur $78,261.75
2026-05-01T16:18:16  INFO     [20:18:15] [CB] WATCHING | 5m [78324→78300] -0.031% | cur $78,225.01
2026-05-01T16:18:46  INFO     [20:18:46] [CB] WATCHING | 5m [78324→78300] -0.031% | cur $78,206.37
2026-05-01T16:19:16  INFO     [20:19:16] [CB] WATCHING | 5m [78324→78300] -0.031% | cur $78,199.46
2026-05-01T16:19:47  INFO     [20:19:46] [CB] WATCHING | 5m [78324→78300] -0.031% | cur $78,195.81
2026-05-01T16:20:17  INFO     [20:20:17] [CB] WATCHING | 5m [78300→78192] -0.138% | cur $78,195.80
2026-05-01T16:20:48  INFO     [20:20:47] [CB] WATCHING | 5m [78300→78192] -0.138% | cur $78,164.87
2026-05-01T16:21:18  INFO     [20:21:18] [CB] WATCHING | 5m [78300→78192] -0.138% | cur $78,169.56
2026-05-01T16:21:49  INFO     [20:21:48] [CB] WATCHING | 5m [78300→78192] -0.138% | cur $78,086.48
2026-05-01T16:22:19  INFO     [20:22:19] [CB] WATCHING | 5m [78300→78192] -0.138% | cur $78,106.21
2026-05-01T16:22:50  INFO     [20:22:49] [CB] WATCHING | 5m [78300→78192] -0.138% | cur $78,161.40
2026-05-01T16:23:20  INFO     [20:23:20] [CB] WATCHING | 5m [78300→78192] -0.138% | cur $78,154.93
2026-05-01T16:23:50  INFO     [20:23:50] [CB] WATCHING | 5m [78300→78192] -0.138% | cur $78,141.96
2026-05-01T16:24:21  INFO     [20:24:20] [CB] WATCHING | 5m [78300→78192] -0.138% | cur $78,150.48
2026-05-01T16:24:51  INFO     [20:24:51] [CB] WATCHING | 5m [78300→78192] -0.138% | cur $78,167.32
2026-05-01T16:25:21  INFO     [20:25:21] [CB] WATCHING | 5m [78192→78167] -0.032% | cur $78,192.32
2026-05-01T16:25:52  INFO     [20:25:51] [CB] WATCHING | 5m [78192→78167] -0.032% | cur $78,181.43
2026-05-01T16:26:22  INFO     [20:26:22] [CB] WATCHING | 5m [78192→78167] -0.032% | cur $78,172.70
2026-05-01T16:26:53  INFO     [20:26:52] [CB] WATCHING | 5m [78192→78167] -0.032% | cur $78,153.23
2026-05-01T16:27:23  INFO     [20:27:23] [CB] WATCHING | 5m [78192→78167] -0.032% | cur $78,156.00
2026-05-01T16:27:53  INFO     [20:27:53] [CB] WATCHING | 5m [78192→78167] -0.032% | cur $78,178.88
2026-05-01T16:28:24  INFO     [20:28:23] [CB] WATCHING | 5m [78192→78167] -0.032% | cur $78,170.57
2026-05-01T16:28:54  INFO     [20:28:54] [CB] WATCHING | 5m [78192→78167] -0.032% | cur $78,169.00
2026-05-01T16:29:25  INFO     [20:29:24] [CB] WATCHING | 5m [78192→78167] -0.032% | cur $78,142.13
2026-05-01T16:29:55  INFO     [20:29:55] [CB] WATCHING | 5m [78192→78167] -0.032% | cur $78,141.37
2026-05-01T16:30:26  INFO     [20:30:25] [CB] WATCHING | 5m [78167→78141] -0.033% | cur $78,144.82
2026-05-01T16:30:56  INFO     [20:30:56] [CB] WATCHING | 5m [78167→78141] -0.033% | cur $78,119.99
2026-05-01T16:31:26  INFO     [20:31:26] [CB] WATCHING | 5m [78167→78141] -0.033% | cur $78,126.25
2026-05-01T16:31:57  INFO     [20:31:56] [CB] WATCHING | 5m [78167→78141] -0.033% | cur $78,138.75
2026-05-01T16:32:27  INFO     [20:32:27] [CB] WATCHING | 5m [78167→78141] -0.033% | cur $78,138.43
2026-05-01T16:32:57  INFO     [20:32:57] [CB] WATCHING | 5m [78167→78141] -0.033% | cur $78,151.84
2026-05-01T16:33:28  INFO     [20:33:27] [CB] WATCHING | 5m [78167→78141] -0.033% | cur $78,171.00
2026-05-01T16:33:58  INFO     [20:33:58] [CB] WATCHING | 5m [78167→78141] -0.033% | cur $78,148.87
2026-05-01T16:34:29  INFO     [20:34:28] [CB] WATCHING | 5m [78167→78141] -0.033% | cur $78,131.49
2026-05-01T16:34:59  INFO     [20:34:59] [CB] WATCHING | 5m [78167→78141] -0.033% | cur $78,109.50
2026-05-01T16:35:30  INFO     [20:35:29] [CB] WATCHING | 5m [78141→78110] -0.041% | cur $78,137.18
2026-05-01T16:36:00  INFO     [20:36:00] [CB] WATCHING | 5m [78141→78110] -0.041% | cur $78,131.97
2026-05-01T16:36:30  INFO     [20:36:30] [CB] WATCHING | 5m [78141→78110] -0.041% | cur $78,112.95
2026-05-01T16:37:01  INFO     [20:37:00] [CB] WATCHING | 5m [78141→78110] -0.041% | cur $78,116.41
2026-05-01T16:37:31  INFO     [20:37:31] [CB] WATCHING | 5m [78141→78110] -0.041% | cur $78,117.61
2026-05-01T16:38:02  INFO     [20:38:01] [CB] WATCHING | 5m [78141→78110] -0.041% | cur $78,118.38
2026-05-01T16:38:32  INFO     [20:38:32] [CB] WATCHING | 5m [78141→78110] -0.041% | cur $78,096.51
2026-05-01T16:39:02  INFO     [20:39:02] [CB] WATCHING | 5m [78141→78110] -0.041% | cur $78,088.00
2026-05-01T16:39:33  INFO     [20:39:32] [CB] WATCHING | 5m [78141→78110] -0.041% | cur $78,057.75
2026-05-01T16:40:03  INFO     [20:40:03] [CB] WATCHING | 5m [78141→78110] -0.041% | cur $78,056.00
2026-05-01T16:40:34  INFO     [20:40:33] [CB] WATCHING | 5m [78107→78061] -0.059% | cur $78,058.99
2026-05-01T16:41:04  INFO     [20:41:04] [CB] WATCHING | 5m [78107→78061] -0.059% | cur $77,965.24
2026-05-01T16:41:34  INFO     [20:41:34] [CB] WATCHING | 5m [78107→78061] -0.059% | cur $77,945.75
2026-05-01T16:42:05  INFO     [20:42:04] [CB] WATCHING | 5m [78107→78061] -0.059% | cur $77,955.26
2026-05-01T16:42:35  INFO     [20:42:35] [CB] WATCHING | 5m [78107→78061] -0.059% | cur $77,936.97
2026-05-01T16:43:05  INFO     [20:43:05] [CB] WATCHING | 5m [78107→78061] -0.059% | cur $77,964.00
2026-05-01T16:43:36  INFO     [20:43:35] [CB] WATCHING | 5m [78107→78061] -0.059% | cur $77,987.11
2026-05-01T16:44:06  INFO     [20:44:06] [CB] WATCHING | 5m [78107→78061] -0.059% | cur $77,984.94
2026-05-01T16:44:37  INFO     [20:44:36] [CB] WATCHING | 5m [78107→78061] -0.059% | cur $77,980.51
2026-05-01T16:45:07  INFO     [20:45:07] [CB] WATCHING | 5m [78107→78061] -0.059% | cur $77,967.64
2026-05-01T16:45:37  INFO     [20:45:37] [CB] WATCHING | 5m [78061→77978] -0.106% | cur $77,990.65
2026-05-01T16:46:08  INFO     [20:46:07] [CB] WATCHING | 5m [78061→77978] -0.106% | cur $78,002.67
2026-05-01T16:46:38  INFO     [20:46:38] [CB] WATCHING | 5m [78061→77978] -0.106% | cur $78,002.94
2026-05-01T16:47:09  INFO     [20:47:08] [CB] WATCHING | 5m [78061→77978] -0.106% | cur $78,007.26
2026-05-01T16:47:39  INFO     [20:47:39] [CB] WATCHING | 5m [78061→77978] -0.106% | cur $78,018.61
2026-05-01T16:48:09  INFO     [20:48:09] [CB] WATCHING | 5m [78061→77978] -0.106% | cur $78,021.41
2026-05-01T16:48:40  INFO     [20:48:39] [CB] WATCHING | 5m [78061→77978] -0.106% | cur $78,016.08
2026-05-01T16:49:10  INFO     [20:49:10] [CB] WATCHING | 5m [78061→77978] -0.106% | cur $77,959.00
2026-05-01T16:49:41  INFO     [20:49:40] [CB] WATCHING | 5m [78061→77978] -0.106% | cur $77,950.47
2026-05-01T16:50:11  INFO     [20:50:11] [CB] WATCHING | 5m [77978→77948] -0.039% | cur $77,964.36
2026-05-01T16:50:42  INFO     [20:50:41] [CB] WATCHING | 5m [77978→77948] -0.039% | cur $77,964.70
2026-05-01T16:51:12  INFO     [20:51:12] [CB] WATCHING | 5m [77978→77948] -0.039% | cur $77,954.68
2026-05-01T16:51:42  INFO     [20:51:42] [CB] WATCHING | 5m [77978→77948] -0.039% | cur $77,955.84
2026-05-01T16:52:13  INFO     [20:52:12] [CB] WATCHING | 5m [77978→77948] -0.039% | cur $77,938.00
2026-05-01T16:52:43  INFO     [20:52:43] [CB] WATCHING | 5m [77978→77948] -0.039% | cur $77,807.99
2026-05-01T16:53:14  INFO     [20:53:13] [CB] WATCHING | 5m [77978→77948] -0.039% | cur $77,749.58
2026-05-01T16:53:44  INFO     [20:53:44] [CB] WATCHING | 5m [77978→77948] -0.039% | cur $77,798.10
2026-05-01T16:54:14  INFO     [20:54:14] [CB] WATCHING | 5m [77978→77948] -0.039% | cur $77,826.93
2026-05-01T16:54:45  INFO     [20:54:44] [CB] WATCHING | 5m [77978→77948] -0.039% | cur $77,829.83
2026-05-01T16:55:15  INFO     [20:55:15] [CB] WATCHING | 5m [77954→77853] -0.130% | cur $77,843.51
2026-05-01T16:55:46  INFO     [20:55:45] [CB] WATCHING | 5m [77954→77853] -0.130% | cur $77,874.23
2026-05-01T16:56:16  INFO     [20:56:16] [CB] WATCHING | 5m [77954→77853] -0.130% | cur $77,856.01
2026-05-01T16:56:46  INFO     [20:56:46] [CB] WATCHING | 5m [77954→77853] -0.130% | cur $77,867.76
2026-05-01T16:57:17  INFO     [20:57:16] [CB] WATCHING | 5m [77954→77853] -0.130% | cur $77,822.35
2026-05-01T16:57:47  INFO     [20:57:47] [CB] WATCHING | 5m [77954→77853] -0.130% | cur $77,860.36
2026-05-01T16:58:18  INFO     [20:58:17] [CB] WATCHING | 5m [77954→77853] -0.130% | cur $77,853.45
2026-05-01T16:58:48  INFO     [20:58:48] [CB] WATCHING | 5m [77954→77853] -0.130% | cur $77,877.06
2026-05-01T16:59:19  INFO     [20:59:18] [CB] WATCHING | 5m [77954→77853] -0.130% | cur $77,872.95
2026-05-01T16:59:49  INFO     [20:59:49] [CB] WATCHING | 5m [77954→77853] -0.130% | cur $77,885.46
2026-05-01T17:00:19  INFO     [21:00:19] [CB] WATCHING | 5m [77853→77873] +0.026% | cur $77,870.98
2026-05-01T17:00:50  INFO     [21:00:49] [CB] WATCHING | 5m [77853→77873] +0.026% | cur $77,879.53
2026-05-01T17:01:20  INFO     [21:01:20] [CB] WATCHING | 5m [77853→77873] +0.026% | cur $77,892.93
2026-05-01T17:01:51  INFO     [21:01:50] [CB] WATCHING | 5m [77853→77873] +0.026% | cur $77,898.37
2026-05-01T17:02:21  INFO     [21:02:21] [CB] WATCHING | 5m [77853→77873] +0.026% | cur $77,949.73
2026-05-01T17:02:51  INFO     [21:02:51] [CB] WATCHING | 5m [77853→77873] +0.026% | cur $77,946.99
2026-05-01T17:03:22  INFO     [21:03:21] [CB] WATCHING | 5m [77853→77873] +0.026% | cur $77,955.00
2026-05-01T17:03:52  INFO     [21:03:52] [CB] WATCHING | 5m [77853→77873] +0.026% | cur $77,961.94
2026-05-01T17:04:23  INFO     [21:04:22] [CB] WATCHING | 5m [77853→77873] +0.026% | cur $77,934.01
2026-05-01T17:04:53  INFO     [21:04:53] [CB] WATCHING | 5m [77853→77873] +0.026% | cur $77,918.40
2026-05-01T17:05:23  INFO     [21:05:23] [CB] WATCHING | 5m [77873→77898] +0.033% | cur $77,915.71
2026-05-01T17:05:54  INFO     [21:05:53] [CB] WATCHING | 5m [77873→77898] +0.033% | cur $77,915.80
2026-05-01T17:06:24  INFO     [21:06:24] [CB] WATCHING | 5m [77873→77898] +0.033% | cur $77,908.82
2026-05-01T17:06:55  INFO     [21:06:54] [CB] WATCHING | 5m [77873→77898] +0.033% | cur $77,926.12
2026-05-01T17:07:25  INFO     [21:07:25] [CB] WATCHING | 5m [77873→77898] +0.033% | cur $77,921.71
2026-05-01T17:07:56  INFO     [21:07:55] [CB] WATCHING | 5m [77873→77898] +0.033% | cur $77,908.83
2026-05-01T17:08:26  INFO     [21:08:26] [CB] WATCHING | 5m [77873→77898] +0.033% | cur $77,915.73
2026-05-01T17:08:56  INFO     [21:08:56] [CB] WATCHING | 5m [77873→77898] +0.033% | cur $77,929.59
2026-05-01T17:09:27  INFO     [21:09:26] [CB] WATCHING | 5m [77873→77898] +0.033% | cur $77,947.88
2026-05-01T17:09:57  INFO     [21:09:57] [CB] WATCHING | 5m [77873→77898] +0.033% | cur $77,960.71
2026-05-01T17:10:28  INFO     [21:10:27] [CB] WATCHING | 5m [77898→77964] +0.084% | cur $77,976.94
2026-05-01T17:10:58  INFO     [21:10:58] [CB] WATCHING | 5m [77898→77964] +0.084% | cur $77,971.93
2026-05-01T17:11:28  INFO     [21:11:28] [CB] WATCHING | 5m [77898→77964] +0.084% | cur $77,956.02
2026-05-01T17:11:59  INFO     [21:11:58] [CB] WATCHING | 5m [77898→77964] +0.084% | cur $77,960.72
2026-05-01T17:12:29  INFO     [21:12:29] [CB] WATCHING | 5m [77898→77964] +0.084% | cur $77,967.63
2026-05-01T17:12:59  INFO     [21:12:59] [CB] WATCHING | 5m [77898→77964] +0.084% | cur $77,975.69
2026-05-01T17:13:30  INFO     [21:13:29] [CB] WATCHING | 5m [77898→77964] +0.084% | cur $77,952.55
2026-05-01T17:14:00  INFO     [21:14:00] [CB] WATCHING | 5m [77898→77964] +0.084% | cur $77,945.52
2026-05-01T17:14:30  INFO     [21:14:30] [CB] WATCHING | 5m [77898→77964] +0.084% | cur $77,953.79
2026-05-01T17:15:01  INFO     [21:15:00] [CB] WATCHING | 5m [77898→77964] +0.084% | cur $77,959.21
2026-05-01T17:15:31  INFO     [21:15:31] [CB] WATCHING | 5m [77964→77959] -0.006% | cur $77,951.07
2026-05-01T17:16:02  INFO     [21:16:01] [CB] WATCHING | 5m [77964→77959] -0.006% | cur $77,932.13
2026-05-01T17:16:32  INFO     [21:16:32] [CB] WATCHING | 5m [77964→77959] -0.006% | cur $77,938.00
2026-05-01T17:17:02  INFO     [21:17:02] [CB] WATCHING | 5m [77964→77959] -0.006% | cur $77,944.71
2026-05-01T17:17:33  INFO     [21:17:32] [CB] WATCHING | 5m [77964→77959] -0.006% | cur $77,962.31
2026-05-01T17:18:03  INFO     [21:18:03] [CB] WATCHING | 5m [77964→77959] -0.006% | cur $77,968.48
2026-05-01T17:18:34  INFO     [21:18:33] [CB] WATCHING | 5m [77964→77959] -0.006% | cur $78,002.23
2026-05-01T17:19:04  INFO     [21:19:04] [CB] WATCHING | 5m [77964→77959] -0.006% | cur $77,962.32
2026-05-01T17:19:34  INFO     [21:19:34] [CB] WATCHING | 5m [77964→77959] -0.006% | cur $77,981.14
2026-05-01T17:20:05  INFO     [21:20:04] [CB] WATCHING | 5m [77964→77959] -0.006% | cur $77,964.18
2026-05-01T17:20:35  INFO     [21:20:35] [CB] WATCHING | 5m [77959→77968] +0.011% | cur $77,965.68
2026-05-01T17:21:05  INFO     [21:21:05] [CB] WATCHING | 5m [77959→77968] +0.011% | cur $77,965.76
2026-05-01T17:21:36  INFO     [21:21:35] [CB] WATCHING | 5m [77959→77968] +0.011% | cur $77,981.47
2026-05-01T17:22:06  INFO     [21:22:06] [CB] WATCHING | 5m [77959→77968] +0.011% | cur $77,987.66
2026-05-01T17:22:36  INFO     [21:22:36] [CB] WATCHING | 5m [77959→77968] +0.011% | cur $77,957.26
2026-05-01T17:23:07  INFO     [21:23:06] [CB] WATCHING | 5m [77959→77968] +0.011% | cur $77,959.98
2026-05-01T17:23:37  INFO     [21:23:37] [CB] WATCHING | 5m [77959→77968] +0.011% | cur $77,967.64
2026-05-01T17:24:08  INFO     [21:24:07] [CB] WATCHING | 5m [77959→77968] +0.011% | cur $77,986.74
2026-05-01T17:24:38  INFO     [21:24:38] [CB] WATCHING | 5m [77959→77968] +0.011% | cur $77,967.86
2026-05-01T17:25:08  INFO     [21:25:08] [CB] WATCHING | 5m [77959→77968] +0.011% | cur $77,960.67
2026-05-01T17:25:39  INFO     [21:25:38] [CB] WATCHING | 5m [77968→77957] -0.013% | cur $77,964.18
2026-05-01T17:26:09  INFO     [21:26:09] [CB] WATCHING | 5m [77968→77957] -0.013% | cur $77,958.00
2026-05-01T17:26:40  INFO     [21:26:39] [CB] WATCHING | 5m [77968→77957] -0.013% | cur $77,990.10
2026-05-01T17:27:10  INFO     [21:27:10] [CB] WATCHING | 5m [77968→77957] -0.013% | cur $78,011.49
2026-05-01T17:27:40  INFO     [21:27:40] [CB] WATCHING | 5m [77968→77957] -0.013% | cur $78,050.68
2026-05-01T17:28:11  INFO     [21:28:10] [CB] WATCHING | 5m [77968→77957] -0.013% | cur $78,067.97
2026-05-01T17:28:41  INFO     [21:28:41] [CB] WATCHING | 5m [77968→77957] -0.013% | cur $78,034.10
2026-05-01T17:29:12  INFO     [21:29:11] [CB] WATCHING | 5m [77968→77957] -0.013% | cur $78,005.70
2026-05-01T17:29:42  INFO     [21:29:42] [CB] WATCHING | 5m [77968→77957] -0.013% | cur $78,008.04
2026-05-01T17:30:12  INFO     [21:30:12] [CB] WATCHING | 5m [77957→78016] +0.075% | cur $78,028.57
2026-05-01T17:30:43  INFO     [21:30:42] [CB] WATCHING | 5m [77957→78016] +0.075% | cur $78,040.30
2026-05-01T17:31:13  INFO     [21:31:13] [CB] WATCHING | 5m [77957→78016] +0.075% | cur $78,068.24
2026-05-01T17:31:43  INFO     [21:31:43] [CB] WATCHING | 5m [77957→78016] +0.075% | cur $78,093.17
2026-05-01T17:32:14  INFO     [21:32:13] [CB] WATCHING | 5m [77957→78016] +0.075% | cur $78,090.02
2026-05-01T17:32:44  INFO     [21:32:44] [CB] WATCHING | 5m [77957→78016] +0.075% | cur $78,123.33
2026-05-01T17:33:15  INFO     [21:33:14] [CB] WATCHING | 5m [77957→78016] +0.075% | cur $78,124.02
2026-05-01T17:33:45  INFO     [21:33:45] [CB] WATCHING | 5m [77957→78016] +0.075% | cur $78,140.64
2026-05-01T17:34:15  INFO     [21:34:15] [CB] WATCHING | 5m [77957→78016] +0.075% | cur $78,137.17
2026-05-01T17:34:46  INFO     [21:34:45] [CB] WATCHING | 5m [77957→78016] +0.075% | cur $78,119.88
2026-05-01T17:35:16  INFO     [21:35:16] [CB] WATCHING | 5m [78016→78106] +0.115% | cur $78,102.18
2026-05-01T17:35:47  INFO     [21:35:46] [CB] WATCHING | 5m [78016→78106] +0.115% | cur $78,109.70
2026-05-01T17:36:17  INFO     [21:36:17] [CB] WATCHING | 5m [78016→78106] +0.115% | cur $78,093.80
2026-05-01T17:36:47  INFO     [21:36:47] [CB] WATCHING | 5m [78016→78106] +0.115% | cur $78,104.09
2026-05-01T17:37:18  INFO     [21:37:17] [CB] WATCHING | 5m [78016→78106] +0.115% | cur $78,123.33
2026-05-01T17:37:48  INFO     [21:37:48] [CB] WATCHING | 5m [78016→78106] +0.115% | cur $78,132.60
2026-05-01T17:38:19  INFO     [21:38:18] [CB] WATCHING | 5m [78016→78106] +0.115% | cur $78,113.63
2026-05-01T17:38:49  INFO     [21:38:49] [CB] WATCHING | 5m [78016→78106] +0.115% | cur $78,099.13
2026-05-01T17:39:20  INFO     [21:39:19] [CB] WATCHING | 5m [78016→78106] +0.115% | cur $78,095.69
2026-05-01T17:39:50  INFO     [21:39:50] [CB] WATCHING | 5m [78016→78106] +0.115% | cur $78,138.96
2026-05-01T17:40:21  INFO     [21:40:20] [CB] WATCHING | 5m [78106→78123] +0.022% | cur $78,151.01
2026-05-01T17:40:51  INFO     [21:40:51] [CB] WATCHING | 5m [78106→78123] +0.022% | cur $78,144.26
2026-05-01T17:41:21  INFO     [21:41:21] [CB] WATCHING | 5m [78106→78123] +0.022% | cur $78,123.55
2026-05-01T17:41:52  INFO     [21:41:51] [CB] WATCHING | 5m [78106→78123] +0.022% | cur $78,168.45
2026-05-01T17:42:22  INFO     [21:42:22] [CB] WATCHING | 5m [78106→78123] +0.022% | cur $78,160.43
2026-05-01T17:42:53  INFO     [21:42:52] [CB] WATCHING | 5m [78106→78123] +0.022% | cur $78,143.55
2026-05-01T17:43:23  INFO     [21:43:23] [CB] WATCHING | 5m [78106→78123] +0.022% | cur $78,092.64
