2026-04-28T23:55:43  INFO     Logging to /Users/jackson/kalshi-bot/polymarket.log
2026-04-28T23:55:43  INFO     ============================================================
2026-04-28T23:55:43  INFO     Kalshi Bot — Path D: Polymarket Latency Arb
2026-04-28T23:55:43  INFO     Mode: PAPER
2026-04-28T23:55:43  INFO     BTC move threshold: 0.3% over 30s
2026-04-28T23:55:43  INFO     Lag gap threshold:  4¢ | stale threshold: 1¢
2026-04-28T23:55:43  INFO     Market window:      120s–6.0h before close
2026-04-28T23:55:43  INFO     Order size (live):  $10 USDC
2026-04-28T23:55:43  INFO     Trade log:          /Users/jackson/kalshi-bot/polymarket_trades.jsonl
2026-04-28T23:55:43  INFO     ============================================================
2026-04-28T23:55:43  INFO     Coinbase BTC/USD feed started (shared with Path C)
2026-04-28T23:55:43  INFO     PAPER mode — Polymarket private key not required for read-only operation
2026-04-28T23:55:43  INFO     [POLY] Scanning Gamma API for BTC/ETH price markets...
2026-04-28T23:55:45  INFO     [POLY] No BTC/ETH price-direction markets closing within 6h found — will rescan in 120s.
       Note: Polymarket has no standardised 5/15-min crypto series.
       Daily/weekly 'BTC above $X' markets are the target product.
2026-04-29T00:00:45  INFO     Logging to /Users/jackson/kalshi-bot/polymarket.log
2026-04-29T00:00:45  INFO     =================================================================
2026-04-29T00:00:45  INFO     Kalshi Bot — Path D: Polymarket Latency Arb
2026-04-29T00:00:45  INFO     Mode: PAPER
2026-04-29T00:00:45  INFO     BTC window:         30s | staleness confirm: 60s
2026-04-29T00:00:45  INFO     NEAR regime (<1h):  BTC move ≥0.3% | stale <4¢
2026-04-29T00:00:45  INFO     FAR  regime (1-4h): BTC move ≥0.8% | stale <6¢
2026-04-29T00:00:45  INFO     Lag gap (min edge): 4¢ | volume filter: ≥$10,000
2026-04-29T00:00:45  INFO     Market window:      120s–4h before close
2026-04-29T00:00:45  INFO     Order size (live):  $10 USDC
2026-04-29T00:00:45  INFO     Trade log:          /Users/jackson/kalshi-bot/polymarket_trades.jsonl
2026-04-29T00:00:45  INFO     =================================================================
2026-04-29T00:00:45  INFO     Coinbase BTC/USD feed started (shared with Path C)
2026-04-29T00:00:45  INFO     PAPER mode — Polymarket private key not required for read-only operation
2026-04-29T00:00:45  INFO     [POLY] Scanning Gamma API for BTC/ETH price markets...
2026-04-29T00:00:47  INFO     [POLY] No qualifying markets found (closing within 4h, vol≥$10,000) — rescan in 120s. This is normal near daily UTC close/open when Polymarket's daily BTC/ETH contracts have just settled.
2026-04-29T00:06:58  INFO     Logging to /Users/jackson/kalshi-bot/polymarket.log
2026-04-29T00:06:58  INFO     =================================================================
2026-04-29T00:06:58  INFO     Kalshi Bot — Path D: Polymarket Latency Arb
2026-04-29T00:06:58  INFO     Mode: PAPER
2026-04-29T00:06:58  INFO     BTC window:         30s | staleness confirm: 60s
2026-04-29T00:06:58  INFO     NEAR regime (<1h):  BTC move ≥0.3% | stale <4¢
2026-04-29T00:06:58  INFO     FAR  regime (1-4h): BTC move ≥0.8% | stale <6¢
2026-04-29T00:06:58  INFO     Lag gap (min edge): 4¢ | volume filter: ≥$10,000
2026-04-29T00:06:58  INFO     Market window:      120s–4h before close
2026-04-29T00:06:58  INFO     Order size (live):  $10 USDC
2026-04-29T00:06:58  INFO     Trade log:          /Users/jackson/kalshi-bot/polymarket_trades.jsonl
2026-04-29T00:06:58  INFO     =================================================================
2026-04-29T00:06:58  INFO     Coinbase BTC/USD feed started (shared with Path C)
2026-04-29T00:06:58  INFO     PAPER mode — Polymarket private key not required for read-only operation
2026-04-29T00:06:58  INFO     [POLY] Scanning Gamma API for BTC/ETH price-direction markets...
2026-04-29T00:07:00  INFO     [POLY] No BTC/ETH price-direction markets found within 24h (vol≥$10,000). Rescan in 120s. This is normal near daily UTC midnight when Polymarket's daily contracts have just settled and new ones are being created.
2026-04-29T00:12:13  INFO     Logging to /Users/jackson/kalshi-bot/polymarket.log
2026-04-29T00:12:13  INFO     =================================================================
2026-04-29T00:12:13  INFO     Kalshi Bot — Path D: Polymarket Latency Arb
2026-04-29T00:12:13  INFO     Mode: PAPER
2026-04-29T00:12:13  INFO     BTC window:         30s | staleness confirm: 60s
2026-04-29T00:12:13  INFO     NEAR regime (<1h):  BTC move ≥0.3% | stale <4¢
2026-04-29T00:12:13  INFO     FAR  regime (1-4h): BTC move ≥0.8% | stale <6¢
2026-04-29T00:12:13  INFO     Lag gap (min edge): 4¢ | volume filter: ≥$10,000
2026-04-29T00:12:13  INFO     Market window:      120s–4h before close
2026-04-29T00:12:13  INFO     Order size (live):  $10 USDC
2026-04-29T00:12:13  INFO     Trade log:          /Users/jackson/kalshi-bot/polymarket_trades.jsonl
2026-04-29T00:12:13  INFO     =================================================================
2026-04-29T00:12:13  INFO     Coinbase BTC/USD feed started (shared with Path C)
2026-04-29T00:12:13  INFO     PAPER mode — Polymarket private key not required for read-only operation
2026-04-29T00:12:13  INFO     [POLY] Scanning Gamma API for BTC/ETH price-direction markets...
2026-04-29T00:12:15  INFO     [POLY] No BTC/ETH price-direction markets found within 24h (vol≥$10,000). Rescan in 120s. This is normal near daily UTC midnight when Polymarket's daily contracts have just settled and new ones are being created.
2026-04-29T00:14:15  INFO     [POLY] Scanning Gamma API for BTC/ETH price-direction markets...
2026-04-29T00:14:45  INFO     [POLY] No BTC/ETH price-direction markets found within 24h (vol≥$10,000). Rescan in 120s. This is normal near daily UTC midnight when Polymarket's daily contracts have just settled and new ones are being created.
2026-04-29T00:48:32  INFO     [POLY] Scanning Gamma API for BTC/ETH price-direction markets...
2026-04-29T00:48:35  INFO     [POLY] No BTC/ETH price-direction markets found within 24h (vol≥$10,000). Rescan in 120s. This is normal near daily UTC midnight when Polymarket's daily contracts have just settled and new ones are being created.
2026-04-29T01:10:23  INFO     [POLY] Scanning Gamma API for BTC/ETH price-direction markets...
2026-04-29T01:10:25  INFO     [POLY] No BTC/ETH price-direction markets found within 24h (vol≥$10,000). Rescan in 120s. This is normal near daily UTC midnight when Polymarket's daily contracts have just settled and new ones are being created.
2026-04-29T01:43:40  INFO     [POLY] Scanning Gamma API for BTC/ETH price-direction markets...
2026-04-29T01:43:42  INFO     [POLY] No BTC/ETH price-direction markets found within 24h (vol≥$10,000). Rescan in 120s. This is normal near daily UTC midnight when Polymarket's daily contracts have just settled and new ones are being created.
2026-04-29T02:32:45  INFO     [POLY] Scanning Gamma API for BTC/ETH price-direction markets...
2026-04-29T02:32:47  INFO     [POLY] No BTC/ETH price-direction markets found within 24h (vol≥$10,000). Rescan in 120s. This is normal near daily UTC midnight when Polymarket's daily contracts have just settled and new ones are being created.
2026-04-29T02:50:42  INFO     [POLY] Scanning Gamma API for BTC/ETH price-direction markets...
2026-04-29T02:50:44  INFO     [POLY] No BTC/ETH price-direction markets found within 24h (vol≥$10,000). Rescan in 120s. This is normal near daily UTC midnight when Polymarket's daily contracts have just settled and new ones are being created.
2026-04-29T03:09:19  INFO     [POLY] Scanning Gamma API for BTC/ETH price-direction markets...
2026-04-29T03:09:23  INFO     [POLY] No BTC/ETH price-direction markets found within 24h (vol≥$10,000). Rescan in 120s. This is normal near daily UTC midnight when Polymarket's daily contracts have just settled and new ones are being created.
2026-04-29T03:32:35  INFO     [POLY] Scanning Gamma API for BTC/ETH price-direction markets...
2026-04-29T03:32:37  INFO     [POLY] No BTC/ETH price-direction markets found within 24h (vol≥$10,000). Rescan in 120s. This is normal near daily UTC midnight when Polymarket's daily contracts have just settled and new ones are being created.
2026-04-29T03:47:51  INFO     [POLY] Scanning Gamma API for BTC/ETH price-direction markets...
2026-04-29T03:47:59  INFO     [POLY] No BTC/ETH price-direction markets found within 24h (vol≥$10,000). Rescan in 120s. This is normal near daily UTC midnight when Polymarket's daily contracts have just settled and new ones are being created.
2026-04-29T03:49:59  INFO     [POLY] Scanning Gamma API for BTC/ETH price-direction markets...
2026-04-29T03:50:00  INFO     [POLY] No BTC/ETH price-direction markets found within 24h (vol≥$10,000). Rescan in 120s. This is normal near daily UTC midnight when Polymarket's daily contracts have just settled and new ones are being created.
2026-04-29T03:52:00  INFO     [POLY] Scanning Gamma API for BTC/ETH price-direction markets...
2026-04-29T03:52:00  INFO     [POLY] No BTC/ETH price-direction markets found within 24h (vol≥$10,000). Rescan in 120s. This is normal near daily UTC midnight when Polymarket's daily contracts have just settled and new ones are being created.
2026-04-29T04:09:26  INFO     [POLY] Scanning Gamma API for BTC/ETH price-direction markets...
2026-04-29T04:09:35  INFO     [POLY] No BTC/ETH price-direction markets found within 24h (vol≥$10,000). Rescan in 120s. This is normal near daily UTC midnight when Polymarket's daily contracts have just settled and new ones are being created.
2026-04-29T04:11:35  INFO     [POLY] Scanning Gamma API for BTC/ETH price-direction markets...
2026-04-29T04:11:36  INFO     [POLY] No BTC/ETH price-direction markets found within 24h (vol≥$10,000). Rescan in 120s. This is normal near daily UTC midnight when Polymarket's daily contracts have just settled and new ones are being created.
2026-04-29T04:13:36  INFO     [POLY] Scanning Gamma API for BTC/ETH price-direction markets...
2026-04-29T04:13:36  INFO     [POLY] No BTC/ETH price-direction markets found within 24h (vol≥$10,000). Rescan in 120s. This is normal near daily UTC midnight when Polymarket's daily contracts have just settled and new ones are being created.
2026-04-29T04:15:36  INFO     [POLY] Scanning Gamma API for BTC/ETH price-direction markets...
2026-04-29T04:15:38  INFO     [POLY] No BTC/ETH price-direction markets found within 24h (vol≥$10,000). Rescan in 120s. This is normal near daily UTC midnight when Polymarket's daily contracts have just settled and new ones are being created.
2026-04-29T04:17:38  INFO     [POLY] Scanning Gamma API for BTC/ETH price-direction markets...
2026-04-29T04:17:39  INFO     [POLY] No BTC/ETH price-direction markets found within 24h (vol≥$10,000). Rescan in 120s. This is normal near daily UTC midnight when Polymarket's daily contracts have just settled and new ones are being created.
2026-04-29T04:19:39  INFO     [POLY] Scanning Gamma API for BTC/ETH price-direction markets...
2026-04-29T04:19:40  INFO     [POLY] No BTC/ETH price-direction markets found within 24h (vol≥$10,000). Rescan in 120s. This is normal near daily UTC midnight when Polymarket's daily contracts have just settled and new ones are being created.
2026-04-29T04:21:40  INFO     [POLY] Scanning Gamma API for BTC/ETH price-direction markets...
2026-04-29T04:21:42  INFO     [POLY] No BTC/ETH price-direction markets found within 24h (vol≥$10,000). Rescan in 120s. This is normal near daily UTC midnight when Polymarket's daily contracts have just settled and new ones are being created.
2026-04-29T04:23:42  INFO     [POLY] Scanning Gamma API for BTC/ETH price-direction markets...
2026-04-29T04:23:43  INFO     [POLY] No BTC/ETH price-direction markets found within 24h (vol≥$10,000). Rescan in 120s. This is normal near daily UTC midnight when Polymarket's daily contracts have just settled and new ones are being created.
2026-04-29T04:25:43  INFO     [POLY] Scanning Gamma API for BTC/ETH price-direction markets...
2026-04-29T04:25:43  INFO     [POLY] No BTC/ETH price-direction markets found within 24h (vol≥$10,000). Rescan in 120s. This is normal near daily UTC midnight when Polymarket's daily contracts have just settled and new ones are being created.
2026-04-29T04:27:43  INFO     [POLY] Scanning Gamma API for BTC/ETH price-direction markets...
2026-04-29T04:27:45  INFO     [POLY] No BTC/ETH price-direction markets found within 24h (vol≥$10,000). Rescan in 120s. This is normal near daily UTC midnight when Polymarket's daily contracts have just settled and new ones are being created.
2026-04-29T04:29:45  INFO     [POLY] Scanning Gamma API for BTC/ETH price-direction markets...
2026-04-29T04:29:46  INFO     [POLY] No BTC/ETH price-direction markets found within 24h (vol≥$10,000). Rescan in 120s. This is normal near daily UTC midnight when Polymarket's daily contracts have just settled and new ones are being created.
2026-04-29T04:31:46  INFO     [POLY] Scanning Gamma API for BTC/ETH price-direction markets...
2026-04-29T04:31:47  INFO     [POLY] No BTC/ETH price-direction markets found within 24h (vol≥$10,000). Rescan in 120s. This is normal near daily UTC midnight when Polymarket's daily contracts have just settled and new ones are being created.
2026-04-29T04:36:16  INFO     [POLY] Scanning Gamma API for BTC/ETH price-direction markets...
2026-04-29T04:36:18  INFO     [POLY] No BTC/ETH price-direction markets found within 24h (vol≥$10,000). Rescan in 120s. This is normal near daily UTC midnight when Polymarket's daily contracts have just settled and new ones are being created.
2026-04-29T05:08:59  INFO     [POLY] Scanning Gamma API for BTC/ETH price-direction markets...
2026-04-29T05:09:07  INFO     [POLY] No BTC/ETH price-direction markets found within 24h (vol≥$10,000). Rescan in 120s. This is normal near daily UTC midnight when Polymarket's daily contracts have just settled and new ones are being created.
2026-04-29T05:17:29  INFO     [POLY] Scanning Gamma API for BTC/ETH price-direction markets...
2026-04-29T05:17:31  INFO     [POLY] No BTC/ETH price-direction markets found within 24h (vol≥$10,000). Rescan in 120s. This is normal near daily UTC midnight when Polymarket's daily contracts have just settled and new ones are being created.
2026-04-29T05:51:01  INFO     [POLY] Scanning Gamma API for BTC/ETH price-direction markets...
2026-04-29T05:51:14  INFO     [POLY] No BTC/ETH price-direction markets found within 24h (vol≥$10,000). Rescan in 120s. This is normal near daily UTC midnight when Polymarket's daily contracts have just settled and new ones are being created.
2026-04-29T05:53:14  INFO     [POLY] Scanning Gamma API for BTC/ETH price-direction markets...
2026-04-29T05:53:15  INFO     [POLY] No BTC/ETH price-direction markets found within 24h (vol≥$10,000). Rescan in 120s. This is normal near daily UTC midnight when Polymarket's daily contracts have just settled and new ones are being created.
2026-04-29T06:34:19  INFO     [POLY] Scanning Gamma API for BTC/ETH price-direction markets...
2026-04-29T06:34:21  INFO     [POLY] No BTC/ETH price-direction markets found within 24h (vol≥$10,000). Rescan in 120s. This is normal near daily UTC midnight when Polymarket's daily contracts have just settled and new ones are being created.
2026-04-29T06:58:26  INFO     [POLY] Scanning Gamma API for BTC/ETH price-direction markets...
2026-04-29T06:58:29  INFO     [POLY] No BTC/ETH price-direction markets found within 24h (vol≥$10,000). Rescan in 120s. This is normal near daily UTC midnight when Polymarket's daily contracts have just settled and new ones are being created.
2026-04-29T07:05:17  INFO     [POLY] Scanning Gamma API for BTC/ETH price-direction markets...
2026-04-29T07:05:20  INFO     [POLY] No BTC/ETH price-direction markets found within 24h (vol≥$10,000). Rescan in 120s. This is normal near daily UTC midnight when Polymarket's daily contracts have just settled and new ones are being created.
2026-04-29T07:12:37  INFO     [POLY] Scanning Gamma API for BTC/ETH price-direction markets...
2026-04-29T07:12:45  INFO     Shutting down...
2026-04-29T07:12:45  INFO     Polymarket bot stopped.
2026-04-29T15:13:38  INFO     Logging to /Users/jackson/kalshi-bot/polymarket.log
2026-04-29T15:13:39  INFO     =================================================================
2026-04-29T15:13:39  INFO     Kalshi Bot — Path D: Polymarket Latency Arb
2026-04-29T15:13:39  INFO     Mode: PAPER
2026-04-29T15:13:39  INFO     BTC window:         30s | staleness confirm: 60s
2026-04-29T15:13:39  INFO     NEAR regime (<1h):  BTC move ≥0.3% | stale <4¢
2026-04-29T15:13:39  INFO     FAR  regime (1-4h): BTC move ≥0.8% | stale <6¢
2026-04-29T15:13:39  INFO     Lag gap (min edge): 4¢ | volume filter: ≥$10,000
2026-04-29T15:13:39  INFO     Market window:      120s–4h before close
2026-04-29T15:13:39  INFO     Order size (live):  $10 USDC
2026-04-29T15:13:39  INFO     Trade log:          /Users/jackson/kalshi-bot/polymarket_trades.jsonl
2026-04-29T15:13:39  INFO     =================================================================
2026-04-29T15:13:39  INFO     Coinbase BTC/USD feed started (shared with Path C)
2026-04-29T15:13:39  INFO     PAPER mode — Polymarket private key not required for read-only operation
2026-04-29T15:13:39  INFO     [POLY] Scanning Gamma API for BTC/ETH price-direction markets...
2026-04-29T15:13:41  INFO     [POLY] No BTC/ETH price-direction markets found within 24h (vol≥$10,000). Rescan in 120s. This is normal near daily UTC midnight when Polymarket's daily contracts have just settled and new ones are being created.
2026-04-29T15:15:41  INFO     [POLY] Scanning Gamma API for BTC/ETH price-direction markets...
2026-04-29T15:15:41  INFO     [POLY] No BTC/ETH price-direction markets found within 24h (vol≥$10,000). Rescan in 120s. This is normal near daily UTC midnight when Polymarket's daily contracts have just settled and new ones are being created.
2026-04-29T15:17:41  INFO     [POLY] Scanning Gamma API for BTC/ETH price-direction markets...
2026-04-29T15:17:42  INFO     [POLY] No BTC/ETH price-direction markets found within 24h (vol≥$10,000). Rescan in 120s. This is normal near daily UTC midnight when Polymarket's daily contracts have just settled and new ones are being created.
2026-04-29T15:19:42  INFO     [POLY] Scanning Gamma API for BTC/ETH price-direction markets...
2026-04-29T15:19:44  INFO     [POLY] No BTC/ETH price-direction markets found within 24h (vol≥$10,000). Rescan in 120s. This is normal near daily UTC midnight when Polymarket's daily contracts have just settled and new ones are being created.
2026-04-29T15:21:44  INFO     [POLY] Scanning Gamma API for BTC/ETH price-direction markets...
2026-04-29T15:21:45  INFO     [POLY] No BTC/ETH price-direction markets found within 24h (vol≥$10,000). Rescan in 120s. This is normal near daily UTC midnight when Polymarket's daily contracts have just settled and new ones are being created.
2026-04-29T15:23:45  INFO     [POLY] Scanning Gamma API for BTC/ETH price-direction markets...
2026-04-29T15:23:46  INFO     [POLY] No BTC/ETH price-direction markets found within 24h (vol≥$10,000). Rescan in 120s. This is normal near daily UTC midnight when Polymarket's daily contracts have just settled and new ones are being created.
2026-04-29T15:25:46  INFO     [POLY] Scanning Gamma API for BTC/ETH price-direction markets...
2026-04-29T15:25:48  INFO     [POLY] No BTC/ETH price-direction markets found within 24h (vol≥$10,000). Rescan in 120s. This is normal near daily UTC midnight when Polymarket's daily contracts have just settled and new ones are being created.
2026-04-29T15:27:48  INFO     [POLY] Scanning Gamma API for BTC/ETH price-direction markets...
2026-04-29T15:27:48  INFO     [POLY] No BTC/ETH price-direction markets found within 24h (vol≥$10,000). Rescan in 120s. This is normal near daily UTC midnight when Polymarket's daily contracts have just settled and new ones are being created.
2026-04-29T15:29:48  INFO     [POLY] Scanning Gamma API for BTC/ETH price-direction markets...
2026-04-29T15:29:49  INFO     [POLY] No BTC/ETH price-direction markets found within 24h (vol≥$10,000). Rescan in 120s. This is normal near daily UTC midnight when Polymarket's daily contracts have just settled and new ones are being created.
2026-04-29T15:31:49  INFO     [POLY] Scanning Gamma API for BTC/ETH price-direction markets...
2026-04-29T15:31:51  INFO     [POLY] No BTC/ETH price-direction markets found within 24h (vol≥$10,000). Rescan in 120s. This is normal near daily UTC midnight when Polymarket's daily contracts have just settled and new ones are being created.
2026-04-29T15:33:51  INFO     [POLY] Scanning Gamma API for BTC/ETH price-direction markets...
2026-04-29T15:33:52  INFO     [POLY] No BTC/ETH price-direction markets found within 24h (vol≥$10,000). Rescan in 120s. This is normal near daily UTC midnight when Polymarket's daily contracts have just settled and new ones are being created.
2026-04-29T15:35:52  INFO     [POLY] Scanning Gamma API for BTC/ETH price-direction markets...
2026-04-29T15:35:53  INFO     [POLY] No BTC/ETH price-direction markets found within 24h (vol≥$10,000). Rescan in 120s. This is normal near daily UTC midnight when Polymarket's daily contracts have just settled and new ones are being created.
2026-04-29T15:37:35  INFO     Logging to /Users/jackson/kalshi-bot/polymarket.log
2026-04-29T15:37:35  INFO     =================================================================
2026-04-29T15:37:35  INFO     Kalshi Bot — Path D: Polymarket Latency Arb
2026-04-29T15:37:35  INFO     Mode: PAPER
2026-04-29T15:37:35  INFO     BTC window:         30s | staleness confirm: 60s
2026-04-29T15:37:35  INFO     NEAR regime (<1h):  BTC move ≥0.3% | stale <4¢
2026-04-29T15:37:35  INFO     FAR  regime (1-4h): BTC move ≥0.8% | stale <6¢
2026-04-29T15:37:35  INFO     Lag gap (min edge): 4¢ | volume filter: ≥$10,000
2026-04-29T15:37:35  INFO     Market window:      120s–4h before close
2026-04-29T15:37:35  INFO     Order size (live):  $10 USDC
2026-04-29T15:37:35  INFO     Trade log:          /Users/jackson/kalshi-bot/polymarket_trades.jsonl
2026-04-29T15:37:35  INFO     =================================================================
2026-04-29T15:37:35  INFO     Coinbase BTC/USD feed started (shared with Path C)
2026-04-29T15:37:35  INFO     PAPER mode — Polymarket private key not required for read-only operation
2026-04-29T15:37:35  INFO     [POLY] Scanning Gamma API for BTC/ETH price-direction markets...
2026-04-29T15:37:37  INFO     [POLY] No BTC/ETH price-direction markets found within 24h (vol≥$10,000). Rescan in 120s. This is normal near daily UTC midnight when Polymarket's daily contracts have just settled and new ones are being created.
2026-04-29T15:39:37  INFO     [POLY] Scanning Gamma API for BTC/ETH price-direction markets...
2026-04-29T15:39:38  INFO     [POLY] No BTC/ETH price-direction markets found within 24h (vol≥$10,000). Rescan in 120s. This is normal near daily UTC midnight when Polymarket's daily contracts have just settled and new ones are being created.
2026-04-29T15:41:38  INFO     [POLY] Scanning Gamma API for BTC/ETH price-direction markets...
2026-04-29T15:41:39  INFO     [POLY] No BTC/ETH price-direction markets found within 24h (vol≥$10,000). Rescan in 120s. This is normal near daily UTC midnight when Polymarket's daily contracts have just settled and new ones are being created.
2026-04-29T15:43:39  INFO     [POLY] Scanning Gamma API for BTC/ETH price-direction markets...
2026-04-29T15:43:41  INFO     [POLY] No BTC/ETH price-direction markets found within 24h (vol≥$10,000). Rescan in 120s. This is normal near daily UTC midnight when Polymarket's daily contracts have just settled and new ones are being created.
2026-04-29T15:45:41  INFO     [POLY] Scanning Gamma API for BTC/ETH price-direction markets...
2026-04-29T15:45:42  INFO     [POLY] No BTC/ETH price-direction markets found within 24h (vol≥$10,000). Rescan in 120s. This is normal near daily UTC midnight when Polymarket's daily contracts have just settled and new ones are being created.
2026-04-29T15:47:42  INFO     [POLY] Scanning Gamma API for BTC/ETH price-direction markets...
2026-04-29T15:47:43  INFO     [POLY] No BTC/ETH price-direction markets found within 24h (vol≥$10,000). Rescan in 120s. This is normal near daily UTC midnight when Polymarket's daily contracts have just settled and new ones are being created.
2026-04-29T15:49:43  INFO     [POLY] Scanning Gamma API for BTC/ETH price-direction markets...
2026-04-29T15:49:45  INFO     [POLY] No BTC/ETH price-direction markets found within 24h (vol≥$10,000). Rescan in 120s. This is normal near daily UTC midnight when Polymarket's daily contracts have just settled and new ones are being created.
2026-04-29T15:51:45  INFO     [POLY] Scanning Gamma API for BTC/ETH price-direction markets...
2026-04-29T15:51:46  INFO     [POLY] No BTC/ETH price-direction markets found within 24h (vol≥$10,000). Rescan in 120s. This is normal near daily UTC midnight when Polymarket's daily contracts have just settled and new ones are being created.
2026-04-29T15:53:46  INFO     [POLY] Scanning Gamma API for BTC/ETH price-direction markets...
2026-04-29T15:53:47  INFO     [POLY] No BTC/ETH price-direction markets found within 24h (vol≥$10,000). Rescan in 120s. This is normal near daily UTC midnight when Polymarket's daily contracts have just settled and new ones are being created.
2026-04-29T15:55:47  INFO     [POLY] Scanning Gamma API for BTC/ETH price-direction markets...
2026-04-29T15:55:50  INFO     [POLY] No BTC/ETH price-direction markets found within 24h (vol≥$10,000). Rescan in 120s. This is normal near daily UTC midnight when Polymarket's daily contracts have just settled and new ones are being created.
2026-04-29T15:57:50  INFO     [POLY] Scanning Gamma API for BTC/ETH price-direction markets...
2026-04-29T15:57:50  INFO     [POLY] No BTC/ETH price-direction markets found within 24h (vol≥$10,000). Rescan in 120s. This is normal near daily UTC midnight when Polymarket's daily contracts have just settled and new ones are being created.
2026-04-29T15:59:50  INFO     [POLY] Scanning Gamma API for BTC/ETH price-direction markets...
2026-04-29T15:59:51  INFO     [POLY] No BTC/ETH price-direction markets found within 24h (vol≥$10,000). Rescan in 120s. This is normal near daily UTC midnight when Polymarket's daily contracts have just settled and new ones are being created.
2026-04-29T16:01:51  INFO     [POLY] Scanning Gamma API for BTC/ETH price-direction markets...
2026-04-29T16:01:53  INFO     [POLY] No BTC/ETH price-direction markets found within 24h (vol≥$10,000). Rescan in 120s. This is normal near daily UTC midnight when Polymarket's daily contracts have just settled and new ones are being created.
2026-04-29T16:03:53  INFO     [POLY] Scanning Gamma API for BTC/ETH price-direction markets...
2026-04-29T16:03:54  INFO     [POLY] No BTC/ETH price-direction markets found within 24h (vol≥$10,000). Rescan in 120s. This is normal near daily UTC midnight when Polymarket's daily contracts have just settled and new ones are being created.
2026-04-29T16:05:54  INFO     [POLY] Scanning Gamma API for BTC/ETH price-direction markets...
2026-04-29T16:05:55  INFO     [POLY] No BTC/ETH price-direction markets found within 24h (vol≥$10,000). Rescan in 120s. This is normal near daily UTC midnight when Polymarket's daily contracts have just settled and new ones are being created.
2026-04-29T16:07:55  INFO     [POLY] Scanning Gamma API for BTC/ETH price-direction markets...
2026-04-29T16:07:57  INFO     [POLY] No BTC/ETH price-direction markets found within 24h (vol≥$10,000). Rescan in 120s. This is normal near daily UTC midnight when Polymarket's daily contracts have just settled and new ones are being created.
2026-04-29T16:09:57  INFO     [POLY] Scanning Gamma API for BTC/ETH price-direction markets...
2026-04-29T16:09:58  INFO     [POLY] No BTC/ETH price-direction markets found within 24h (vol≥$10,000). Rescan in 120s. This is normal near daily UTC midnight when Polymarket's daily contracts have just settled and new ones are being created.
2026-04-29T16:11:58  INFO     [POLY] Scanning Gamma API for BTC/ETH price-direction markets...
2026-04-29T16:11:59  INFO     [POLY] No BTC/ETH price-direction markets found within 24h (vol≥$10,000). Rescan in 120s. This is normal near daily UTC midnight when Polymarket's daily contracts have just settled and new ones are being created.
2026-04-29T16:13:59  INFO     [POLY] Scanning Gamma API for BTC/ETH price-direction markets...
2026-04-29T16:14:02  INFO     [POLY] No BTC/ETH price-direction markets found within 24h (vol≥$10,000). Rescan in 120s. This is normal near daily UTC midnight when Polymarket's daily contracts have just settled and new ones are being created.
2026-04-29T16:16:02  INFO     [POLY] Scanning Gamma API for BTC/ETH price-direction markets...
2026-04-29T16:16:02  INFO     [POLY] No BTC/ETH price-direction markets found within 24h (vol≥$10,000). Rescan in 120s. This is normal near daily UTC midnight when Polymarket's daily contracts have just settled and new ones are being created.
2026-04-29T16:18:02  INFO     [POLY] Scanning Gamma API for BTC/ETH price-direction markets...
2026-04-29T16:18:03  INFO     [POLY] No BTC/ETH price-direction markets found within 24h (vol≥$10,000). Rescan in 120s. This is normal near daily UTC midnight when Polymarket's daily contracts have just settled and new ones are being created.
2026-04-29T16:20:03  INFO     [POLY] Scanning Gamma API for BTC/ETH price-direction markets...
2026-04-29T16:20:05  INFO     [POLY] No BTC/ETH price-direction markets found within 24h (vol≥$10,000). Rescan in 120s. This is normal near daily UTC midnight when Polymarket's daily contracts have just settled and new ones are being created.
2026-04-29T16:22:05  INFO     [POLY] Scanning Gamma API for BTC/ETH price-direction markets...
2026-04-29T16:22:06  INFO     [POLY] No BTC/ETH price-direction markets found within 24h (vol≥$10,000). Rescan in 120s. This is normal near daily UTC midnight when Polymarket's daily contracts have just settled and new ones are being created.
2026-04-29T16:24:06  INFO     [POLY] Scanning Gamma API for BTC/ETH price-direction markets...
2026-04-29T16:24:07  INFO     [POLY] No BTC/ETH price-direction markets found within 24h (vol≥$10,000). Rescan in 120s. This is normal near daily UTC midnight when Polymarket's daily contracts have just settled and new ones are being created.
2026-04-29T16:26:07  INFO     [POLY] Scanning Gamma API for BTC/ETH price-direction markets...
2026-04-29T16:26:09  INFO     [POLY] No BTC/ETH price-direction markets found within 24h (vol≥$10,000). Rescan in 120s. This is normal near daily UTC midnight when Polymarket's daily contracts have just settled and new ones are being created.
2026-04-29T16:28:09  INFO     [POLY] Scanning Gamma API for BTC/ETH price-direction markets...
2026-04-29T16:28:10  INFO     [POLY] No BTC/ETH price-direction markets found within 24h (vol≥$10,000). Rescan in 120s. This is normal near daily UTC midnight when Polymarket's daily contracts have just settled and new ones are being created.
2026-04-29T16:30:10  INFO     [POLY] Scanning Gamma API for BTC/ETH price-direction markets...
2026-04-29T16:30:11  INFO     [POLY] No BTC/ETH price-direction markets found within 24h (vol≥$10,000). Rescan in 120s. This is normal near daily UTC midnight when Polymarket's daily contracts have just settled and new ones are being created.
2026-04-29T16:32:11  INFO     [POLY] Scanning Gamma API for BTC/ETH price-direction markets...
2026-04-29T16:32:13  INFO     [POLY] No BTC/ETH price-direction markets found within 24h (vol≥$10,000). Rescan in 120s. This is normal near daily UTC midnight when Polymarket's daily contracts have just settled and new ones are being created.
2026-04-29T16:34:13  INFO     [POLY] Scanning Gamma API for BTC/ETH price-direction markets...
2026-04-29T16:34:14  INFO     [POLY] No BTC/ETH price-direction markets found within 24h (vol≥$10,000). Rescan in 120s. This is normal near daily UTC midnight when Polymarket's daily contracts have just settled and new ones are being created.
2026-04-29T16:36:14  INFO     [POLY] Scanning Gamma API for BTC/ETH price-direction markets...
2026-04-29T16:36:15  INFO     [POLY] No BTC/ETH price-direction markets found within 24h (vol≥$10,000). Rescan in 120s. This is normal near daily UTC midnight when Polymarket's daily contracts have just settled and new ones are being created.
2026-04-29T16:38:15  INFO     [POLY] Scanning Gamma API for BTC/ETH price-direction markets...
2026-04-29T16:38:17  INFO     [POLY] No BTC/ETH price-direction markets found within 24h (vol≥$10,000). Rescan in 120s. This is normal near daily UTC midnight when Polymarket's daily contracts have just settled and new ones are being created.
2026-04-29T16:40:17  INFO     [POLY] Scanning Gamma API for BTC/ETH price-direction markets...
2026-04-29T16:40:18  INFO     [POLY] No BTC/ETH price-direction markets found within 24h (vol≥$10,000). Rescan in 120s. This is normal near daily UTC midnight when Polymarket's daily contracts have just settled and new ones are being created.
2026-04-29T16:42:18  INFO     [POLY] Scanning Gamma API for BTC/ETH price-direction markets...
2026-04-29T16:42:19  INFO     [POLY] No BTC/ETH price-direction markets found within 24h (vol≥$10,000). Rescan in 120s. This is normal near daily UTC midnight when Polymarket's daily contracts have just settled and new ones are being created.
2026-04-29T16:44:19  INFO     [POLY] Scanning Gamma API for BTC/ETH price-direction markets...
2026-04-29T16:44:21  INFO     [POLY] No BTC/ETH price-direction markets found within 24h (vol≥$10,000). Rescan in 120s. This is normal near daily UTC midnight when Polymarket's daily contracts have just settled and new ones are being created.
2026-04-29T16:46:21  INFO     [POLY] Scanning Gamma API for BTC/ETH price-direction markets...
2026-04-29T16:46:22  INFO     [POLY] No BTC/ETH price-direction markets found within 24h (vol≥$10,000). Rescan in 120s. This is normal near daily UTC midnight when Polymarket's daily contracts have just settled and new ones are being created.
2026-04-29T16:48:22  INFO     [POLY] Scanning Gamma API for BTC/ETH price-direction markets...
2026-04-29T16:48:23  INFO     [POLY] No BTC/ETH price-direction markets found within 24h (vol≥$10,000). Rescan in 120s. This is normal near daily UTC midnight when Polymarket's daily contracts have just settled and new ones are being created.
2026-04-29T16:50:23  INFO     [POLY] Scanning Gamma API for BTC/ETH price-direction markets...
2026-04-29T16:50:25  INFO     [POLY] No BTC/ETH price-direction markets found within 24h (vol≥$10,000). Rescan in 120s. This is normal near daily UTC midnight when Polymarket's daily contracts have just settled and new ones are being created.
2026-04-29T16:52:25  INFO     [POLY] Scanning Gamma API for BTC/ETH price-direction markets...
2026-04-29T16:52:26  INFO     [POLY] No BTC/ETH price-direction markets found within 24h (vol≥$10,000). Rescan in 120s. This is normal near daily UTC midnight when Polymarket's daily contracts have just settled and new ones are being created.
2026-04-29T16:54:26  INFO     [POLY] Scanning Gamma API for BTC/ETH price-direction markets...
2026-04-29T16:54:27  INFO     [POLY] No BTC/ETH price-direction markets found within 24h (vol≥$10,000). Rescan in 120s. This is normal near daily UTC midnight when Polymarket's daily contracts have just settled and new ones are being created.
2026-04-29T16:56:27  INFO     [POLY] Scanning Gamma API for BTC/ETH price-direction markets...
2026-04-29T16:56:31  INFO     [POLY] No BTC/ETH price-direction markets found within 24h (vol≥$10,000). Rescan in 120s. This is normal near daily UTC midnight when Polymarket's daily contracts have just settled and new ones are being created.
2026-04-29T16:58:31  INFO     [POLY] Scanning Gamma API for BTC/ETH price-direction markets...
2026-04-29T16:58:32  INFO     [POLY] No BTC/ETH price-direction markets found within 24h (vol≥$10,000). Rescan in 120s. This is normal near daily UTC midnight when Polymarket's daily contracts have just settled and new ones are being created.
2026-04-29T17:00:32  INFO     [POLY] Scanning Gamma API for BTC/ETH price-direction markets...
2026-04-29T17:00:32  INFO     [POLY] No BTC/ETH price-direction markets found within 24h (vol≥$10,000). Rescan in 120s. This is normal near daily UTC midnight when Polymarket's daily contracts have just settled and new ones are being created.
2026-04-29T17:03:00  INFO     [POLY] Scanning Gamma API for BTC/ETH price-direction markets...
2026-04-29T17:03:03  INFO     [POLY] No BTC/ETH price-direction markets found within 24h (vol≥$10,000). Rescan in 120s. This is normal near daily UTC midnight when Polymarket's daily contracts have just settled and new ones are being created.
2026-04-29T17:05:03  INFO     [POLY] Scanning Gamma API for BTC/ETH price-direction markets...
2026-04-29T17:05:03  INFO     [POLY] No BTC/ETH price-direction markets found within 24h (vol≥$10,000). Rescan in 120s. This is normal near daily UTC midnight when Polymarket's daily contracts have just settled and new ones are being created.
2026-04-29T17:07:03  INFO     [POLY] Scanning Gamma API for BTC/ETH price-direction markets...
2026-04-29T17:07:04  INFO     [POLY] No BTC/ETH price-direction markets found within 24h (vol≥$10,000). Rescan in 120s. This is normal near daily UTC midnight when Polymarket's daily contracts have just settled and new ones are being created.
2026-04-29T17:09:04  INFO     [POLY] Scanning Gamma API for BTC/ETH price-direction markets...
2026-04-29T17:09:06  INFO     [POLY] No BTC/ETH price-direction markets found within 24h (vol≥$10,000). Rescan in 120s. This is normal near daily UTC midnight when Polymarket's daily contracts have just settled and new ones are being created.
2026-04-29T17:11:06  INFO     [POLY] Scanning Gamma API for BTC/ETH price-direction markets...
2026-04-29T17:11:07  INFO     [POLY] No BTC/ETH price-direction markets found within 24h (vol≥$10,000). Rescan in 120s. This is normal near daily UTC midnight when Polymarket's daily contracts have just settled and new ones are being created.
2026-04-29T17:13:07  INFO     [POLY] Scanning Gamma API for BTC/ETH price-direction markets...
2026-04-29T17:13:08  INFO     [POLY] No BTC/ETH price-direction markets found within 24h (vol≥$10,000). Rescan in 120s. This is normal near daily UTC midnight when Polymarket's daily contracts have just settled and new ones are being created.
2026-04-29T17:15:08  INFO     [POLY] Scanning Gamma API for BTC/ETH price-direction markets...
2026-04-29T17:15:10  INFO     [POLY] No BTC/ETH price-direction markets found within 24h (vol≥$10,000). Rescan in 120s. This is normal near daily UTC midnight when Polymarket's daily contracts have just settled and new ones are being created.
2026-04-29T17:17:10  INFO     [POLY] Scanning Gamma API for BTC/ETH price-direction markets...
2026-04-29T17:17:11  INFO     [POLY] No BTC/ETH price-direction markets found within 24h (vol≥$10,000). Rescan in 120s. This is normal near daily UTC midnight when Polymarket's daily contracts have just settled and new ones are being created.
2026-04-29T17:19:11  INFO     [POLY] Scanning Gamma API for BTC/ETH price-direction markets...
2026-04-29T17:19:11  INFO     [POLY] No BTC/ETH price-direction markets found within 24h (vol≥$10,000). Rescan in 120s. This is normal near daily UTC midnight when Polymarket's daily contracts have just settled and new ones are being created.
2026-04-29T17:21:11  INFO     [POLY] Scanning Gamma API for BTC/ETH price-direction markets...
2026-04-29T17:21:14  INFO     [POLY] No BTC/ETH price-direction markets found within 24h (vol≥$10,000). Rescan in 120s. This is normal near daily UTC midnight when Polymarket's daily contracts have just settled and new ones are being created.
2026-04-29T17:23:14  INFO     [POLY] Scanning Gamma API for BTC/ETH price-direction markets...
2026-04-29T17:23:14  INFO     [POLY] No BTC/ETH price-direction markets found within 24h (vol≥$10,000). Rescan in 120s. This is normal near daily UTC midnight when Polymarket's daily contracts have just settled and new ones are being created.
2026-04-29T17:25:14  INFO     [POLY] Scanning Gamma API for BTC/ETH price-direction markets...
2026-04-29T17:25:15  INFO     [POLY] No BTC/ETH price-direction markets found within 24h (vol≥$10,000). Rescan in 120s. This is normal near daily UTC midnight when Polymarket's daily contracts have just settled and new ones are being created.
2026-04-29T17:27:15  INFO     [POLY] Scanning Gamma API for BTC/ETH price-direction markets...
2026-04-29T17:27:17  INFO     [POLY] No BTC/ETH price-direction markets found within 24h (vol≥$10,000). Rescan in 120s. This is normal near daily UTC midnight when Polymarket's daily contracts have just settled and new ones are being created.
2026-04-29T17:29:17  INFO     [POLY] Scanning Gamma API for BTC/ETH price-direction markets...
2026-04-29T17:29:18  INFO     [POLY] No BTC/ETH price-direction markets found within 24h (vol≥$10,000). Rescan in 120s. This is normal near daily UTC midnight when Polymarket's daily contracts have just settled and new ones are being created.
2026-04-29T17:31:18  INFO     [POLY] Scanning Gamma API for BTC/ETH price-direction markets...
2026-04-29T17:31:19  INFO     [POLY] No BTC/ETH price-direction markets found within 24h (vol≥$10,000). Rescan in 120s. This is normal near daily UTC midnight when Polymarket's daily contracts have just settled and new ones are being created.
2026-04-29T17:33:19  INFO     [POLY] Scanning Gamma API for BTC/ETH price-direction markets...
2026-04-29T17:33:21  INFO     [POLY] No BTC/ETH price-direction markets found within 24h (vol≥$10,000). Rescan in 120s. This is normal near daily UTC midnight when Polymarket's daily contracts have just settled and new ones are being created.
2026-04-29T17:35:21  INFO     [POLY] Scanning Gamma API for BTC/ETH price-direction markets...
2026-04-29T17:35:22  INFO     [POLY] No BTC/ETH price-direction markets found within 24h (vol≥$10,000). Rescan in 120s. This is normal near daily UTC midnight when Polymarket's daily contracts have just settled and new ones are being created.
2026-04-29T17:37:22  INFO     [POLY] Scanning Gamma API for BTC/ETH price-direction markets...
2026-04-29T17:37:23  INFO     [POLY] No BTC/ETH price-direction markets found within 24h (vol≥$10,000). Rescan in 120s. This is normal near daily UTC midnight when Polymarket's daily contracts have just settled and new ones are being created.
2026-04-29T17:39:23  INFO     [POLY] Scanning Gamma API for BTC/ETH price-direction markets...
2026-04-29T17:39:25  INFO     [POLY] No BTC/ETH price-direction markets found within 24h (vol≥$10,000). Rescan in 120s. This is normal near daily UTC midnight when Polymarket's daily contracts have just settled and new ones are being created.
2026-04-29T17:41:25  INFO     [POLY] Scanning Gamma API for BTC/ETH price-direction markets...
2026-04-29T17:41:26  INFO     [POLY] No BTC/ETH price-direction markets found within 24h (vol≥$10,000). Rescan in 120s. This is normal near daily UTC midnight when Polymarket's daily contracts have just settled and new ones are being created.
2026-04-29T17:43:26  INFO     [POLY] Scanning Gamma API for BTC/ETH price-direction markets...
2026-04-29T17:43:26  INFO     [POLY] No BTC/ETH price-direction markets found within 24h (vol≥$10,000). Rescan in 120s. This is normal near daily UTC midnight when Polymarket's daily contracts have just settled and new ones are being created.
2026-04-29T17:45:26  INFO     [POLY] Scanning Gamma API for BTC/ETH price-direction markets...
2026-04-29T17:45:28  INFO     [POLY] No BTC/ETH price-direction markets found within 24h (vol≥$10,000). Rescan in 120s. This is normal near daily UTC midnight when Polymarket's daily contracts have just settled and new ones are being created.
2026-04-29T17:47:28  INFO     [POLY] Scanning Gamma API for BTC/ETH price-direction markets...
2026-04-29T17:47:29  INFO     [POLY] No BTC/ETH price-direction markets found within 24h (vol≥$10,000). Rescan in 120s. This is normal near daily UTC midnight when Polymarket's daily contracts have just settled and new ones are being created.
2026-04-29T17:49:29  INFO     [POLY] Scanning Gamma API for BTC/ETH price-direction markets...
2026-04-29T17:49:30  INFO     [POLY] No BTC/ETH price-direction markets found within 24h (vol≥$10,000). Rescan in 120s. This is normal near daily UTC midnight when Polymarket's daily contracts have just settled and new ones are being created.
2026-04-29T17:51:30  INFO     [POLY] Scanning Gamma API for BTC/ETH price-direction markets...
2026-04-29T17:51:32  INFO     [POLY] No BTC/ETH price-direction markets found within 24h (vol≥$10,000). Rescan in 120s. This is normal near daily UTC midnight when Polymarket's daily contracts have just settled and new ones are being created.
2026-04-29T17:53:32  INFO     [POLY] Scanning Gamma API for BTC/ETH price-direction markets...
2026-04-29T17:53:33  INFO     [POLY] No BTC/ETH price-direction markets found within 24h (vol≥$10,000). Rescan in 120s. This is normal near daily UTC midnight when Polymarket's daily contracts have just settled and new ones are being created.
2026-04-29T17:55:33  INFO     [POLY] Scanning Gamma API for BTC/ETH price-direction markets...
2026-04-29T17:55:33  INFO     [POLY] No BTC/ETH price-direction markets found within 24h (vol≥$10,000). Rescan in 120s. This is normal near daily UTC midnight when Polymarket's daily contracts have just settled and new ones are being created.
2026-04-29T17:57:33  INFO     [POLY] Scanning Gamma API for BTC/ETH price-direction markets...
2026-04-29T17:57:35  INFO     [POLY] No BTC/ETH price-direction markets found within 24h (vol≥$10,000). Rescan in 120s. This is normal near daily UTC midnight when Polymarket's daily contracts have just settled and new ones are being created.
2026-04-29T17:59:35  INFO     [POLY] Scanning Gamma API for BTC/ETH price-direction markets...
2026-04-29T17:59:36  INFO     [POLY] No BTC/ETH price-direction markets found within 24h (vol≥$10,000). Rescan in 120s. This is normal near daily UTC midnight when Polymarket's daily contracts have just settled and new ones are being created.
2026-04-29T18:01:36  INFO     [POLY] Scanning Gamma API for BTC/ETH price-direction markets...
2026-04-29T18:01:37  INFO     [POLY] No BTC/ETH price-direction markets found within 24h (vol≥$10,000). Rescan in 120s. This is normal near daily UTC midnight when Polymarket's daily contracts have just settled and new ones are being created.
2026-04-29T18:03:37  INFO     [POLY] Scanning Gamma API for BTC/ETH price-direction markets...
2026-04-29T18:03:39  INFO     [POLY] No BTC/ETH price-direction markets found within 24h (vol≥$10,000). Rescan in 120s. This is normal near daily UTC midnight when Polymarket's daily contracts have just settled and new ones are being created.
2026-04-29T18:05:39  INFO     [POLY] Scanning Gamma API for BTC/ETH price-direction markets...
2026-04-29T18:05:40  INFO     [POLY] No BTC/ETH price-direction markets found within 24h (vol≥$10,000). Rescan in 120s. This is normal near daily UTC midnight when Polymarket's daily contracts have just settled and new ones are being created.
2026-04-29T18:07:40  INFO     [POLY] Scanning Gamma API for BTC/ETH price-direction markets...
2026-04-29T18:07:40  INFO     [POLY] No BTC/ETH price-direction markets found within 24h (vol≥$10,000). Rescan in 120s. This is normal near daily UTC midnight when Polymarket's daily contracts have just settled and new ones are being created.
2026-04-29T18:08:07  INFO     Logging to /Users/jackson/kalshi-bot/polymarket.log
2026-04-29T18:08:07  INFO     =================================================================
2026-04-29T18:08:07  INFO     Kalshi Bot — Path D: Polymarket Latency Arb
2026-04-29T18:08:07  INFO     Mode: PAPER
2026-04-29T18:08:07  INFO     BTC signal window:  10s (fast 10-s arb window)
2026-04-29T18:08:07  INFO     Stale check window: 30s (contract must be flat) | confirm: 60s
2026-04-29T18:08:07  INFO     NEAR regime (<1h):  BTC move ≥0.3% in 10s | stale <4¢
2026-04-29T18:08:07  INFO     FAR  regime (1-4h): BTC move ≥0.8% in 10s | stale <6¢
2026-04-29T18:08:07  INFO     Lag gap (min edge): 4¢ | volume filter: ≥$10,000
2026-04-29T18:08:07  INFO     Market window:      120s–4h before close
2026-04-29T18:08:07  INFO     Order size:         $50 USDC per trade
2026-04-29T18:08:07  INFO     Trade log:          /Users/jackson/kalshi-bot/polymarket_trades.jsonl
2026-04-29T18:08:07  INFO     =================================================================
2026-04-29T18:08:07  INFO     Coinbase BTC/USD feed started (shared with Path C)
2026-04-29T18:08:07  INFO     PAPER mode — Polymarket private key not required for read-only operation
2026-04-29T18:08:07  INFO     [POLY] Scanning Gamma API for BTC/ETH price-direction markets...
2026-04-29T18:08:08  INFO     [POLY] No BTC/ETH price-direction markets found within 24h (vol≥$10,000). Rescan in 120s. This is normal near daily UTC midnight when Polymarket's daily contracts have just settled and new ones are being created.
2026-04-29T18:10:08  INFO     [POLY] Scanning Gamma API for BTC/ETH price-direction markets...
2026-04-29T18:10:10  INFO     [POLY] No BTC/ETH price-direction markets found within 24h (vol≥$10,000). Rescan in 120s. This is normal near daily UTC midnight when Polymarket's daily contracts have just settled and new ones are being created.
2026-04-29T18:24:00  INFO     Logging to /Users/jackson/kalshi-bot/polymarket.log
2026-04-29T18:24:00  INFO     =================================================================
2026-04-29T18:24:00  INFO     Kalshi Bot — Path D: Polymarket Latency Arb
2026-04-29T18:24:00  INFO     Mode: PAPER
2026-04-29T18:24:00  INFO     BTC signal window:  10s (fast 10-s arb window)
2026-04-29T18:24:00  INFO     Stale check window: 30s (contract must be flat) | confirm: 60s
2026-04-29T18:24:00  INFO     NEAR regime (<1h):  BTC move ≥0.3% in 10s | stale <4¢
2026-04-29T18:24:00  INFO     FAR  regime (1-4h): BTC move ≥0.8% in 10s | stale <6¢
2026-04-29T18:24:00  INFO     Lag gap (min edge): 4¢ | volume filter: ≥$10,000
2026-04-29T18:24:00  INFO     Market window:      120s–4h before close
2026-04-29T18:24:00  INFO     Order size:         $50 USDC per trade
2026-04-29T18:24:00  INFO     Trade log:          /Users/jackson/kalshi-bot/polymarket_trades.jsonl
2026-04-29T18:24:00  INFO     =================================================================
2026-04-29T18:24:00  INFO     Coinbase BTC/USD feed started (shared with Path C)
2026-04-29T18:24:00  INFO     PAPER mode — Polymarket private key not required for read-only operation
2026-04-29T18:24:00  INFO     [POLY] Scanning Gamma API for BTC/ETH price-direction markets...
2026-04-29T18:24:00  INFO     [POLY] No BTC/ETH price-direction markets found within 24h (vol≥$10,000). Rescan in 120s. This is normal near daily UTC midnight when Polymarket's daily contracts have just settled and new ones are being created.
2026-04-29T18:26:00  INFO     [POLY] Scanning Gamma API for BTC/ETH price-direction markets...
2026-04-29T18:26:01  INFO     [POLY] No BTC/ETH price-direction markets found within 24h (vol≥$10,000). Rescan in 120s. This is normal near daily UTC midnight when Polymarket's daily contracts have just settled and new ones are being created.
2026-04-29T18:28:01  INFO     [POLY] Scanning Gamma API for BTC/ETH price-direction markets...
2026-04-29T18:28:03  INFO     [POLY] No BTC/ETH price-direction markets found within 24h (vol≥$10,000). Rescan in 120s. This is normal near daily UTC midnight when Polymarket's daily contracts have just settled and new ones are being created.
2026-04-29T18:30:03  INFO     [POLY] Scanning Gamma API for BTC/ETH price-direction markets...
2026-04-29T18:30:04  INFO     [POLY] No BTC/ETH price-direction markets found within 24h (vol≥$10,000). Rescan in 120s. This is normal near daily UTC midnight when Polymarket's daily contracts have just settled and new ones are being created.
2026-04-29T18:32:04  INFO     [POLY] Scanning Gamma API for BTC/ETH price-direction markets...
2026-04-29T18:32:05  INFO     [POLY] No BTC/ETH price-direction markets found within 24h (vol≥$10,000). Rescan in 120s. This is normal near daily UTC midnight when Polymarket's daily contracts have just settled and new ones are being created.
2026-04-29T18:34:05  INFO     [POLY] Scanning Gamma API for BTC/ETH price-direction markets...
2026-04-29T18:34:07  INFO     [POLY] No BTC/ETH price-direction markets found within 24h (vol≥$10,000). Rescan in 120s. This is normal near daily UTC midnight when Polymarket's daily contracts have just settled and new ones are being created.
2026-04-29T18:36:07  INFO     [POLY] Scanning Gamma API for BTC/ETH price-direction markets...
2026-04-29T18:36:07  INFO     [POLY] No BTC/ETH price-direction markets found within 24h (vol≥$10,000). Rescan in 120s. This is normal near daily UTC midnight when Polymarket's daily contracts have just settled and new ones are being created.
2026-04-29T18:38:07  INFO     [POLY] Scanning Gamma API for BTC/ETH price-direction markets...
2026-04-29T18:38:08  INFO     [POLY] No BTC/ETH price-direction markets found within 24h (vol≥$10,000). Rescan in 120s. This is normal near daily UTC midnight when Polymarket's daily contracts have just settled and new ones are being created.
2026-04-29T18:40:08  INFO     [POLY] Scanning Gamma API for BTC/ETH price-direction markets...
2026-04-29T18:40:10  INFO     [POLY] No BTC/ETH price-direction markets found within 24h (vol≥$10,000). Rescan in 120s. This is normal near daily UTC midnight when Polymarket's daily contracts have just settled and new ones are being created.
2026-04-29T18:42:10  INFO     [POLY] Scanning Gamma API for BTC/ETH price-direction markets...
2026-04-29T18:42:11  INFO     [POLY] No BTC/ETH price-direction markets found within 24h (vol≥$10,000). Rescan in 120s. This is normal near daily UTC midnight when Polymarket's daily contracts have just settled and new ones are being created.
2026-04-29T18:44:11  INFO     [POLY] Scanning Gamma API for BTC/ETH price-direction markets...
2026-04-29T18:44:12  INFO     [POLY] No BTC/ETH price-direction markets found within 24h (vol≥$10,000). Rescan in 120s. This is normal near daily UTC midnight when Polymarket's daily contracts have just settled and new ones are being created.
2026-04-29T18:46:12  INFO     [POLY] Scanning Gamma API for BTC/ETH price-direction markets...
2026-04-29T18:46:14  INFO     [POLY] No BTC/ETH price-direction markets found within 24h (vol≥$10,000). Rescan in 120s. This is normal near daily UTC midnight when Polymarket's daily contracts have just settled and new ones are being created.
2026-04-29T18:48:14  INFO     [POLY] Scanning Gamma API for BTC/ETH price-direction markets...
2026-04-29T18:48:15  INFO     [POLY] No BTC/ETH price-direction markets found within 24h (vol≥$10,000). Rescan in 120s. This is normal near daily UTC midnight when Polymarket's daily contracts have just settled and new ones are being created.
2026-04-29T18:50:15  INFO     [POLY] Scanning Gamma API for BTC/ETH price-direction markets...
2026-04-29T18:50:16  INFO     [POLY] No BTC/ETH price-direction markets found within 24h (vol≥$10,000). Rescan in 120s. This is normal near daily UTC midnight when Polymarket's daily contracts have just settled and new ones are being created.
2026-04-29T18:52:16  INFO     [POLY] Scanning Gamma API for BTC/ETH price-direction markets...
2026-04-29T18:52:18  INFO     [POLY] No BTC/ETH price-direction markets found within 24h (vol≥$10,000). Rescan in 120s. This is normal near daily UTC midnight when Polymarket's daily contracts have just settled and new ones are being created.
2026-04-29T18:54:18  INFO     [POLY] Scanning Gamma API for BTC/ETH price-direction markets...
2026-04-29T18:54:19  INFO     [POLY] No BTC/ETH price-direction markets found within 24h (vol≥$10,000). Rescan in 120s. This is normal near daily UTC midnight when Polymarket's daily contracts have just settled and new ones are being created.
2026-04-29T18:56:19  INFO     [POLY] Scanning Gamma API for BTC/ETH price-direction markets...
2026-04-29T18:56:19  INFO     [POLY] No BTC/ETH price-direction markets found within 24h (vol≥$10,000). Rescan in 120s. This is normal near daily UTC midnight when Polymarket's daily contracts have just settled and new ones are being created.
2026-04-29T18:58:19  INFO     [POLY] Scanning Gamma API for BTC/ETH price-direction markets...
2026-04-29T18:58:21  INFO     [POLY] No BTC/ETH price-direction markets found within 24h (vol≥$10,000). Rescan in 120s. This is normal near daily UTC midnight when Polymarket's daily contracts have just settled and new ones are being created.
2026-04-29T18:58:50  INFO     Logging to /Users/jackson/kalshi-bot/polymarket.log
2026-04-29T18:58:50  INFO     =================================================================
2026-04-29T18:58:50  INFO     Kalshi Bot — Path D: Polymarket Latency Arb
2026-04-29T18:58:50  INFO     Mode: PAPER
2026-04-29T18:58:50  INFO     BTC signal window:  10s (fast 10-s arb window)
2026-04-29T18:58:50  INFO     Stale check window: 30s (contract must be flat) | confirm: 60s
2026-04-29T18:58:50  INFO     NEAR regime (<1h):  BTC move ≥0.3% in 10s | stale <4¢
2026-04-29T18:58:50  INFO     FAR  regime (1-4h): BTC move ≥0.8% in 10s | stale <6¢
2026-04-29T18:58:50  INFO     Lag gap (min edge): 4¢ | volume filter: ≥$10,000
2026-04-29T18:58:50  INFO     Market window:      120s–4h before close
2026-04-29T18:58:50  INFO     Order size:         $50 USDC per trade
2026-04-29T18:58:50  INFO     Trade log:          /Users/jackson/kalshi-bot/polymarket_trades.jsonl
2026-04-29T18:58:50  INFO     =================================================================
2026-04-29T18:58:51  INFO     Coinbase BTC/USD feed started (shared with Path C)
2026-04-29T18:58:51  INFO     PAPER mode — Polymarket private key not required for read-only operation
2026-04-29T18:58:51  INFO     [POLY] Scanning Gamma API for BTC/ETH price-direction markets...
2026-04-29T18:58:51  INFO     [POLY] No BTC/ETH price-direction markets found within 24h (vol≥$10,000). Rescan in 120s. This is normal near daily UTC midnight when Polymarket's daily contracts have just settled and new ones are being created.
2026-04-29T19:00:51  INFO     [POLY] Scanning Gamma API for BTC/ETH price-direction markets...
2026-04-29T19:00:51  INFO     [POLY] No BTC/ETH price-direction markets found within 24h (vol≥$10,000). Rescan in 120s. This is normal near daily UTC midnight when Polymarket's daily contracts have just settled and new ones are being created.
2026-04-29T19:02:51  INFO     [POLY] Scanning Gamma API for BTC/ETH price-direction markets...
2026-04-29T19:02:52  INFO     [POLY] No BTC/ETH price-direction markets found within 24h (vol≥$10,000). Rescan in 120s. This is normal near daily UTC midnight when Polymarket's daily contracts have just settled and new ones are being created.
2026-04-29T19:04:52  INFO     [POLY] Scanning Gamma API for BTC/ETH price-direction markets...
2026-04-29T19:04:54  INFO     [POLY] No BTC/ETH price-direction markets found within 24h (vol≥$10,000). Rescan in 120s. This is normal near daily UTC midnight when Polymarket's daily contracts have just settled and new ones are being created.
2026-04-29T19:06:54  INFO     [POLY] Scanning Gamma API for BTC/ETH price-direction markets...
2026-04-29T19:06:55  INFO     [POLY] No BTC/ETH price-direction markets found within 24h (vol≥$10,000). Rescan in 120s. This is normal near daily UTC midnight when Polymarket's daily contracts have just settled and new ones are being created.
2026-04-29T19:06:57  INFO     Logging to /Users/jackson/kalshi-bot/polymarket.log
2026-04-29T19:06:57  INFO     =================================================================
2026-04-29T19:06:57  INFO     Kalshi Bot — Path D: Polymarket Latency Arb
2026-04-29T19:06:57  INFO     Mode: PAPER
2026-04-29T19:06:57  INFO     BTC signal window:  10s (fast 10-s arb window)
2026-04-29T19:06:57  INFO     Stale check window: 30s (contract must be flat) | confirm: 60s
2026-04-29T19:06:57  INFO     NEAR regime (<1h):  BTC move ≥0.3% in 10s | stale <4¢
2026-04-29T19:06:57  INFO     FAR  regime (1-4h): BTC move ≥0.8% in 10s | stale <6¢
2026-04-29T19:06:57  INFO     Lag gap (min edge): 4¢ | volume filter: ≥$10,000
2026-04-29T19:06:57  INFO     Market window:      120s–4h before close
2026-04-29T19:06:57  INFO     Order size:         $50 USDC per trade
2026-04-29T19:06:57  INFO     Trade log:          /Users/jackson/kalshi-bot/polymarket_trades.jsonl
2026-04-29T19:06:57  INFO     =================================================================
2026-04-29T19:06:57  INFO     Coinbase BTC/USD feed started (shared with Path C)
2026-04-29T19:06:57  INFO     PAPER mode — Polymarket private key not required for read-only operation
2026-04-29T19:06:57  INFO     [POLY] Scanning Gamma API for BTC/ETH price-direction markets...
2026-04-29T19:06:58  INFO     [POLY] No BTC/ETH price-direction markets found within 24h (vol≥$10,000). Rescan in 120s. This is normal near daily UTC midnight when Polymarket's daily contracts have just settled and new ones are being created.
2026-04-29T19:08:58  INFO     [POLY] Scanning Gamma API for BTC/ETH price-direction markets...
2026-04-29T19:08:58  INFO     [POLY] No BTC/ETH price-direction markets found within 24h (vol≥$10,000). Rescan in 120s. This is normal near daily UTC midnight when Polymarket's daily contracts have just settled and new ones are being created.
2026-04-29T19:10:58  INFO     [POLY] Scanning Gamma API for BTC/ETH price-direction markets...
2026-04-29T19:11:01  INFO     [POLY] No BTC/ETH price-direction markets found within 24h (vol≥$10,000). Rescan in 120s. This is normal near daily UTC midnight when Polymarket's daily contracts have just settled and new ones are being created.
2026-04-29T19:13:01  INFO     [POLY] Scanning Gamma API for BTC/ETH price-direction markets...
2026-04-29T19:13:02  INFO     [POLY] No BTC/ETH price-direction markets found within 24h (vol≥$10,000). Rescan in 120s. This is normal near daily UTC midnight when Polymarket's daily contracts have just settled and new ones are being created.
2026-04-29T19:15:02  INFO     [POLY] Scanning Gamma API for BTC/ETH price-direction markets...
2026-04-29T19:15:03  INFO     [POLY] No BTC/ETH price-direction markets found within 24h (vol≥$10,000). Rescan in 120s. This is normal near daily UTC midnight when Polymarket's daily contracts have just settled and new ones are being created.
2026-04-29T19:17:03  INFO     [POLY] Scanning Gamma API for BTC/ETH price-direction markets...
2026-04-29T19:17:05  INFO     [POLY] No BTC/ETH price-direction markets found within 24h (vol≥$10,000). Rescan in 120s. This is normal near daily UTC midnight when Polymarket's daily contracts have just settled and new ones are being created.
2026-04-29T19:19:05  INFO     [POLY] Scanning Gamma API for BTC/ETH price-direction markets...
2026-04-29T19:19:05  INFO     [POLY] No BTC/ETH price-direction markets found within 24h (vol≥$10,000). Rescan in 120s. This is normal near daily UTC midnight when Polymarket's daily contracts have just settled and new ones are being created.
2026-04-29T19:21:05  INFO     [POLY] Scanning Gamma API for BTC/ETH price-direction markets...
2026-04-29T19:21:06  INFO     [POLY] No BTC/ETH price-direction markets found within 24h (vol≥$10,000). Rescan in 120s. This is normal near daily UTC midnight when Polymarket's daily contracts have just settled and new ones are being created.
2026-04-29T19:23:06  INFO     [POLY] Scanning Gamma API for BTC/ETH price-direction markets...
2026-04-29T19:23:08  INFO     [POLY] No BTC/ETH price-direction markets found within 24h (vol≥$10,000). Rescan in 120s. This is normal near daily UTC midnight when Polymarket's daily contracts have just settled and new ones are being created.
2026-04-29T19:25:08  INFO     [POLY] Scanning Gamma API for BTC/ETH price-direction markets...
2026-04-29T19:25:09  INFO     [POLY] No BTC/ETH price-direction markets found within 24h (vol≥$10,000). Rescan in 120s. This is normal near daily UTC midnight when Polymarket's daily contracts have just settled and new ones are being created.
2026-04-29T19:27:09  INFO     [POLY] Scanning Gamma API for BTC/ETH price-direction markets...
2026-04-29T19:27:10  INFO     [POLY] No BTC/ETH price-direction markets found within 24h (vol≥$10,000). Rescan in 120s. This is normal near daily UTC midnight when Polymarket's daily contracts have just settled and new ones are being created.
2026-04-29T19:29:10  INFO     [POLY] Scanning Gamma API for BTC/ETH price-direction markets...
2026-04-29T19:29:12  INFO     [POLY] No BTC/ETH price-direction markets found within 24h (vol≥$10,000). Rescan in 120s. This is normal near daily UTC midnight when Polymarket's daily contracts have just settled and new ones are being created.
2026-04-29T19:31:12  INFO     [POLY] Scanning Gamma API for BTC/ETH price-direction markets...
2026-04-29T19:31:13  INFO     [POLY] No BTC/ETH price-direction markets found within 24h (vol≥$10,000). Rescan in 120s. This is normal near daily UTC midnight when Polymarket's daily contracts have just settled and new ones are being created.
2026-04-29T19:33:13  INFO     [POLY] Scanning Gamma API for BTC/ETH price-direction markets...
2026-04-29T19:33:14  INFO     [POLY] No BTC/ETH price-direction markets found within 24h (vol≥$10,000). Rescan in 120s. This is normal near daily UTC midnight when Polymarket's daily contracts have just settled and new ones are being created.
2026-04-29T19:35:14  INFO     [POLY] Scanning Gamma API for BTC/ETH price-direction markets...
2026-04-29T19:35:16  INFO     [POLY] No BTC/ETH price-direction markets found within 24h (vol≥$10,000). Rescan in 120s. This is normal near daily UTC midnight when Polymarket's daily contracts have just settled and new ones are being created.
2026-04-29T19:36:50  INFO     Logging to /Users/jackson/kalshi-bot/polymarket.log
2026-04-29T19:36:50  INFO     =================================================================
2026-04-29T19:36:50  INFO     Kalshi Bot — Path D: Polymarket Latency Arb
2026-04-29T19:36:50  INFO     Mode:           PAPER
2026-04-29T19:36:50  INFO     BTC window:     10s | move threshold: ≥0.3%
2026-04-29T19:36:50  INFO     Stale check:    best_ask must not move >1¢ in 30s
2026-04-29T19:36:50  INFO     Market window:  closes within 4h (hard floor: 120s)
2026-04-29T19:36:50  INFO     Order size:     $50 USDC per trade
2026-04-29T19:36:50  INFO     Data sources:   Gamma API (markets) + CLOB /book (order books) — no auth needed
2026-04-29T19:36:50  INFO     Trade log:      /Users/jackson/kalshi-bot/polymarket_trades.jsonl
2026-04-29T19:36:50  INFO     =================================================================
2026-04-29T19:36:50  INFO     Coinbase BTC/USD feed started
2026-04-29T19:36:50  INFO     Deriving Polymarket L2 credentials via L1 EIP-712 signing...
2026-04-29T19:36:50  WARNING  py_clob_client_v2 not installed — install with: pip install py_clob_client_v2
Live trading unavailable until installed.
2026-04-29T19:36:50  INFO     [POLY] Querying Gamma API: active=true, closed=false, volume_num_min=10000, order=volume desc, window=<4h...
2026-04-29T19:36:50  INFO     [POLY] No BTC/ETH markets found within 4h (vol≥$10k). This is normal near UTC midnight after daily settlement. Rescan in 120s.
2026-04-29T19:37:16  INFO     [POLY] Scanning Gamma API for BTC/ETH price-direction markets...
2026-04-29T19:37:17  INFO     [POLY] No BTC/ETH price-direction markets found within 24h (vol≥$10,000). Rescan in 120s. This is normal near daily UTC midnight when Polymarket's daily contracts have just settled and new ones are being created.
2026-04-29T19:39:17  INFO     [POLY] Scanning Gamma API for BTC/ETH price-direction markets...
2026-04-29T19:39:18  INFO     [POLY] No BTC/ETH price-direction markets found within 24h (vol≥$10,000). Rescan in 120s. This is normal near daily UTC midnight when Polymarket's daily contracts have just settled and new ones are being created.
2026-04-29T19:41:18  INFO     [POLY] Scanning Gamma API for BTC/ETH price-direction markets...
2026-04-29T19:41:20  INFO     [POLY] No BTC/ETH price-direction markets found within 24h (vol≥$10,000). Rescan in 120s. This is normal near daily UTC midnight when Polymarket's daily contracts have just settled and new ones are being created.
2026-04-29T19:43:20  INFO     [POLY] Scanning Gamma API for BTC/ETH price-direction markets...
2026-04-29T19:43:20  INFO     [POLY] No BTC/ETH price-direction markets found within 24h (vol≥$10,000). Rescan in 120s. This is normal near daily UTC midnight when Polymarket's daily contracts have just settled and new ones are being created.
2026-04-29T19:45:15  INFO     Logging to /Users/jackson/kalshi-bot/polymarket.log
2026-04-29T19:45:15  INFO     =================================================================
2026-04-29T19:45:15  INFO     Kalshi Bot — Path D: Polymarket Latency Arb
2026-04-29T19:45:15  INFO     Mode:           PAPER
2026-04-29T19:45:15  INFO     BTC window:     10s | move threshold: ≥0.3%
2026-04-29T19:45:15  INFO     Stale check:    best_ask must not move >1¢ in 30s
2026-04-29T19:45:15  INFO     Market window:  closes within 4h (hard floor: 120s)
2026-04-29T19:45:15  INFO     Order size:     $50 USDC per trade
2026-04-29T19:45:15  INFO     Data sources:   Gamma API (markets) + CLOB /book (order books) — no auth needed
2026-04-29T19:45:15  INFO     Trade log:      /Users/jackson/kalshi-bot/polymarket_trades.jsonl
2026-04-29T19:45:15  INFO     =================================================================
2026-04-29T19:45:15  INFO     Coinbase BTC/USD feed started
2026-04-29T19:45:15  INFO     Deriving Polymarket L2 credentials via L1 EIP-712 signing...
2026-04-29T19:45:15  WARNING  py_clob_client_v2 not installed — install with: pip install py_clob_client_v2
Live trading unavailable until installed.
2026-04-29T19:45:15  INFO     [POLY] Querying Gamma API: active=true, closed=false, volume_num_min=10000, order=volume desc, window=<4h...
2026-04-29T19:45:15  INFO     [POLY] No BTC/ETH markets found within 4h (vol≥$10k). This is normal near UTC midnight after daily settlement. Rescan in 120s.
2026-04-29T19:45:20  INFO     [POLY] Scanning Gamma API for BTC/ETH price-direction markets...
2026-04-29T19:45:21  INFO     [POLY] No BTC/ETH price-direction markets found within 24h (vol≥$10,000). Rescan in 120s. This is normal near daily UTC midnight when Polymarket's daily contracts have just settled and new ones are being created.
2026-04-29T19:47:21  INFO     [POLY] Scanning Gamma API for BTC/ETH price-direction markets...
2026-04-29T19:47:23  INFO     [POLY] No BTC/ETH price-direction markets found within 24h (vol≥$10,000). Rescan in 120s. This is normal near daily UTC midnight when Polymarket's daily contracts have just settled and new ones are being created.
2026-04-29T19:49:23  INFO     [POLY] Scanning Gamma API for BTC/ETH price-direction markets...
2026-04-29T19:49:23  INFO     [POLY] No BTC/ETH price-direction markets found within 24h (vol≥$10,000). Rescan in 120s. This is normal near daily UTC midnight when Polymarket's daily contracts have just settled and new ones are being created.
2026-04-29T19:51:23  INFO     [POLY] Scanning Gamma API for BTC/ETH price-direction markets...
2026-04-29T19:51:24  INFO     [POLY] No BTC/ETH price-direction markets found within 24h (vol≥$10,000). Rescan in 120s. This is normal near daily UTC midnight when Polymarket's daily contracts have just settled and new ones are being created.
2026-04-29T19:53:24  INFO     [POLY] Scanning Gamma API for BTC/ETH price-direction markets...
2026-04-29T19:53:26  INFO     [POLY] No BTC/ETH price-direction markets found within 24h (vol≥$10,000). Rescan in 120s. This is normal near daily UTC midnight when Polymarket's daily contracts have just settled and new ones are being created.
2026-04-29T19:55:26  INFO     [POLY] Scanning Gamma API for BTC/ETH price-direction markets...
2026-04-29T19:55:27  INFO     [POLY] No BTC/ETH price-direction markets found within 24h (vol≥$10,000). Rescan in 120s. This is normal near daily UTC midnight when Polymarket's daily contracts have just settled and new ones are being created.
2026-04-29T19:57:27  INFO     [POLY] Scanning Gamma API for BTC/ETH price-direction markets...
2026-04-29T19:57:28  INFO     [POLY] No BTC/ETH price-direction markets found within 24h (vol≥$10,000). Rescan in 120s. This is normal near daily UTC midnight when Polymarket's daily contracts have just settled and new ones are being created.
2026-04-29T19:59:28  INFO     [POLY] Scanning Gamma API for BTC/ETH price-direction markets...
2026-04-29T19:59:30  INFO     [POLY] No BTC/ETH price-direction markets found within 24h (vol≥$10,000). Rescan in 120s. This is normal near daily UTC midnight when Polymarket's daily contracts have just settled and new ones are being created.
2026-04-29T20:01:30  INFO     [POLY] Scanning Gamma API for BTC/ETH price-direction markets...
2026-04-29T20:01:30  INFO     [POLY] No BTC/ETH price-direction markets found within 24h (vol≥$10,000). Rescan in 120s. This is normal near daily UTC midnight when Polymarket's daily contracts have just settled and new ones are being created.
2026-04-29T20:03:30  INFO     [POLY] Scanning Gamma API for BTC/ETH price-direction markets...
2026-04-29T20:03:31  INFO     [POLY] No BTC/ETH price-direction markets found within 24h (vol≥$10,000). Rescan in 120s. This is normal near daily UTC midnight when Polymarket's daily contracts have just settled and new ones are being created.
2026-04-29T20:05:31  INFO     [POLY] Scanning Gamma API for BTC/ETH price-direction markets...
2026-04-29T20:05:33  INFO     [POLY] No BTC/ETH price-direction markets found within 24h (vol≥$10,000). Rescan in 120s. This is normal near daily UTC midnight when Polymarket's daily contracts have just settled and new ones are being created.
2026-04-29T20:07:33  INFO     [POLY] Scanning Gamma API for BTC/ETH price-direction markets...
2026-04-29T20:07:34  INFO     [POLY] No BTC/ETH price-direction markets found within 24h (vol≥$10,000). Rescan in 120s. This is normal near daily UTC midnight when Polymarket's daily contracts have just settled and new ones are being created.
2026-04-29T20:09:34  INFO     [POLY] Scanning Gamma API for BTC/ETH price-direction markets...
2026-04-29T20:09:35  INFO     [POLY] No BTC/ETH price-direction markets found within 24h (vol≥$10,000). Rescan in 120s. This is normal near daily UTC midnight when Polymarket's daily contracts have just settled and new ones are being created.
2026-04-29T20:11:35  INFO     [POLY] Scanning Gamma API for BTC/ETH price-direction markets...
2026-04-29T20:11:37  INFO     [POLY] No BTC/ETH price-direction markets found within 24h (vol≥$10,000). Rescan in 120s. This is normal near daily UTC midnight when Polymarket's daily contracts have just settled and new ones are being created.
2026-04-29T20:13:37  INFO     [POLY] Scanning Gamma API for BTC/ETH price-direction markets...
2026-04-29T20:13:37  INFO     [POLY] No BTC/ETH price-direction markets found within 24h (vol≥$10,000). Rescan in 120s. This is normal near daily UTC midnight when Polymarket's daily contracts have just settled and new ones are being created.
2026-04-29T20:15:37  INFO     [POLY] Scanning Gamma API for BTC/ETH price-direction markets...
2026-04-29T20:15:38  INFO     [POLY] No BTC/ETH price-direction markets found within 24h (vol≥$10,000). Rescan in 120s. This is normal near daily UTC midnight when Polymarket's daily contracts have just settled and new ones are being created.
2026-04-29T20:17:38  INFO     [POLY] Scanning Gamma API for BTC/ETH price-direction markets...
2026-04-29T20:17:40  INFO     [POLY] No BTC/ETH price-direction markets found within 24h (vol≥$10,000). Rescan in 120s. This is normal near daily UTC midnight when Polymarket's daily contracts have just settled and new ones are being created.
2026-04-29T20:19:40  INFO     [POLY] Scanning Gamma API for BTC/ETH price-direction markets...
2026-04-29T20:19:41  INFO     [POLY] No BTC/ETH price-direction markets found within 24h (vol≥$10,000). Rescan in 120s. This is normal near daily UTC midnight when Polymarket's daily contracts have just settled and new ones are being created.
2026-04-29T20:21:41  INFO     [POLY] Scanning Gamma API for BTC/ETH price-direction markets...
2026-04-29T20:21:42  INFO     [POLY] No BTC/ETH price-direction markets found within 24h (vol≥$10,000). Rescan in 120s. This is normal near daily UTC midnight when Polymarket's daily contracts have just settled and new ones are being created.
2026-04-29T20:23:42  INFO     [POLY] Scanning Gamma API for BTC/ETH price-direction markets...
2026-04-29T20:23:44  INFO     [POLY] No BTC/ETH price-direction markets found within 24h (vol≥$10,000). Rescan in 120s. This is normal near daily UTC midnight when Polymarket's daily contracts have just settled and new ones are being created.
2026-04-29T20:25:44  INFO     [POLY] Scanning Gamma API for BTC/ETH price-direction markets...
2026-04-29T20:25:45  INFO     [POLY] No BTC/ETH price-direction markets found within 24h (vol≥$10,000). Rescan in 120s. This is normal near daily UTC midnight when Polymarket's daily contracts have just settled and new ones are being created.
2026-04-29T20:27:45  INFO     [POLY] Scanning Gamma API for BTC/ETH price-direction markets...
2026-04-29T20:27:46  INFO     [POLY] No BTC/ETH price-direction markets found within 24h (vol≥$10,000). Rescan in 120s. This is normal near daily UTC midnight when Polymarket's daily contracts have just settled and new ones are being created.
2026-04-29T20:29:46  INFO     [POLY] Scanning Gamma API for BTC/ETH price-direction markets...
2026-04-29T20:29:47  INFO     [POLY] No BTC/ETH price-direction markets found within 24h (vol≥$10,000). Rescan in 120s. This is normal near daily UTC midnight when Polymarket's daily contracts have just settled and new ones are being created.
2026-04-29T20:31:47  INFO     [POLY] Scanning Gamma API for BTC/ETH price-direction markets...
2026-04-29T20:31:48  INFO     [POLY] No BTC/ETH price-direction markets found within 24h (vol≥$10,000). Rescan in 120s. This is normal near daily UTC midnight when Polymarket's daily contracts have just settled and new ones are being created.
2026-04-29T20:33:48  INFO     [POLY] Scanning Gamma API for BTC/ETH price-direction markets...
2026-04-29T20:33:49  INFO     [POLY] No BTC/ETH price-direction markets found within 24h (vol≥$10,000). Rescan in 120s. This is normal near daily UTC midnight when Polymarket's daily contracts have just settled and new ones are being created.
2026-04-29T20:35:49  INFO     [POLY] Scanning Gamma API for BTC/ETH price-direction markets...
2026-04-29T20:35:51  INFO     [POLY] No BTC/ETH price-direction markets found within 24h (vol≥$10,000). Rescan in 120s. This is normal near daily UTC midnight when Polymarket's daily contracts have just settled and new ones are being created.
2026-04-29T20:37:51  INFO     [POLY] Scanning Gamma API for BTC/ETH price-direction markets...
2026-04-29T20:37:52  INFO     [POLY] No BTC/ETH price-direction markets found within 24h (vol≥$10,000). Rescan in 120s. This is normal near daily UTC midnight when Polymarket's daily contracts have just settled and new ones are being created.
2026-04-29T20:39:52  INFO     [POLY] Scanning Gamma API for BTC/ETH price-direction markets...
2026-04-29T20:39:53  INFO     [POLY] No BTC/ETH price-direction markets found within 24h (vol≥$10,000). Rescan in 120s. This is normal near daily UTC midnight when Polymarket's daily contracts have just settled and new ones are being created.
2026-04-29T20:41:53  INFO     [POLY] Scanning Gamma API for BTC/ETH price-direction markets...
2026-04-29T20:41:55  INFO     [POLY] No BTC/ETH price-direction markets found within 24h (vol≥$10,000). Rescan in 120s. This is normal near daily UTC midnight when Polymarket's daily contracts have just settled and new ones are being created.
2026-04-29T20:43:55  INFO     [POLY] Scanning Gamma API for BTC/ETH price-direction markets...
2026-04-29T20:43:56  INFO     [POLY] No BTC/ETH price-direction markets found within 24h (vol≥$10,000). Rescan in 120s. This is normal near daily UTC midnight when Polymarket's daily contracts have just settled and new ones are being created.
2026-04-29T20:45:56  INFO     [POLY] Scanning Gamma API for BTC/ETH price-direction markets...
2026-04-29T20:45:56  INFO     [POLY] No BTC/ETH price-direction markets found within 24h (vol≥$10,000). Rescan in 120s. This is normal near daily UTC midnight when Polymarket's daily contracts have just settled and new ones are being created.
2026-04-29T20:47:56  INFO     [POLY] Scanning Gamma API for BTC/ETH price-direction markets...
2026-04-29T20:47:59  INFO     [POLY] No BTC/ETH price-direction markets found within 24h (vol≥$10,000). Rescan in 120s. This is normal near daily UTC midnight when Polymarket's daily contracts have just settled and new ones are being created.
2026-04-29T20:49:59  INFO     [POLY] Scanning Gamma API for BTC/ETH price-direction markets...
2026-04-29T20:49:59  INFO     [POLY] No BTC/ETH price-direction markets found within 24h (vol≥$10,000). Rescan in 120s. This is normal near daily UTC midnight when Polymarket's daily contracts have just settled and new ones are being created.
2026-04-29T20:51:59  INFO     [POLY] Scanning Gamma API for BTC/ETH price-direction markets...
2026-04-29T20:52:03  INFO     [POLY] No BTC/ETH price-direction markets found within 24h (vol≥$10,000). Rescan in 120s. This is normal near daily UTC midnight when Polymarket's daily contracts have just settled and new ones are being created.
2026-04-29T20:54:03  INFO     [POLY] Scanning Gamma API for BTC/ETH price-direction markets...
2026-04-29T20:54:05  INFO     [POLY] No BTC/ETH price-direction markets found within 24h (vol≥$10,000). Rescan in 120s. This is normal near daily UTC midnight when Polymarket's daily contracts have just settled and new ones are being created.
2026-04-29T20:56:05  INFO     [POLY] Scanning Gamma API for BTC/ETH price-direction markets...
2026-04-29T20:56:06  INFO     [POLY] No BTC/ETH price-direction markets found within 24h (vol≥$10,000). Rescan in 120s. This is normal near daily UTC midnight when Polymarket's daily contracts have just settled and new ones are being created.
2026-04-29T20:58:06  INFO     [POLY] Scanning Gamma API for BTC/ETH price-direction markets...
2026-04-29T20:58:07  INFO     [POLY] No BTC/ETH price-direction markets found within 24h (vol≥$10,000). Rescan in 120s. This is normal near daily UTC midnight when Polymarket's daily contracts have just settled and new ones are being created.
2026-04-29T21:00:07  INFO     [POLY] Scanning Gamma API for BTC/ETH price-direction markets...
2026-04-29T21:00:09  INFO     [POLY] No BTC/ETH price-direction markets found within 24h (vol≥$10,000). Rescan in 120s. This is normal near daily UTC midnight when Polymarket's daily contracts have just settled and new ones are being created.
2026-04-29T21:02:09  INFO     [POLY] Scanning Gamma API for BTC/ETH price-direction markets...
2026-04-29T21:02:09  INFO     [POLY] No BTC/ETH price-direction markets found within 24h (vol≥$10,000). Rescan in 120s. This is normal near daily UTC midnight when Polymarket's daily contracts have just settled and new ones are being created.
2026-04-29T21:04:09  INFO     [POLY] Scanning Gamma API for BTC/ETH price-direction markets...
2026-04-29T21:04:10  INFO     [POLY] No BTC/ETH price-direction markets found within 24h (vol≥$10,000). Rescan in 120s. This is normal near daily UTC midnight when Polymarket's daily contracts have just settled and new ones are being created.
2026-04-29T21:06:10  INFO     [POLY] Scanning Gamma API for BTC/ETH price-direction markets...
2026-04-29T21:06:12  INFO     [POLY] No BTC/ETH price-direction markets found within 24h (vol≥$10,000). Rescan in 120s. This is normal near daily UTC midnight when Polymarket's daily contracts have just settled and new ones are being created.
2026-04-29T21:08:12  INFO     [POLY] Scanning Gamma API for BTC/ETH price-direction markets...
2026-04-29T21:08:13  INFO     [POLY] No BTC/ETH price-direction markets found within 24h (vol≥$10,000). Rescan in 120s. This is normal near daily UTC midnight when Polymarket's daily contracts have just settled and new ones are being created.
2026-04-29T21:10:13  INFO     [POLY] Scanning Gamma API for BTC/ETH price-direction markets...
2026-04-29T21:10:14  INFO     [POLY] No BTC/ETH price-direction markets found within 24h (vol≥$10,000). Rescan in 120s. This is normal near daily UTC midnight when Polymarket's daily contracts have just settled and new ones are being created.
2026-04-29T21:12:14  INFO     [POLY] Scanning Gamma API for BTC/ETH price-direction markets...
2026-04-29T21:12:16  INFO     [POLY] No BTC/ETH price-direction markets found within 24h (vol≥$10,000). Rescan in 120s. This is normal near daily UTC midnight when Polymarket's daily contracts have just settled and new ones are being created.
2026-04-29T21:14:16  INFO     [POLY] Scanning Gamma API for BTC/ETH price-direction markets...
2026-04-29T21:14:17  INFO     [POLY] No BTC/ETH price-direction markets found within 24h (vol≥$10,000). Rescan in 120s. This is normal near daily UTC midnight when Polymarket's daily contracts have just settled and new ones are being created.
2026-04-29T21:16:17  INFO     [POLY] Scanning Gamma API for BTC/ETH price-direction markets...
2026-04-29T21:16:18  INFO     [POLY] No BTC/ETH price-direction markets found within 24h (vol≥$10,000). Rescan in 120s. This is normal near daily UTC midnight when Polymarket's daily contracts have just settled and new ones are being created.
2026-04-29T21:18:18  INFO     [POLY] Scanning Gamma API for BTC/ETH price-direction markets...
2026-04-29T21:18:20  INFO     [POLY] No BTC/ETH price-direction markets found within 24h (vol≥$10,000). Rescan in 120s. This is normal near daily UTC midnight when Polymarket's daily contracts have just settled and new ones are being created.
2026-04-29T21:20:20  INFO     [POLY] Scanning Gamma API for BTC/ETH price-direction markets...
2026-04-29T21:20:21  INFO     [POLY] No BTC/ETH price-direction markets found within 24h (vol≥$10,000). Rescan in 120s. This is normal near daily UTC midnight when Polymarket's daily contracts have just settled and new ones are being created.
2026-04-29T21:22:21  INFO     [POLY] Scanning Gamma API for BTC/ETH price-direction markets...
2026-04-29T21:22:22  INFO     [POLY] No BTC/ETH price-direction markets found within 24h (vol≥$10,000). Rescan in 120s. This is normal near daily UTC midnight when Polymarket's daily contracts have just settled and new ones are being created.
2026-04-29T21:24:22  INFO     [POLY] Scanning Gamma API for BTC/ETH price-direction markets...
2026-04-29T21:24:24  INFO     [POLY] No BTC/ETH price-direction markets found within 24h (vol≥$10,000). Rescan in 120s. This is normal near daily UTC midnight when Polymarket's daily contracts have just settled and new ones are being created.
2026-04-29T21:26:24  INFO     [POLY] Scanning Gamma API for BTC/ETH price-direction markets...
2026-04-29T21:26:25  INFO     [POLY] No BTC/ETH price-direction markets found within 24h (vol≥$10,000). Rescan in 120s. This is normal near daily UTC midnight when Polymarket's daily contracts have just settled and new ones are being created.
2026-04-29T21:28:25  INFO     [POLY] Scanning Gamma API for BTC/ETH price-direction markets...
2026-04-29T21:28:25  INFO     [POLY] No BTC/ETH price-direction markets found within 24h (vol≥$10,000). Rescan in 120s. This is normal near daily UTC midnight when Polymarket's daily contracts have just settled and new ones are being created.
2026-04-29T21:30:25  INFO     [POLY] Scanning Gamma API for BTC/ETH price-direction markets...
2026-04-29T21:30:27  INFO     [POLY] No BTC/ETH price-direction markets found within 24h (vol≥$10,000). Rescan in 120s. This is normal near daily UTC midnight when Polymarket's daily contracts have just settled and new ones are being created.
2026-04-29T21:32:27  INFO     [POLY] Scanning Gamma API for BTC/ETH price-direction markets...
2026-04-29T21:32:28  INFO     [POLY] No BTC/ETH price-direction markets found within 24h (vol≥$10,000). Rescan in 120s. This is normal near daily UTC midnight when Polymarket's daily contracts have just settled and new ones are being created.
2026-04-29T21:34:28  INFO     [POLY] Scanning Gamma API for BTC/ETH price-direction markets...
2026-04-29T21:34:29  INFO     [POLY] No BTC/ETH price-direction markets found within 24h (vol≥$10,000). Rescan in 120s. This is normal near daily UTC midnight when Polymarket's daily contracts have just settled and new ones are being created.
2026-04-29T21:36:29  INFO     [POLY] Scanning Gamma API for BTC/ETH price-direction markets...
2026-04-29T21:36:31  INFO     [POLY] No BTC/ETH price-direction markets found within 24h (vol≥$10,000). Rescan in 120s. This is normal near daily UTC midnight when Polymarket's daily contracts have just settled and new ones are being created.
2026-04-29T21:38:31  INFO     [POLY] Scanning Gamma API for BTC/ETH price-direction markets...
2026-04-29T21:38:32  INFO     [POLY] No BTC/ETH price-direction markets found within 24h (vol≥$10,000). Rescan in 120s. This is normal near daily UTC midnight when Polymarket's daily contracts have just settled and new ones are being created.
2026-04-29T21:40:32  INFO     [POLY] Scanning Gamma API for BTC/ETH price-direction markets...
2026-04-29T21:40:32  INFO     [POLY] No BTC/ETH price-direction markets found within 24h (vol≥$10,000). Rescan in 120s. This is normal near daily UTC midnight when Polymarket's daily contracts have just settled and new ones are being created.
2026-04-29T21:42:32  INFO     [POLY] Scanning Gamma API for BTC/ETH price-direction markets...
2026-04-29T21:42:34  INFO     [POLY] No BTC/ETH price-direction markets found within 24h (vol≥$10,000). Rescan in 120s. This is normal near daily UTC midnight when Polymarket's daily contracts have just settled and new ones are being created.
2026-04-29T21:44:34  INFO     [POLY] Scanning Gamma API for BTC/ETH price-direction markets...
2026-04-29T21:44:35  INFO     [POLY] No BTC/ETH price-direction markets found within 24h (vol≥$10,000). Rescan in 120s. This is normal near daily UTC midnight when Polymarket's daily contracts have just settled and new ones are being created.
2026-04-29T21:46:35  INFO     [POLY] Scanning Gamma API for BTC/ETH price-direction markets...
2026-04-29T21:46:36  INFO     [POLY] No BTC/ETH price-direction markets found within 24h (vol≥$10,000). Rescan in 120s. This is normal near daily UTC midnight when Polymarket's daily contracts have just settled and new ones are being created.
2026-04-29T21:48:36  INFO     [POLY] Scanning Gamma API for BTC/ETH price-direction markets...
2026-04-29T21:48:38  INFO     [POLY] No BTC/ETH price-direction markets found within 24h (vol≥$10,000). Rescan in 120s. This is normal near daily UTC midnight when Polymarket's daily contracts have just settled and new ones are being created.
2026-04-29T21:50:38  INFO     [POLY] Scanning Gamma API for BTC/ETH price-direction markets...
2026-04-29T21:50:38  INFO     [POLY] No BTC/ETH price-direction markets found within 24h (vol≥$10,000). Rescan in 120s. This is normal near daily UTC midnight when Polymarket's daily contracts have just settled and new ones are being created.
2026-04-29T21:52:38  INFO     [POLY] Scanning Gamma API for BTC/ETH price-direction markets...
2026-04-29T21:52:39  INFO     [POLY] No BTC/ETH price-direction markets found within 24h (vol≥$10,000). Rescan in 120s. This is normal near daily UTC midnight when Polymarket's daily contracts have just settled and new ones are being created.
2026-04-29T21:54:39  INFO     [POLY] Scanning Gamma API for BTC/ETH price-direction markets...
2026-04-29T21:54:41  INFO     [POLY] No BTC/ETH price-direction markets found within 24h (vol≥$10,000). Rescan in 120s. This is normal near daily UTC midnight when Polymarket's daily contracts have just settled and new ones are being created.
2026-04-29T21:56:41  INFO     [POLY] Scanning Gamma API for BTC/ETH price-direction markets...
2026-04-29T21:56:42  INFO     [POLY] No BTC/ETH price-direction markets found within 24h (vol≥$10,000). Rescan in 120s. This is normal near daily UTC midnight when Polymarket's daily contracts have just settled and new ones are being created.
2026-04-29T21:58:42  INFO     [POLY] Scanning Gamma API for BTC/ETH price-direction markets...
2026-04-29T21:58:43  INFO     [POLY] No BTC/ETH price-direction markets found within 24h (vol≥$10,000). Rescan in 120s. This is normal near daily UTC midnight when Polymarket's daily contracts have just settled and new ones are being created.
2026-04-29T22:00:43  INFO     [POLY] Scanning Gamma API for BTC/ETH price-direction markets...
2026-04-29T22:00:45  INFO     [POLY] No BTC/ETH price-direction markets found within 24h (vol≥$10,000). Rescan in 120s. This is normal near daily UTC midnight when Polymarket's daily contracts have just settled and new ones are being created.
2026-04-29T22:02:45  INFO     [POLY] Scanning Gamma API for BTC/ETH price-direction markets...
2026-04-29T22:02:46  INFO     [POLY] No BTC/ETH price-direction markets found within 24h (vol≥$10,000). Rescan in 120s. This is normal near daily UTC midnight when Polymarket's daily contracts have just settled and new ones are being created.
2026-04-29T22:04:46  INFO     [POLY] Scanning Gamma API for BTC/ETH price-direction markets...
2026-04-29T22:04:46  INFO     [POLY] No BTC/ETH price-direction markets found within 24h (vol≥$10,000). Rescan in 120s. This is normal near daily UTC midnight when Polymarket's daily contracts have just settled and new ones are being created.
2026-04-29T22:06:46  INFO     [POLY] Scanning Gamma API for BTC/ETH price-direction markets...
2026-04-29T22:06:49  INFO     [POLY] No BTC/ETH price-direction markets found within 24h (vol≥$10,000). Rescan in 120s. This is normal near daily UTC midnight when Polymarket's daily contracts have just settled and new ones are being created.
2026-04-29T22:08:49  INFO     [POLY] Scanning Gamma API for BTC/ETH price-direction markets...
2026-04-29T22:08:49  INFO     [POLY] No BTC/ETH price-direction markets found within 24h (vol≥$10,000). Rescan in 120s. This is normal near daily UTC midnight when Polymarket's daily contracts have just settled and new ones are being created.
2026-04-29T22:10:49  INFO     [POLY] Scanning Gamma API for BTC/ETH price-direction markets...
2026-04-29T22:10:50  INFO     [POLY] No BTC/ETH price-direction markets found within 24h (vol≥$10,000). Rescan in 120s. This is normal near daily UTC midnight when Polymarket's daily contracts have just settled and new ones are being created.
2026-04-29T22:12:50  INFO     [POLY] Scanning Gamma API for BTC/ETH price-direction markets...
2026-04-29T22:12:52  INFO     [POLY] No BTC/ETH price-direction markets found within 24h (vol≥$10,000). Rescan in 120s. This is normal near daily UTC midnight when Polymarket's daily contracts have just settled and new ones are being created.
2026-04-29T22:14:52  INFO     [POLY] Scanning Gamma API for BTC/ETH price-direction markets...
2026-04-29T22:14:53  INFO     [POLY] No BTC/ETH price-direction markets found within 24h (vol≥$10,000). Rescan in 120s. This is normal near daily UTC midnight when Polymarket's daily contracts have just settled and new ones are being created.
2026-04-29T22:16:53  INFO     [POLY] Scanning Gamma API for BTC/ETH price-direction markets...
2026-04-29T22:16:54  INFO     [POLY] No BTC/ETH price-direction markets found within 24h (vol≥$10,000). Rescan in 120s. This is normal near daily UTC midnight when Polymarket's daily contracts have just settled and new ones are being created.
2026-04-29T22:18:54  INFO     [POLY] Scanning Gamma API for BTC/ETH price-direction markets...
2026-04-29T22:18:56  INFO     [POLY] No BTC/ETH price-direction markets found within 24h (vol≥$10,000). Rescan in 120s. This is normal near daily UTC midnight when Polymarket's daily contracts have just settled and new ones are being created.
2026-04-29T22:20:56  INFO     [POLY] Scanning Gamma API for BTC/ETH price-direction markets...
2026-04-29T22:20:57  INFO     [POLY] No BTC/ETH price-direction markets found within 24h (vol≥$10,000). Rescan in 120s. This is normal near daily UTC midnight when Polymarket's daily contracts have just settled and new ones are being created.
2026-04-29T22:22:57  INFO     [POLY] Scanning Gamma API for BTC/ETH price-direction markets...
2026-04-29T22:22:57  INFO     [POLY] No BTC/ETH price-direction markets found within 24h (vol≥$10,000). Rescan in 120s. This is normal near daily UTC midnight when Polymarket's daily contracts have just settled and new ones are being created.
2026-04-29T22:24:57  INFO     [POLY] Scanning Gamma API for BTC/ETH price-direction markets...
2026-04-29T22:24:59  INFO     [POLY] No BTC/ETH price-direction markets found within 24h (vol≥$10,000). Rescan in 120s. This is normal near daily UTC midnight when Polymarket's daily contracts have just settled and new ones are being created.
2026-04-29T22:26:59  INFO     [POLY] Scanning Gamma API for BTC/ETH price-direction markets...
2026-04-29T22:27:00  INFO     [POLY] No BTC/ETH price-direction markets found within 24h (vol≥$10,000). Rescan in 120s. This is normal near daily UTC midnight when Polymarket's daily contracts have just settled and new ones are being created.
2026-04-29T22:29:00  INFO     [POLY] Scanning Gamma API for BTC/ETH price-direction markets...
2026-04-29T22:29:00  INFO     [POLY] No BTC/ETH price-direction markets found within 24h (vol≥$10,000). Rescan in 120s. This is normal near daily UTC midnight when Polymarket's daily contracts have just settled and new ones are being created.
2026-04-29T22:31:00  INFO     [POLY] Scanning Gamma API for BTC/ETH price-direction markets...
2026-04-29T22:31:02  INFO     [POLY] No BTC/ETH price-direction markets found within 24h (vol≥$10,000). Rescan in 120s. This is normal near daily UTC midnight when Polymarket's daily contracts have just settled and new ones are being created.
2026-04-29T22:33:02  INFO     [POLY] Scanning Gamma API for BTC/ETH price-direction markets...
2026-04-29T22:33:03  INFO     [POLY] No BTC/ETH price-direction markets found within 24h (vol≥$10,000). Rescan in 120s. This is normal near daily UTC midnight when Polymarket's daily contracts have just settled and new ones are being created.
2026-04-29T22:35:03  INFO     [POLY] Scanning Gamma API for BTC/ETH price-direction markets...
2026-04-29T22:35:04  INFO     [POLY] No BTC/ETH price-direction markets found within 24h (vol≥$10,000). Rescan in 120s. This is normal near daily UTC midnight when Polymarket's daily contracts have just settled and new ones are being created.
2026-04-29T22:37:04  INFO     [POLY] Scanning Gamma API for BTC/ETH price-direction markets...
2026-04-29T22:37:06  INFO     [POLY] No BTC/ETH price-direction markets found within 24h (vol≥$10,000). Rescan in 120s. This is normal near daily UTC midnight when Polymarket's daily contracts have just settled and new ones are being created.
2026-04-29T22:39:06  INFO     [POLY] Scanning Gamma API for BTC/ETH price-direction markets...
2026-04-29T22:39:07  INFO     [POLY] No BTC/ETH price-direction markets found within 24h (vol≥$10,000). Rescan in 120s. This is normal near daily UTC midnight when Polymarket's daily contracts have just settled and new ones are being created.
2026-04-29T22:41:07  INFO     [POLY] Scanning Gamma API for BTC/ETH price-direction markets...
2026-04-29T22:41:07  INFO     [POLY] No BTC/ETH price-direction markets found within 24h (vol≥$10,000). Rescan in 120s. This is normal near daily UTC midnight when Polymarket's daily contracts have just settled and new ones are being created.
2026-04-29T22:43:07  INFO     [POLY] Scanning Gamma API for BTC/ETH price-direction markets...
2026-04-29T22:43:09  INFO     [POLY] No BTC/ETH price-direction markets found within 24h (vol≥$10,000). Rescan in 120s. This is normal near daily UTC midnight when Polymarket's daily contracts have just settled and new ones are being created.
2026-04-29T22:45:09  INFO     [POLY] Scanning Gamma API for BTC/ETH price-direction markets...
2026-04-29T22:45:10  INFO     [POLY] No BTC/ETH price-direction markets found within 24h (vol≥$10,000). Rescan in 120s. This is normal near daily UTC midnight when Polymarket's daily contracts have just settled and new ones are being created.
2026-04-29T22:47:10  INFO     [POLY] Scanning Gamma API for BTC/ETH price-direction markets...
2026-04-29T22:47:11  INFO     [POLY] No BTC/ETH price-direction markets found within 24h (vol≥$10,000). Rescan in 120s. This is normal near daily UTC midnight when Polymarket's daily contracts have just settled and new ones are being created.
2026-04-29T22:49:11  INFO     [POLY] Scanning Gamma API for BTC/ETH price-direction markets...
2026-04-29T22:49:13  INFO     [POLY] No BTC/ETH price-direction markets found within 24h (vol≥$10,000). Rescan in 120s. This is normal near daily UTC midnight when Polymarket's daily contracts have just settled and new ones are being created.
2026-04-29T22:51:13  INFO     [POLY] Scanning Gamma API for BTC/ETH price-direction markets...
2026-04-29T22:51:14  INFO     [POLY] No BTC/ETH price-direction markets found within 24h (vol≥$10,000). Rescan in 120s. This is normal near daily UTC midnight when Polymarket's daily contracts have just settled and new ones are being created.
2026-04-29T22:53:14  INFO     [POLY] Scanning Gamma API for BTC/ETH price-direction markets...
2026-04-29T22:53:14  INFO     [POLY] No BTC/ETH price-direction markets found within 24h (vol≥$10,000). Rescan in 120s. This is normal near daily UTC midnight when Polymarket's daily contracts have just settled and new ones are being created.
2026-04-29T22:55:14  INFO     [POLY] Scanning Gamma API for BTC/ETH price-direction markets...
2026-04-29T22:55:16  INFO     [POLY] No BTC/ETH price-direction markets found within 24h (vol≥$10,000). Rescan in 120s. This is normal near daily UTC midnight when Polymarket's daily contracts have just settled and new ones are being created.
2026-04-29T22:57:16  INFO     [POLY] Scanning Gamma API for BTC/ETH price-direction markets...
2026-04-29T22:57:17  INFO     [POLY] No BTC/ETH price-direction markets found within 24h (vol≥$10,000). Rescan in 120s. This is normal near daily UTC midnight when Polymarket's daily contracts have just settled and new ones are being created.
2026-04-29T22:59:17  INFO     [POLY] Scanning Gamma API for BTC/ETH price-direction markets...
2026-04-29T22:59:18  INFO     [POLY] No BTC/ETH price-direction markets found within 24h (vol≥$10,000). Rescan in 120s. This is normal near daily UTC midnight when Polymarket's daily contracts have just settled and new ones are being created.
2026-04-29T23:01:18  INFO     [POLY] Scanning Gamma API for BTC/ETH price-direction markets...
2026-04-29T23:01:20  INFO     [POLY] No BTC/ETH price-direction markets found within 24h (vol≥$10,000). Rescan in 120s. This is normal near daily UTC midnight when Polymarket's daily contracts have just settled and new ones are being created.
2026-04-29T23:03:20  INFO     [POLY] Scanning Gamma API for BTC/ETH price-direction markets...
2026-04-29T23:03:20  INFO     [POLY] No BTC/ETH price-direction markets found within 24h (vol≥$10,000). Rescan in 120s. This is normal near daily UTC midnight when Polymarket's daily contracts have just settled and new ones are being created.
2026-04-29T23:05:20  INFO     [POLY] Scanning Gamma API for BTC/ETH price-direction markets...
2026-04-29T23:05:21  INFO     [POLY] No BTC/ETH price-direction markets found within 24h (vol≥$10,000). Rescan in 120s. This is normal near daily UTC midnight when Polymarket's daily contracts have just settled and new ones are being created.
2026-04-29T23:07:21  INFO     [POLY] Scanning Gamma API for BTC/ETH price-direction markets...
2026-04-29T23:07:23  INFO     [POLY] No BTC/ETH price-direction markets found within 24h (vol≥$10,000). Rescan in 120s. This is normal near daily UTC midnight when Polymarket's daily contracts have just settled and new ones are being created.
2026-04-29T23:09:23  INFO     [POLY] Scanning Gamma API for BTC/ETH price-direction markets...
2026-04-29T23:09:24  INFO     [POLY] No BTC/ETH price-direction markets found within 24h (vol≥$10,000). Rescan in 120s. This is normal near daily UTC midnight when Polymarket's daily contracts have just settled and new ones are being created.
2026-04-29T23:11:24  INFO     [POLY] Scanning Gamma API for BTC/ETH price-direction markets...
2026-04-29T23:11:24  INFO     [POLY] No BTC/ETH price-direction markets found within 24h (vol≥$10,000). Rescan in 120s. This is normal near daily UTC midnight when Polymarket's daily contracts have just settled and new ones are being created.
2026-04-29T23:13:24  INFO     [POLY] Scanning Gamma API for BTC/ETH price-direction markets...
2026-04-29T23:13:26  INFO     [POLY] No BTC/ETH price-direction markets found within 24h (vol≥$10,000). Rescan in 120s. This is normal near daily UTC midnight when Polymarket's daily contracts have just settled and new ones are being created.
2026-04-29T23:15:26  INFO     [POLY] Scanning Gamma API for BTC/ETH price-direction markets...
2026-04-29T23:15:27  INFO     [POLY] No BTC/ETH price-direction markets found within 24h (vol≥$10,000). Rescan in 120s. This is normal near daily UTC midnight when Polymarket's daily contracts have just settled and new ones are being created.
2026-04-29T23:17:27  INFO     [POLY] Scanning Gamma API for BTC/ETH price-direction markets...
2026-04-29T23:17:28  INFO     [POLY] No BTC/ETH price-direction markets found within 24h (vol≥$10,000). Rescan in 120s. This is normal near daily UTC midnight when Polymarket's daily contracts have just settled and new ones are being created.
2026-04-29T23:19:28  INFO     [POLY] Scanning Gamma API for BTC/ETH price-direction markets...
2026-04-29T23:19:30  INFO     [POLY] No BTC/ETH price-direction markets found within 24h (vol≥$10,000). Rescan in 120s. This is normal near daily UTC midnight when Polymarket's daily contracts have just settled and new ones are being created.
2026-04-29T23:21:30  INFO     [POLY] Scanning Gamma API for BTC/ETH price-direction markets...
2026-04-29T23:21:31  INFO     [POLY] No BTC/ETH price-direction markets found within 24h (vol≥$10,000). Rescan in 120s. This is normal near daily UTC midnight when Polymarket's daily contracts have just settled and new ones are being created.
2026-04-29T23:23:31  INFO     [POLY] Scanning Gamma API for BTC/ETH price-direction markets...
2026-04-29T23:23:31  INFO     [POLY] No BTC/ETH price-direction markets found within 24h (vol≥$10,000). Rescan in 120s. This is normal near daily UTC midnight when Polymarket's daily contracts have just settled and new ones are being created.
2026-04-29T23:25:31  INFO     [POLY] Scanning Gamma API for BTC/ETH price-direction markets...
2026-04-29T23:25:33  INFO     [POLY] No BTC/ETH price-direction markets found within 24h (vol≥$10,000). Rescan in 120s. This is normal near daily UTC midnight when Polymarket's daily contracts have just settled and new ones are being created.
2026-04-29T23:27:33  INFO     [POLY] Scanning Gamma API for BTC/ETH price-direction markets...
2026-04-29T23:27:34  INFO     [POLY] No BTC/ETH price-direction markets found within 24h (vol≥$10,000). Rescan in 120s. This is normal near daily UTC midnight when Polymarket's daily contracts have just settled and new ones are being created.
2026-04-29T23:29:34  INFO     [POLY] Scanning Gamma API for BTC/ETH price-direction markets...
2026-04-29T23:29:35  INFO     [POLY] No BTC/ETH price-direction markets found within 24h (vol≥$10,000). Rescan in 120s. This is normal near daily UTC midnight when Polymarket's daily contracts have just settled and new ones are being created.
2026-04-29T23:31:35  INFO     [POLY] Scanning Gamma API for BTC/ETH price-direction markets...
2026-04-29T23:31:37  INFO     [POLY] No BTC/ETH price-direction markets found within 24h (vol≥$10,000). Rescan in 120s. This is normal near daily UTC midnight when Polymarket's daily contracts have just settled and new ones are being created.
2026-04-29T23:33:37  INFO     [POLY] Scanning Gamma API for BTC/ETH price-direction markets...
2026-04-29T23:33:38  INFO     [POLY] No BTC/ETH price-direction markets found within 24h (vol≥$10,000). Rescan in 120s. This is normal near daily UTC midnight when Polymarket's daily contracts have just settled and new ones are being created.
2026-04-29T23:35:38  INFO     [POLY] Scanning Gamma API for BTC/ETH price-direction markets...
2026-04-29T23:35:39  INFO     [POLY] No BTC/ETH price-direction markets found within 24h (vol≥$10,000). Rescan in 120s. This is normal near daily UTC midnight when Polymarket's daily contracts have just settled and new ones are being created.
2026-04-29T23:37:39  INFO     [POLY] Scanning Gamma API for BTC/ETH price-direction markets...
2026-04-29T23:37:41  INFO     [POLY] No BTC/ETH price-direction markets found within 24h (vol≥$10,000). Rescan in 120s. This is normal near daily UTC midnight when Polymarket's daily contracts have just settled and new ones are being created.
2026-04-29T23:39:41  INFO     [POLY] Scanning Gamma API for BTC/ETH price-direction markets...
2026-04-29T23:39:41  INFO     [POLY] No BTC/ETH price-direction markets found within 24h (vol≥$10,000). Rescan in 120s. This is normal near daily UTC midnight when Polymarket's daily contracts have just settled and new ones are being created.
2026-04-29T23:41:41  INFO     [POLY] Scanning Gamma API for BTC/ETH price-direction markets...
2026-04-29T23:41:42  INFO     [POLY] No BTC/ETH price-direction markets found within 24h (vol≥$10,000). Rescan in 120s. This is normal near daily UTC midnight when Polymarket's daily contracts have just settled and new ones are being created.
2026-04-29T23:43:42  INFO     [POLY] Scanning Gamma API for BTC/ETH price-direction markets...
2026-04-29T23:43:44  INFO     [POLY] No BTC/ETH price-direction markets found within 24h (vol≥$10,000). Rescan in 120s. This is normal near daily UTC midnight when Polymarket's daily contracts have just settled and new ones are being created.
2026-04-29T23:45:44  INFO     [POLY] Scanning Gamma API for BTC/ETH price-direction markets...
2026-04-29T23:45:45  INFO     [POLY] No BTC/ETH price-direction markets found within 24h (vol≥$10,000). Rescan in 120s. This is normal near daily UTC midnight when Polymarket's daily contracts have just settled and new ones are being created.
2026-04-29T23:47:45  INFO     [POLY] Scanning Gamma API for BTC/ETH price-direction markets...
2026-04-29T23:47:45  INFO     [POLY] No BTC/ETH price-direction markets found within 24h (vol≥$10,000). Rescan in 120s. This is normal near daily UTC midnight when Polymarket's daily contracts have just settled and new ones are being created.
2026-04-29T23:49:45  INFO     [POLY] Scanning Gamma API for BTC/ETH price-direction markets...
2026-04-29T23:49:47  INFO     [POLY] No BTC/ETH price-direction markets found within 24h (vol≥$10,000). Rescan in 120s. This is normal near daily UTC midnight when Polymarket's daily contracts have just settled and new ones are being created.
2026-04-29T23:51:47  INFO     [POLY] Scanning Gamma API for BTC/ETH price-direction markets...
2026-04-29T23:51:48  INFO     [POLY] No BTC/ETH price-direction markets found within 24h (vol≥$10,000). Rescan in 120s. This is normal near daily UTC midnight when Polymarket's daily contracts have just settled and new ones are being created.
2026-04-29T23:53:48  INFO     [POLY] Scanning Gamma API for BTC/ETH price-direction markets...
2026-04-29T23:53:49  INFO     [POLY] No BTC/ETH price-direction markets found within 24h (vol≥$10,000). Rescan in 120s. This is normal near daily UTC midnight when Polymarket's daily contracts have just settled and new ones are being created.
2026-04-29T23:55:49  INFO     [POLY] Scanning Gamma API for BTC/ETH price-direction markets...
2026-04-29T23:55:51  INFO     [POLY] No BTC/ETH price-direction markets found within 24h (vol≥$10,000). Rescan in 120s. This is normal near daily UTC midnight when Polymarket's daily contracts have just settled and new ones are being created.
2026-04-29T23:57:51  INFO     [POLY] Scanning Gamma API for BTC/ETH price-direction markets...
2026-04-29T23:57:51  INFO     [POLY] No BTC/ETH price-direction markets found within 24h (vol≥$10,000). Rescan in 120s. This is normal near daily UTC midnight when Polymarket's daily contracts have just settled and new ones are being created.
2026-04-29T23:59:51  INFO     [POLY] Scanning Gamma API for BTC/ETH price-direction markets...
2026-04-29T23:59:52  INFO     [POLY] No BTC/ETH price-direction markets found within 24h (vol≥$10,000). Rescan in 120s. This is normal near daily UTC midnight when Polymarket's daily contracts have just settled and new ones are being created.
2026-04-30T00:01:52  INFO     [POLY] Scanning Gamma API for BTC/ETH price-direction markets...
2026-04-30T00:01:54  INFO     [POLY] No BTC/ETH price-direction markets found within 24h (vol≥$10,000). Rescan in 120s. This is normal near daily UTC midnight when Polymarket's daily contracts have just settled and new ones are being created.
2026-04-30T00:03:54  INFO     [POLY] Scanning Gamma API for BTC/ETH price-direction markets...
2026-04-30T00:03:55  INFO     [POLY] No BTC/ETH price-direction markets found within 24h (vol≥$10,000). Rescan in 120s. This is normal near daily UTC midnight when Polymarket's daily contracts have just settled and new ones are being created.
2026-04-30T00:05:55  INFO     [POLY] Scanning Gamma API for BTC/ETH price-direction markets...
2026-04-30T00:05:55  INFO     [POLY] No BTC/ETH price-direction markets found within 24h (vol≥$10,000). Rescan in 120s. This is normal near daily UTC midnight when Polymarket's daily contracts have just settled and new ones are being created.
2026-04-30T00:07:55  INFO     [POLY] Scanning Gamma API for BTC/ETH price-direction markets...
2026-04-30T00:07:57  INFO     [POLY] No BTC/ETH price-direction markets found within 24h (vol≥$10,000). Rescan in 120s. This is normal near daily UTC midnight when Polymarket's daily contracts have just settled and new ones are being created.
2026-04-30T00:09:57  INFO     [POLY] Scanning Gamma API for BTC/ETH price-direction markets...
2026-04-30T00:09:58  INFO     [POLY] No BTC/ETH price-direction markets found within 24h (vol≥$10,000). Rescan in 120s. This is normal near daily UTC midnight when Polymarket's daily contracts have just settled and new ones are being created.
2026-04-30T00:11:58  INFO     [POLY] Scanning Gamma API for BTC/ETH price-direction markets...
2026-04-30T00:11:59  INFO     [POLY] No BTC/ETH price-direction markets found within 24h (vol≥$10,000). Rescan in 120s. This is normal near daily UTC midnight when Polymarket's daily contracts have just settled and new ones are being created.
2026-04-30T00:13:59  INFO     [POLY] Scanning Gamma API for BTC/ETH price-direction markets...
2026-04-30T00:14:01  INFO     [POLY] No BTC/ETH price-direction markets found within 24h (vol≥$10,000). Rescan in 120s. This is normal near daily UTC midnight when Polymarket's daily contracts have just settled and new ones are being created.
2026-04-30T00:16:01  INFO     [POLY] Scanning Gamma API for BTC/ETH price-direction markets...
2026-04-30T00:16:02  INFO     [POLY] No BTC/ETH price-direction markets found within 24h (vol≥$10,000). Rescan in 120s. This is normal near daily UTC midnight when Polymarket's daily contracts have just settled and new ones are being created.
2026-04-30T00:18:02  INFO     [POLY] Scanning Gamma API for BTC/ETH price-direction markets...
2026-04-30T00:18:03  INFO     [POLY] No BTC/ETH price-direction markets found within 24h (vol≥$10,000). Rescan in 120s. This is normal near daily UTC midnight when Polymarket's daily contracts have just settled and new ones are being created.
2026-04-30T00:20:03  INFO     [POLY] Scanning Gamma API for BTC/ETH price-direction markets...
2026-04-30T00:20:05  INFO     [POLY] No BTC/ETH price-direction markets found within 24h (vol≥$10,000). Rescan in 120s. This is normal near daily UTC midnight when Polymarket's daily contracts have just settled and new ones are being created.
2026-04-30T00:22:05  INFO     [POLY] Scanning Gamma API for BTC/ETH price-direction markets...
2026-04-30T00:22:05  INFO     [POLY] No BTC/ETH price-direction markets found within 24h (vol≥$10,000). Rescan in 120s. This is normal near daily UTC midnight when Polymarket's daily contracts have just settled and new ones are being created.
2026-04-30T00:24:05  INFO     [POLY] Scanning Gamma API for BTC/ETH price-direction markets...
2026-04-30T00:24:06  INFO     [POLY] No BTC/ETH price-direction markets found within 24h (vol≥$10,000). Rescan in 120s. This is normal near daily UTC midnight when Polymarket's daily contracts have just settled and new ones are being created.
2026-04-30T00:26:06  INFO     [POLY] Scanning Gamma API for BTC/ETH price-direction markets...
2026-04-30T00:26:08  INFO     [POLY] No BTC/ETH price-direction markets found within 24h (vol≥$10,000). Rescan in 120s. This is normal near daily UTC midnight when Polymarket's daily contracts have just settled and new ones are being created.
2026-04-30T00:28:08  INFO     [POLY] Scanning Gamma API for BTC/ETH price-direction markets...
2026-04-30T00:28:08  INFO     [POLY] No BTC/ETH price-direction markets found within 24h (vol≥$10,000). Rescan in 120s. This is normal near daily UTC midnight when Polymarket's daily contracts have just settled and new ones are being created.
2026-04-30T00:30:08  INFO     [POLY] Scanning Gamma API for BTC/ETH price-direction markets...
2026-04-30T00:30:09  INFO     [POLY] No BTC/ETH price-direction markets found within 24h (vol≥$10,000). Rescan in 120s. This is normal near daily UTC midnight when Polymarket's daily contracts have just settled and new ones are being created.
2026-04-30T00:32:09  INFO     [POLY] Scanning Gamma API for BTC/ETH price-direction markets...
2026-04-30T00:32:11  INFO     [POLY] No BTC/ETH price-direction markets found within 24h (vol≥$10,000). Rescan in 120s. This is normal near daily UTC midnight when Polymarket's daily contracts have just settled and new ones are being created.
2026-04-30T00:34:11  INFO     [POLY] Scanning Gamma API for BTC/ETH price-direction markets...
2026-04-30T00:34:12  INFO     [POLY] No BTC/ETH price-direction markets found within 24h (vol≥$10,000). Rescan in 120s. This is normal near daily UTC midnight when Polymarket's daily contracts have just settled and new ones are being created.
2026-04-30T00:36:12  INFO     [POLY] Scanning Gamma API for BTC/ETH price-direction markets...
2026-04-30T00:36:12  INFO     [POLY] No BTC/ETH price-direction markets found within 24h (vol≥$10,000). Rescan in 120s. This is normal near daily UTC midnight when Polymarket's daily contracts have just settled and new ones are being created.
2026-04-30T00:38:12  INFO     [POLY] Scanning Gamma API for BTC/ETH price-direction markets...
2026-04-30T00:38:14  INFO     [POLY] No BTC/ETH price-direction markets found within 24h (vol≥$10,000). Rescan in 120s. This is normal near daily UTC midnight when Polymarket's daily contracts have just settled and new ones are being created.
2026-04-30T00:40:14  INFO     [POLY] Scanning Gamma API for BTC/ETH price-direction markets...
2026-04-30T00:40:15  INFO     [POLY] No BTC/ETH price-direction markets found within 24h (vol≥$10,000). Rescan in 120s. This is normal near daily UTC midnight when Polymarket's daily contracts have just settled and new ones are being created.
2026-04-30T00:42:15  INFO     [POLY] Scanning Gamma API for BTC/ETH price-direction markets...
2026-04-30T00:42:16  INFO     [POLY] No BTC/ETH price-direction markets found within 24h (vol≥$10,000). Rescan in 120s. This is normal near daily UTC midnight when Polymarket's daily contracts have just settled and new ones are being created.
2026-04-30T00:44:16  INFO     [POLY] Scanning Gamma API for BTC/ETH price-direction markets...
2026-04-30T00:44:18  INFO     [POLY] No BTC/ETH price-direction markets found within 24h (vol≥$10,000). Rescan in 120s. This is normal near daily UTC midnight when Polymarket's daily contracts have just settled and new ones are being created.
2026-04-30T00:46:18  INFO     [POLY] Scanning Gamma API for BTC/ETH price-direction markets...
2026-04-30T00:46:18  INFO     [POLY] No BTC/ETH price-direction markets found within 24h (vol≥$10,000). Rescan in 120s. This is normal near daily UTC midnight when Polymarket's daily contracts have just settled and new ones are being created.
2026-04-30T00:48:18  INFO     [POLY] Scanning Gamma API for BTC/ETH price-direction markets...
2026-04-30T00:48:19  INFO     [POLY] No BTC/ETH price-direction markets found within 24h (vol≥$10,000). Rescan in 120s. This is normal near daily UTC midnight when Polymarket's daily contracts have just settled and new ones are being created.
2026-04-30T00:50:19  INFO     [POLY] Scanning Gamma API for BTC/ETH price-direction markets...
2026-04-30T00:50:21  INFO     [POLY] No BTC/ETH price-direction markets found within 24h (vol≥$10,000). Rescan in 120s. This is normal near daily UTC midnight when Polymarket's daily contracts have just settled and new ones are being created.
2026-04-30T00:52:21  INFO     [POLY] Scanning Gamma API for BTC/ETH price-direction markets...
2026-04-30T00:52:22  INFO     [POLY] No BTC/ETH price-direction markets found within 24h (vol≥$10,000). Rescan in 120s. This is normal near daily UTC midnight when Polymarket's daily contracts have just settled and new ones are being created.
2026-04-30T00:54:22  INFO     [POLY] Scanning Gamma API for BTC/ETH price-direction markets...
2026-04-30T00:54:23  INFO     [POLY] No BTC/ETH price-direction markets found within 24h (vol≥$10,000). Rescan in 120s. This is normal near daily UTC midnight when Polymarket's daily contracts have just settled and new ones are being created.
2026-04-30T00:56:23  INFO     [POLY] Scanning Gamma API for BTC/ETH price-direction markets...
2026-04-30T00:56:25  INFO     [POLY] No BTC/ETH price-direction markets found within 24h (vol≥$10,000). Rescan in 120s. This is normal near daily UTC midnight when Polymarket's daily contracts have just settled and new ones are being created.
2026-04-30T00:58:25  INFO     [POLY] Scanning Gamma API for BTC/ETH price-direction markets...
2026-04-30T00:58:26  INFO     [POLY] No BTC/ETH price-direction markets found within 24h (vol≥$10,000). Rescan in 120s. This is normal near daily UTC midnight when Polymarket's daily contracts have just settled and new ones are being created.
2026-04-30T01:00:26  INFO     [POLY] Scanning Gamma API for BTC/ETH price-direction markets...
2026-04-30T01:00:26  INFO     [POLY] No BTC/ETH price-direction markets found within 24h (vol≥$10,000). Rescan in 120s. This is normal near daily UTC midnight when Polymarket's daily contracts have just settled and new ones are being created.
2026-04-30T01:02:26  INFO     [POLY] Scanning Gamma API for BTC/ETH price-direction markets...
2026-04-30T01:02:28  INFO     [POLY] No BTC/ETH price-direction markets found within 24h (vol≥$10,000). Rescan in 120s. This is normal near daily UTC midnight when Polymarket's daily contracts have just settled and new ones are being created.
2026-04-30T01:04:28  INFO     [POLY] Scanning Gamma API for BTC/ETH price-direction markets...
2026-04-30T01:04:29  INFO     [POLY] No BTC/ETH price-direction markets found within 24h (vol≥$10,000). Rescan in 120s. This is normal near daily UTC midnight when Polymarket's daily contracts have just settled and new ones are being created.
2026-04-30T01:06:29  INFO     [POLY] Scanning Gamma API for BTC/ETH price-direction markets...
2026-04-30T01:06:29  INFO     [POLY] No BTC/ETH price-direction markets found within 24h (vol≥$10,000). Rescan in 120s. This is normal near daily UTC midnight when Polymarket's daily contracts have just settled and new ones are being created.
2026-04-30T01:08:30  INFO     [POLY] Scanning Gamma API for BTC/ETH price-direction markets...
2026-04-30T01:08:31  INFO     [POLY] No BTC/ETH price-direction markets found within 24h (vol≥$10,000). Rescan in 120s. This is normal near daily UTC midnight when Polymarket's daily contracts have just settled and new ones are being created.
2026-04-30T01:10:31  INFO     [POLY] Scanning Gamma API for BTC/ETH price-direction markets...
2026-04-30T01:10:32  INFO     [POLY] No BTC/ETH price-direction markets found within 24h (vol≥$10,000). Rescan in 120s. This is normal near daily UTC midnight when Polymarket's daily contracts have just settled and new ones are being created.
2026-04-30T01:12:32  INFO     [POLY] Scanning Gamma API for BTC/ETH price-direction markets...
2026-04-30T01:12:33  INFO     [POLY] No BTC/ETH price-direction markets found within 24h (vol≥$10,000). Rescan in 120s. This is normal near daily UTC midnight when Polymarket's daily contracts have just settled and new ones are being created.
2026-04-30T01:14:33  INFO     [POLY] Scanning Gamma API for BTC/ETH price-direction markets...
2026-04-30T01:14:35  INFO     [POLY] No BTC/ETH price-direction markets found within 24h (vol≥$10,000). Rescan in 120s. This is normal near daily UTC midnight when Polymarket's daily contracts have just settled and new ones are being created.
2026-04-30T01:16:35  INFO     [POLY] Scanning Gamma API for BTC/ETH price-direction markets...
2026-04-30T01:16:35  INFO     [POLY] No BTC/ETH price-direction markets found within 24h (vol≥$10,000). Rescan in 120s. This is normal near daily UTC midnight when Polymarket's daily contracts have just settled and new ones are being created.
2026-04-30T01:18:35  INFO     [POLY] Scanning Gamma API for BTC/ETH price-direction markets...
2026-04-30T01:18:36  INFO     [POLY] No BTC/ETH price-direction markets found within 24h (vol≥$10,000). Rescan in 120s. This is normal near daily UTC midnight when Polymarket's daily contracts have just settled and new ones are being created.
2026-04-30T01:20:36  INFO     [POLY] Scanning Gamma API for BTC/ETH price-direction markets...
2026-04-30T01:20:38  INFO     [POLY] No BTC/ETH price-direction markets found within 24h (vol≥$10,000). Rescan in 120s. This is normal near daily UTC midnight when Polymarket's daily contracts have just settled and new ones are being created.
2026-04-30T01:22:38  INFO     [POLY] Scanning Gamma API for BTC/ETH price-direction markets...
2026-04-30T01:22:39  INFO     [POLY] No BTC/ETH price-direction markets found within 24h (vol≥$10,000). Rescan in 120s. This is normal near daily UTC midnight when Polymarket's daily contracts have just settled and new ones are being created.
2026-04-30T01:24:39  INFO     [POLY] Scanning Gamma API for BTC/ETH price-direction markets...
2026-04-30T01:24:40  INFO     [POLY] No BTC/ETH price-direction markets found within 24h (vol≥$10,000). Rescan in 120s. This is normal near daily UTC midnight when Polymarket's daily contracts have just settled and new ones are being created.
2026-04-30T01:26:40  INFO     [POLY] Scanning Gamma API for BTC/ETH price-direction markets...
2026-04-30T01:26:41  INFO     [POLY] No BTC/ETH price-direction markets found within 24h (vol≥$10,000). Rescan in 120s. This is normal near daily UTC midnight when Polymarket's daily contracts have just settled and new ones are being created.
2026-04-30T01:28:41  INFO     [POLY] Scanning Gamma API for BTC/ETH price-direction markets...
2026-04-30T01:28:42  INFO     [POLY] No BTC/ETH price-direction markets found within 24h (vol≥$10,000). Rescan in 120s. This is normal near daily UTC midnight when Polymarket's daily contracts have just settled and new ones are being created.
2026-04-30T01:30:42  INFO     [POLY] Scanning Gamma API for BTC/ETH price-direction markets...
2026-04-30T01:30:43  INFO     [POLY] No BTC/ETH price-direction markets found within 24h (vol≥$10,000). Rescan in 120s. This is normal near daily UTC midnight when Polymarket's daily contracts have just settled and new ones are being created.
2026-04-30T01:32:43  INFO     [POLY] Scanning Gamma API for BTC/ETH price-direction markets...
2026-04-30T01:32:44  INFO     [POLY] No BTC/ETH price-direction markets found within 24h (vol≥$10,000). Rescan in 120s. This is normal near daily UTC midnight when Polymarket's daily contracts have just settled and new ones are being created.
2026-04-30T01:34:44  INFO     [POLY] Scanning Gamma API for BTC/ETH price-direction markets...
2026-04-30T01:34:45  INFO     [POLY] No BTC/ETH price-direction markets found within 24h (vol≥$10,000). Rescan in 120s. This is normal near daily UTC midnight when Polymarket's daily contracts have just settled and new ones are being created.
2026-04-30T01:36:45  INFO     [POLY] Scanning Gamma API for BTC/ETH price-direction markets...
2026-04-30T01:36:46  INFO     [POLY] No BTC/ETH price-direction markets found within 24h (vol≥$10,000). Rescan in 120s. This is normal near daily UTC midnight when Polymarket's daily contracts have just settled and new ones are being created.
2026-04-30T01:38:46  INFO     [POLY] Scanning Gamma API for BTC/ETH price-direction markets...
2026-04-30T01:38:48  INFO     [POLY] No BTC/ETH price-direction markets found within 24h (vol≥$10,000). Rescan in 120s. This is normal near daily UTC midnight when Polymarket's daily contracts have just settled and new ones are being created.
2026-04-30T01:40:48  INFO     [POLY] Scanning Gamma API for BTC/ETH price-direction markets...
2026-04-30T01:40:48  INFO     [POLY] No BTC/ETH price-direction markets found within 24h (vol≥$10,000). Rescan in 120s. This is normal near daily UTC midnight when Polymarket's daily contracts have just settled and new ones are being created.
2026-04-30T01:42:48  INFO     [POLY] Scanning Gamma API for BTC/ETH price-direction markets...
2026-04-30T01:42:49  INFO     [POLY] No BTC/ETH price-direction markets found within 24h (vol≥$10,000). Rescan in 120s. This is normal near daily UTC midnight when Polymarket's daily contracts have just settled and new ones are being created.
2026-04-30T01:44:49  INFO     [POLY] Scanning Gamma API for BTC/ETH price-direction markets...
2026-04-30T01:44:51  INFO     [POLY] No BTC/ETH price-direction markets found within 24h (vol≥$10,000). Rescan in 120s. This is normal near daily UTC midnight when Polymarket's daily contracts have just settled and new ones are being created.
2026-04-30T01:46:51  INFO     [POLY] Scanning Gamma API for BTC/ETH price-direction markets...
2026-04-30T01:46:52  INFO     [POLY] No BTC/ETH price-direction markets found within 24h (vol≥$10,000). Rescan in 120s. This is normal near daily UTC midnight when Polymarket's daily contracts have just settled and new ones are being created.
2026-04-30T01:48:52  INFO     [POLY] Scanning Gamma API for BTC/ETH price-direction markets...
2026-04-30T01:48:53  INFO     [POLY] No BTC/ETH price-direction markets found within 24h (vol≥$10,000). Rescan in 120s. This is normal near daily UTC midnight when Polymarket's daily contracts have just settled and new ones are being created.
2026-04-30T01:50:53  INFO     [POLY] Scanning Gamma API for BTC/ETH price-direction markets...
2026-04-30T01:50:54  INFO     [POLY] No BTC/ETH price-direction markets found within 24h (vol≥$10,000). Rescan in 120s. This is normal near daily UTC midnight when Polymarket's daily contracts have just settled and new ones are being created.
2026-04-30T01:52:54  INFO     [POLY] Scanning Gamma API for BTC/ETH price-direction markets...
2026-04-30T01:52:55  INFO     [POLY] No BTC/ETH price-direction markets found within 24h (vol≥$10,000). Rescan in 120s. This is normal near daily UTC midnight when Polymarket's daily contracts have just settled and new ones are being created.
2026-04-30T01:54:55  INFO     [POLY] Scanning Gamma API for BTC/ETH price-direction markets...
2026-04-30T01:54:56  INFO     [POLY] No BTC/ETH price-direction markets found within 24h (vol≥$10,000). Rescan in 120s. This is normal near daily UTC midnight when Polymarket's daily contracts have just settled and new ones are being created.
2026-04-30T01:56:56  INFO     [POLY] Scanning Gamma API for BTC/ETH price-direction markets...
2026-04-30T01:56:58  INFO     [POLY] No BTC/ETH price-direction markets found within 24h (vol≥$10,000). Rescan in 120s. This is normal near daily UTC midnight when Polymarket's daily contracts have just settled and new ones are being created.
2026-04-30T01:58:58  INFO     [POLY] Scanning Gamma API for BTC/ETH price-direction markets...
2026-04-30T01:58:58  INFO     [POLY] No BTC/ETH price-direction markets found within 24h (vol≥$10,000). Rescan in 120s. This is normal near daily UTC midnight when Polymarket's daily contracts have just settled and new ones are being created.
2026-04-30T02:00:58  INFO     [POLY] Scanning Gamma API for BTC/ETH price-direction markets...
2026-04-30T02:00:59  INFO     [POLY] No BTC/ETH price-direction markets found within 24h (vol≥$10,000). Rescan in 120s. This is normal near daily UTC midnight when Polymarket's daily contracts have just settled and new ones are being created.
2026-04-30T02:02:59  INFO     [POLY] Scanning Gamma API for BTC/ETH price-direction markets...
2026-04-30T02:03:01  INFO     [POLY] No BTC/ETH price-direction markets found within 24h (vol≥$10,000). Rescan in 120s. This is normal near daily UTC midnight when Polymarket's daily contracts have just settled and new ones are being created.
2026-04-30T02:05:01  INFO     [POLY] Scanning Gamma API for BTC/ETH price-direction markets...
2026-04-30T02:05:02  INFO     [POLY] No BTC/ETH price-direction markets found within 24h (vol≥$10,000). Rescan in 120s. This is normal near daily UTC midnight when Polymarket's daily contracts have just settled and new ones are being created.
2026-04-30T02:07:02  INFO     [POLY] Scanning Gamma API for BTC/ETH price-direction markets...
2026-04-30T02:07:03  INFO     [POLY] No BTC/ETH price-direction markets found within 24h (vol≥$10,000). Rescan in 120s. This is normal near daily UTC midnight when Polymarket's daily contracts have just settled and new ones are being created.
2026-04-30T02:09:03  INFO     [POLY] Scanning Gamma API for BTC/ETH price-direction markets...
2026-04-30T02:09:04  INFO     [POLY] No BTC/ETH price-direction markets found within 24h (vol≥$10,000). Rescan in 120s. This is normal near daily UTC midnight when Polymarket's daily contracts have just settled and new ones are being created.
2026-04-30T02:11:04  INFO     [POLY] Scanning Gamma API for BTC/ETH price-direction markets...
2026-04-30T02:11:05  INFO     [POLY] No BTC/ETH price-direction markets found within 24h (vol≥$10,000). Rescan in 120s. This is normal near daily UTC midnight when Polymarket's daily contracts have just settled and new ones are being created.
2026-04-30T02:13:05  INFO     [POLY] Scanning Gamma API for BTC/ETH price-direction markets...
2026-04-30T02:13:06  INFO     [POLY] No BTC/ETH price-direction markets found within 24h (vol≥$10,000). Rescan in 120s. This is normal near daily UTC midnight when Polymarket's daily contracts have just settled and new ones are being created.
2026-04-30T02:15:06  INFO     [POLY] Scanning Gamma API for BTC/ETH price-direction markets...
2026-04-30T02:15:08  INFO     [POLY] No BTC/ETH price-direction markets found within 24h (vol≥$10,000). Rescan in 120s. This is normal near daily UTC midnight when Polymarket's daily contracts have just settled and new ones are being created.
2026-04-30T02:17:08  INFO     [POLY] Scanning Gamma API for BTC/ETH price-direction markets...
2026-04-30T02:17:08  INFO     [POLY] No BTC/ETH price-direction markets found within 24h (vol≥$10,000). Rescan in 120s. This is normal near daily UTC midnight when Polymarket's daily contracts have just settled and new ones are being created.
2026-04-30T02:19:08  INFO     [POLY] Scanning Gamma API for BTC/ETH price-direction markets...
2026-04-30T02:19:09  INFO     [POLY] No BTC/ETH price-direction markets found within 24h (vol≥$10,000). Rescan in 120s. This is normal near daily UTC midnight when Polymarket's daily contracts have just settled and new ones are being created.
2026-04-30T02:21:09  INFO     [POLY] Scanning Gamma API for BTC/ETH price-direction markets...
2026-04-30T02:21:11  INFO     [POLY] No BTC/ETH price-direction markets found within 24h (vol≥$10,000). Rescan in 120s. This is normal near daily UTC midnight when Polymarket's daily contracts have just settled and new ones are being created.
2026-04-30T02:23:11  INFO     [POLY] Scanning Gamma API for BTC/ETH price-direction markets...
2026-04-30T02:23:12  INFO     [POLY] No BTC/ETH price-direction markets found within 24h (vol≥$10,000). Rescan in 120s. This is normal near daily UTC midnight when Polymarket's daily contracts have just settled and new ones are being created.
2026-04-30T02:25:12  INFO     [POLY] Scanning Gamma API for BTC/ETH price-direction markets...
2026-04-30T02:25:12  INFO     [POLY] No BTC/ETH price-direction markets found within 24h (vol≥$10,000). Rescan in 120s. This is normal near daily UTC midnight when Polymarket's daily contracts have just settled and new ones are being created.
2026-04-30T02:27:12  INFO     [POLY] Scanning Gamma API for BTC/ETH price-direction markets...
2026-04-30T02:27:14  INFO     [POLY] No BTC/ETH price-direction markets found within 24h (vol≥$10,000). Rescan in 120s. This is normal near daily UTC midnight when Polymarket's daily contracts have just settled and new ones are being created.
2026-04-30T02:29:14  INFO     [POLY] Scanning Gamma API for BTC/ETH price-direction markets...
2026-04-30T02:29:15  INFO     [POLY] No BTC/ETH price-direction markets found within 24h (vol≥$10,000). Rescan in 120s. This is normal near daily UTC midnight when Polymarket's daily contracts have just settled and new ones are being created.
2026-04-30T02:31:15  INFO     [POLY] Scanning Gamma API for BTC/ETH price-direction markets...
2026-04-30T02:31:16  INFO     [POLY] No BTC/ETH price-direction markets found within 24h (vol≥$10,000). Rescan in 120s. This is normal near daily UTC midnight when Polymarket's daily contracts have just settled and new ones are being created.
2026-04-30T02:33:16  INFO     [POLY] Scanning Gamma API for BTC/ETH price-direction markets...
2026-04-30T02:33:17  INFO     [POLY] No BTC/ETH price-direction markets found within 24h (vol≥$10,000). Rescan in 120s. This is normal near daily UTC midnight when Polymarket's daily contracts have just settled and new ones are being created.
2026-04-30T02:35:17  INFO     [POLY] Scanning Gamma API for BTC/ETH price-direction markets...
2026-04-30T02:35:18  INFO     [POLY] No BTC/ETH price-direction markets found within 24h (vol≥$10,000). Rescan in 120s. This is normal near daily UTC midnight when Polymarket's daily contracts have just settled and new ones are being created.
2026-04-30T02:37:18  INFO     [POLY] Scanning Gamma API for BTC/ETH price-direction markets...
2026-04-30T02:37:19  INFO     [POLY] No BTC/ETH price-direction markets found within 24h (vol≥$10,000). Rescan in 120s. This is normal near daily UTC midnight when Polymarket's daily contracts have just settled and new ones are being created.
2026-04-30T02:39:19  INFO     [POLY] Scanning Gamma API for BTC/ETH price-direction markets...
2026-04-30T02:39:21  INFO     [POLY] No BTC/ETH price-direction markets found within 24h (vol≥$10,000). Rescan in 120s. This is normal near daily UTC midnight when Polymarket's daily contracts have just settled and new ones are being created.
2026-04-30T02:41:21  INFO     [POLY] Scanning Gamma API for BTC/ETH price-direction markets...
2026-04-30T02:41:22  INFO     [POLY] No BTC/ETH price-direction markets found within 24h (vol≥$10,000). Rescan in 120s. This is normal near daily UTC midnight when Polymarket's daily contracts have just settled and new ones are being created.
2026-04-30T02:43:22  INFO     [POLY] Scanning Gamma API for BTC/ETH price-direction markets...
2026-04-30T02:43:22  INFO     [POLY] No BTC/ETH price-direction markets found within 24h (vol≥$10,000). Rescan in 120s. This is normal near daily UTC midnight when Polymarket's daily contracts have just settled and new ones are being created.
2026-04-30T02:45:22  INFO     [POLY] Scanning Gamma API for BTC/ETH price-direction markets...
2026-04-30T02:45:24  INFO     [POLY] No BTC/ETH price-direction markets found within 24h (vol≥$10,000). Rescan in 120s. This is normal near daily UTC midnight when Polymarket's daily contracts have just settled and new ones are being created.
2026-04-30T02:47:24  INFO     [POLY] Scanning Gamma API for BTC/ETH price-direction markets...
2026-04-30T02:47:25  INFO     [POLY] No BTC/ETH price-direction markets found within 24h (vol≥$10,000). Rescan in 120s. This is normal near daily UTC midnight when Polymarket's daily contracts have just settled and new ones are being created.
2026-04-30T02:49:25  INFO     [POLY] Scanning Gamma API for BTC/ETH price-direction markets...
2026-04-30T02:49:26  INFO     [POLY] No BTC/ETH price-direction markets found within 24h (vol≥$10,000). Rescan in 120s. This is normal near daily UTC midnight when Polymarket's daily contracts have just settled and new ones are being created.
2026-04-30T02:51:26  INFO     [POLY] Scanning Gamma API for BTC/ETH price-direction markets...
2026-04-30T02:51:28  INFO     [POLY] No BTC/ETH price-direction markets found within 24h (vol≥$10,000). Rescan in 120s. This is normal near daily UTC midnight when Polymarket's daily contracts have just settled and new ones are being created.
2026-04-30T02:53:28  INFO     [POLY] Scanning Gamma API for BTC/ETH price-direction markets...
2026-04-30T02:53:28  INFO     [POLY] No BTC/ETH price-direction markets found within 24h (vol≥$10,000). Rescan in 120s. This is normal near daily UTC midnight when Polymarket's daily contracts have just settled and new ones are being created.
2026-04-30T02:55:28  INFO     [POLY] Scanning Gamma API for BTC/ETH price-direction markets...
2026-04-30T02:55:29  INFO     [POLY] No BTC/ETH price-direction markets found within 24h (vol≥$10,000). Rescan in 120s. This is normal near daily UTC midnight when Polymarket's daily contracts have just settled and new ones are being created.
2026-04-30T02:57:29  INFO     [POLY] Scanning Gamma API for BTC/ETH price-direction markets...
2026-04-30T02:57:31  INFO     [POLY] No BTC/ETH price-direction markets found within 24h (vol≥$10,000). Rescan in 120s. This is normal near daily UTC midnight when Polymarket's daily contracts have just settled and new ones are being created.
2026-04-30T02:59:31  INFO     [POLY] Scanning Gamma API for BTC/ETH price-direction markets...
2026-04-30T02:59:31  INFO     [POLY] No BTC/ETH price-direction markets found within 24h (vol≥$10,000). Rescan in 120s. This is normal near daily UTC midnight when Polymarket's daily contracts have just settled and new ones are being created.
2026-04-30T03:01:31  INFO     [POLY] Scanning Gamma API for BTC/ETH price-direction markets...
2026-04-30T03:01:32  INFO     [POLY] No BTC/ETH price-direction markets found within 24h (vol≥$10,000). Rescan in 120s. This is normal near daily UTC midnight when Polymarket's daily contracts have just settled and new ones are being created.
2026-04-30T03:03:32  INFO     [POLY] Scanning Gamma API for BTC/ETH price-direction markets...
2026-04-30T03:03:34  INFO     [POLY] No BTC/ETH price-direction markets found within 24h (vol≥$10,000). Rescan in 120s. This is normal near daily UTC midnight when Polymarket's daily contracts have just settled and new ones are being created.
2026-04-30T03:05:34  INFO     [POLY] Scanning Gamma API for BTC/ETH price-direction markets...
2026-04-30T03:05:35  INFO     [POLY] No BTC/ETH price-direction markets found within 24h (vol≥$10,000). Rescan in 120s. This is normal near daily UTC midnight when Polymarket's daily contracts have just settled and new ones are being created.
2026-04-30T03:07:35  INFO     [POLY] Scanning Gamma API for BTC/ETH price-direction markets...
2026-04-30T03:07:35  INFO     [POLY] No BTC/ETH price-direction markets found within 24h (vol≥$10,000). Rescan in 120s. This is normal near daily UTC midnight when Polymarket's daily contracts have just settled and new ones are being created.
2026-04-30T03:09:35  INFO     [POLY] Scanning Gamma API for BTC/ETH price-direction markets...
2026-04-30T03:09:37  INFO     [POLY] No BTC/ETH price-direction markets found within 24h (vol≥$10,000). Rescan in 120s. This is normal near daily UTC midnight when Polymarket's daily contracts have just settled and new ones are being created.
2026-04-30T03:11:37  INFO     [POLY] Scanning Gamma API for BTC/ETH price-direction markets...
2026-04-30T03:11:38  INFO     [POLY] No BTC/ETH price-direction markets found within 24h (vol≥$10,000). Rescan in 120s. This is normal near daily UTC midnight when Polymarket's daily contracts have just settled and new ones are being created.
2026-04-30T03:13:38  INFO     [POLY] Scanning Gamma API for BTC/ETH price-direction markets...
2026-04-30T03:13:39  INFO     [POLY] No BTC/ETH price-direction markets found within 24h (vol≥$10,000). Rescan in 120s. This is normal near daily UTC midnight when Polymarket's daily contracts have just settled and new ones are being created.
2026-04-30T03:15:39  INFO     [POLY] Scanning Gamma API for BTC/ETH price-direction markets...
2026-04-30T03:15:40  INFO     [POLY] No BTC/ETH price-direction markets found within 24h (vol≥$10,000). Rescan in 120s. This is normal near daily UTC midnight when Polymarket's daily contracts have just settled and new ones are being created.
2026-04-30T03:17:40  INFO     [POLY] Scanning Gamma API for BTC/ETH price-direction markets...
2026-04-30T03:17:41  INFO     [POLY] No BTC/ETH price-direction markets found within 24h (vol≥$10,000). Rescan in 120s. This is normal near daily UTC midnight when Polymarket's daily contracts have just settled and new ones are being created.
2026-04-30T03:19:41  INFO     [POLY] Scanning Gamma API for BTC/ETH price-direction markets...
2026-04-30T03:19:42  INFO     [POLY] No BTC/ETH price-direction markets found within 24h (vol≥$10,000). Rescan in 120s. This is normal near daily UTC midnight when Polymarket's daily contracts have just settled and new ones are being created.
2026-04-30T03:21:42  INFO     [POLY] Scanning Gamma API for BTC/ETH price-direction markets...
2026-04-30T03:21:44  INFO     [POLY] No BTC/ETH price-direction markets found within 24h (vol≥$10,000). Rescan in 120s. This is normal near daily UTC midnight when Polymarket's daily contracts have just settled and new ones are being created.
2026-04-30T03:23:44  INFO     [POLY] Scanning Gamma API for BTC/ETH price-direction markets...
2026-04-30T03:23:44  INFO     [POLY] No BTC/ETH price-direction markets found within 24h (vol≥$10,000). Rescan in 120s. This is normal near daily UTC midnight when Polymarket's daily contracts have just settled and new ones are being created.
2026-04-30T03:25:44  INFO     [POLY] Scanning Gamma API for BTC/ETH price-direction markets...
2026-04-30T03:25:45  INFO     [POLY] No BTC/ETH price-direction markets found within 24h (vol≥$10,000). Rescan in 120s. This is normal near daily UTC midnight when Polymarket's daily contracts have just settled and new ones are being created.
2026-04-30T03:27:45  INFO     [POLY] Scanning Gamma API for BTC/ETH price-direction markets...
2026-04-30T03:27:47  INFO     [POLY] No BTC/ETH price-direction markets found within 24h (vol≥$10,000). Rescan in 120s. This is normal near daily UTC midnight when Polymarket's daily contracts have just settled and new ones are being created.
2026-04-30T03:29:47  INFO     [POLY] Scanning Gamma API for BTC/ETH price-direction markets...
2026-04-30T03:29:48  INFO     [POLY] No BTC/ETH price-direction markets found within 24h (vol≥$10,000). Rescan in 120s. This is normal near daily UTC midnight when Polymarket's daily contracts have just settled and new ones are being created.
2026-04-30T03:31:48  INFO     [POLY] Scanning Gamma API for BTC/ETH price-direction markets...
2026-04-30T03:31:49  INFO     [POLY] No BTC/ETH price-direction markets found within 24h (vol≥$10,000). Rescan in 120s. This is normal near daily UTC midnight when Polymarket's daily contracts have just settled and new ones are being created.
2026-04-30T03:33:49  INFO     [POLY] Scanning Gamma API for BTC/ETH price-direction markets...
2026-04-30T03:33:50  INFO     [POLY] No BTC/ETH price-direction markets found within 24h (vol≥$10,000). Rescan in 120s. This is normal near daily UTC midnight when Polymarket's daily contracts have just settled and new ones are being created.
2026-04-30T03:35:50  INFO     [POLY] Scanning Gamma API for BTC/ETH price-direction markets...
2026-04-30T03:35:51  INFO     [POLY] No BTC/ETH price-direction markets found within 24h (vol≥$10,000). Rescan in 120s. This is normal near daily UTC midnight when Polymarket's daily contracts have just settled and new ones are being created.
2026-04-30T03:37:51  INFO     [POLY] Scanning Gamma API for BTC/ETH price-direction markets...
2026-04-30T03:37:52  INFO     [POLY] No BTC/ETH price-direction markets found within 24h (vol≥$10,000). Rescan in 120s. This is normal near daily UTC midnight when Polymarket's daily contracts have just settled and new ones are being created.
2026-04-30T03:39:52  INFO     [POLY] Scanning Gamma API for BTC/ETH price-direction markets...
2026-04-30T03:39:54  INFO     [POLY] No BTC/ETH price-direction markets found within 24h (vol≥$10,000). Rescan in 120s. This is normal near daily UTC midnight when Polymarket's daily contracts have just settled and new ones are being created.
2026-04-30T03:41:54  INFO     [POLY] Scanning Gamma API for BTC/ETH price-direction markets...
2026-04-30T03:41:54  INFO     [POLY] No BTC/ETH price-direction markets found within 24h (vol≥$10,000). Rescan in 120s. This is normal near daily UTC midnight when Polymarket's daily contracts have just settled and new ones are being created.
2026-04-30T03:43:54  INFO     [POLY] Scanning Gamma API for BTC/ETH price-direction markets...
2026-04-30T03:43:55  INFO     [POLY] No BTC/ETH price-direction markets found within 24h (vol≥$10,000). Rescan in 120s. This is normal near daily UTC midnight when Polymarket's daily contracts have just settled and new ones are being created.
2026-04-30T03:45:55  INFO     [POLY] Scanning Gamma API for BTC/ETH price-direction markets...
2026-04-30T03:45:57  INFO     [POLY] No BTC/ETH price-direction markets found within 24h (vol≥$10,000). Rescan in 120s. This is normal near daily UTC midnight when Polymarket's daily contracts have just settled and new ones are being created.
2026-04-30T03:47:57  INFO     [POLY] Scanning Gamma API for BTC/ETH price-direction markets...
2026-04-30T03:47:58  INFO     [POLY] No BTC/ETH price-direction markets found within 24h (vol≥$10,000). Rescan in 120s. This is normal near daily UTC midnight when Polymarket's daily contracts have just settled and new ones are being created.
2026-04-30T03:49:58  INFO     [POLY] Scanning Gamma API for BTC/ETH price-direction markets...
2026-04-30T03:49:58  INFO     [POLY] No BTC/ETH price-direction markets found within 24h (vol≥$10,000). Rescan in 120s. This is normal near daily UTC midnight when Polymarket's daily contracts have just settled and new ones are being created.
2026-04-30T03:51:58  INFO     [POLY] Scanning Gamma API for BTC/ETH price-direction markets...
2026-04-30T03:52:01  INFO     [POLY] No BTC/ETH price-direction markets found within 24h (vol≥$10,000). Rescan in 120s. This is normal near daily UTC midnight when Polymarket's daily contracts have just settled and new ones are being created.
2026-04-30T03:54:01  INFO     [POLY] Scanning Gamma API for BTC/ETH price-direction markets...
2026-04-30T03:54:02  INFO     [POLY] No BTC/ETH price-direction markets found within 24h (vol≥$10,000). Rescan in 120s. This is normal near daily UTC midnight when Polymarket's daily contracts have just settled and new ones are being created.
2026-04-30T03:56:02  INFO     [POLY] Scanning Gamma API for BTC/ETH price-direction markets...
2026-04-30T03:56:03  INFO     [POLY] No BTC/ETH price-direction markets found within 24h (vol≥$10,000). Rescan in 120s. This is normal near daily UTC midnight when Polymarket's daily contracts have just settled and new ones are being created.
2026-04-30T03:58:03  INFO     [POLY] Scanning Gamma API for BTC/ETH price-direction markets...
2026-04-30T03:58:05  INFO     [POLY] No BTC/ETH price-direction markets found within 24h (vol≥$10,000). Rescan in 120s. This is normal near daily UTC midnight when Polymarket's daily contracts have just settled and new ones are being created.
2026-04-30T04:00:05  INFO     [POLY] Scanning Gamma API for BTC/ETH price-direction markets...
2026-04-30T04:00:06  INFO     [POLY] No BTC/ETH price-direction markets found within 24h (vol≥$10,000). Rescan in 120s. This is normal near daily UTC midnight when Polymarket's daily contracts have just settled and new ones are being created.
2026-04-30T04:02:06  INFO     [POLY] Scanning Gamma API for BTC/ETH price-direction markets...
2026-04-30T04:02:06  INFO     [POLY] No BTC/ETH price-direction markets found within 24h (vol≥$10,000). Rescan in 120s. This is normal near daily UTC midnight when Polymarket's daily contracts have just settled and new ones are being created.
2026-04-30T04:04:06  INFO     [POLY] Scanning Gamma API for BTC/ETH price-direction markets...
2026-04-30T04:04:09  INFO     [POLY] No BTC/ETH price-direction markets found within 24h (vol≥$10,000). Rescan in 120s. This is normal near daily UTC midnight when Polymarket's daily contracts have just settled and new ones are being created.
2026-04-30T04:06:09  INFO     [POLY] Scanning Gamma API for BTC/ETH price-direction markets...
2026-04-30T04:06:09  INFO     [POLY] No BTC/ETH price-direction markets found within 24h (vol≥$10,000). Rescan in 120s. This is normal near daily UTC midnight when Polymarket's daily contracts have just settled and new ones are being created.
2026-04-30T04:08:09  INFO     [POLY] Scanning Gamma API for BTC/ETH price-direction markets...
2026-04-30T04:08:10  INFO     [POLY] No BTC/ETH price-direction markets found within 24h (vol≥$10,000). Rescan in 120s. This is normal near daily UTC midnight when Polymarket's daily contracts have just settled and new ones are being created.
2026-04-30T04:10:10  INFO     [POLY] Scanning Gamma API for BTC/ETH price-direction markets...
2026-04-30T04:10:12  INFO     [POLY] No BTC/ETH price-direction markets found within 24h (vol≥$10,000). Rescan in 120s. This is normal near daily UTC midnight when Polymarket's daily contracts have just settled and new ones are being created.
2026-04-30T04:12:12  INFO     [POLY] Scanning Gamma API for BTC/ETH price-direction markets...
2026-04-30T04:12:13  INFO     [POLY] No BTC/ETH price-direction markets found within 24h (vol≥$10,000). Rescan in 120s. This is normal near daily UTC midnight when Polymarket's daily contracts have just settled and new ones are being created.
2026-04-30T04:14:13  INFO     [POLY] Scanning Gamma API for BTC/ETH price-direction markets...
2026-04-30T04:14:14  INFO     [POLY] No BTC/ETH price-direction markets found within 24h (vol≥$10,000). Rescan in 120s. This is normal near daily UTC midnight when Polymarket's daily contracts have just settled and new ones are being created.
2026-04-30T04:16:14  INFO     [POLY] Scanning Gamma API for BTC/ETH price-direction markets...
2026-04-30T04:16:16  INFO     [POLY] No BTC/ETH price-direction markets found within 24h (vol≥$10,000). Rescan in 120s. This is normal near daily UTC midnight when Polymarket's daily contracts have just settled and new ones are being created.
2026-04-30T04:18:16  INFO     [POLY] Scanning Gamma API for BTC/ETH price-direction markets...
2026-04-30T04:18:16  INFO     [POLY] No BTC/ETH price-direction markets found within 24h (vol≥$10,000). Rescan in 120s. This is normal near daily UTC midnight when Polymarket's daily contracts have just settled and new ones are being created.
2026-04-30T04:20:16  INFO     [POLY] Scanning Gamma API for BTC/ETH price-direction markets...
2026-04-30T04:20:17  INFO     [POLY] No BTC/ETH price-direction markets found within 24h (vol≥$10,000). Rescan in 120s. This is normal near daily UTC midnight when Polymarket's daily contracts have just settled and new ones are being created.
2026-04-30T04:22:17  INFO     [POLY] Scanning Gamma API for BTC/ETH price-direction markets...
2026-04-30T04:22:19  INFO     [POLY] No BTC/ETH price-direction markets found within 24h (vol≥$10,000). Rescan in 120s. This is normal near daily UTC midnight when Polymarket's daily contracts have just settled and new ones are being created.
2026-04-30T04:24:19  INFO     [POLY] Scanning Gamma API for BTC/ETH price-direction markets...
2026-04-30T04:24:20  INFO     [POLY] No BTC/ETH price-direction markets found within 24h (vol≥$10,000). Rescan in 120s. This is normal near daily UTC midnight when Polymarket's daily contracts have just settled and new ones are being created.
2026-04-30T04:26:20  INFO     [POLY] Scanning Gamma API for BTC/ETH price-direction markets...
2026-04-30T04:26:20  INFO     [POLY] No BTC/ETH price-direction markets found within 24h (vol≥$10,000). Rescan in 120s. This is normal near daily UTC midnight when Polymarket's daily contracts have just settled and new ones are being created.
2026-04-30T04:28:20  INFO     [POLY] Scanning Gamma API for BTC/ETH price-direction markets...
2026-04-30T04:28:22  INFO     [POLY] No BTC/ETH price-direction markets found within 24h (vol≥$10,000). Rescan in 120s. This is normal near daily UTC midnight when Polymarket's daily contracts have just settled and new ones are being created.
2026-04-30T04:30:22  INFO     [POLY] Scanning Gamma API for BTC/ETH price-direction markets...
2026-04-30T04:30:23  INFO     [POLY] No BTC/ETH price-direction markets found within 24h (vol≥$10,000). Rescan in 120s. This is normal near daily UTC midnight when Polymarket's daily contracts have just settled and new ones are being created.
2026-04-30T04:32:23  INFO     [POLY] Scanning Gamma API for BTC/ETH price-direction markets...
2026-04-30T04:32:24  INFO     [POLY] No BTC/ETH price-direction markets found within 24h (vol≥$10,000). Rescan in 120s. This is normal near daily UTC midnight when Polymarket's daily contracts have just settled and new ones are being created.
2026-04-30T04:34:24  INFO     [POLY] Scanning Gamma API for BTC/ETH price-direction markets...
2026-04-30T04:34:26  INFO     [POLY] No BTC/ETH price-direction markets found within 24h (vol≥$10,000). Rescan in 120s. This is normal near daily UTC midnight when Polymarket's daily contracts have just settled and new ones are being created.
2026-04-30T04:36:26  INFO     [POLY] Scanning Gamma API for BTC/ETH price-direction markets...
2026-04-30T04:36:26  INFO     [POLY] No BTC/ETH price-direction markets found within 24h (vol≥$10,000). Rescan in 120s. This is normal near daily UTC midnight when Polymarket's daily contracts have just settled and new ones are being created.
2026-04-30T04:38:26  INFO     [POLY] Scanning Gamma API for BTC/ETH price-direction markets...
2026-04-30T04:38:27  INFO     [POLY] No BTC/ETH price-direction markets found within 24h (vol≥$10,000). Rescan in 120s. This is normal near daily UTC midnight when Polymarket's daily contracts have just settled and new ones are being created.
2026-04-30T04:40:27  INFO     [POLY] Scanning Gamma API for BTC/ETH price-direction markets...
2026-04-30T04:40:29  INFO     [POLY] No BTC/ETH price-direction markets found within 24h (vol≥$10,000). Rescan in 120s. This is normal near daily UTC midnight when Polymarket's daily contracts have just settled and new ones are being created.
2026-04-30T04:42:29  INFO     [POLY] Scanning Gamma API for BTC/ETH price-direction markets...
2026-04-30T04:42:30  INFO     [POLY] No BTC/ETH price-direction markets found within 24h (vol≥$10,000). Rescan in 120s. This is normal near daily UTC midnight when Polymarket's daily contracts have just settled and new ones are being created.
2026-04-30T04:44:30  INFO     [POLY] Scanning Gamma API for BTC/ETH price-direction markets...
2026-04-30T04:44:31  INFO     [POLY] No BTC/ETH price-direction markets found within 24h (vol≥$10,000). Rescan in 120s. This is normal near daily UTC midnight when Polymarket's daily contracts have just settled and new ones are being created.
2026-04-30T04:46:31  INFO     [POLY] Scanning Gamma API for BTC/ETH price-direction markets...
2026-04-30T04:46:32  INFO     [POLY] No BTC/ETH price-direction markets found within 24h (vol≥$10,000). Rescan in 120s. This is normal near daily UTC midnight when Polymarket's daily contracts have just settled and new ones are being created.
2026-04-30T04:48:32  INFO     [POLY] Scanning Gamma API for BTC/ETH price-direction markets...
2026-04-30T04:48:33  INFO     [POLY] No BTC/ETH price-direction markets found within 24h (vol≥$10,000). Rescan in 120s. This is normal near daily UTC midnight when Polymarket's daily contracts have just settled and new ones are being created.
2026-04-30T04:50:33  INFO     [POLY] Scanning Gamma API for BTC/ETH price-direction markets...
2026-04-30T04:50:34  INFO     [POLY] No BTC/ETH price-direction markets found within 24h (vol≥$10,000). Rescan in 120s. This is normal near daily UTC midnight when Polymarket's daily contracts have just settled and new ones are being created.
2026-04-30T04:52:34  INFO     [POLY] Scanning Gamma API for BTC/ETH price-direction markets...
2026-04-30T04:52:36  INFO     [POLY] No BTC/ETH price-direction markets found within 24h (vol≥$10,000). Rescan in 120s. This is normal near daily UTC midnight when Polymarket's daily contracts have just settled and new ones are being created.
2026-04-30T04:54:36  INFO     [POLY] Scanning Gamma API for BTC/ETH price-direction markets...
2026-04-30T04:54:37  INFO     [POLY] No BTC/ETH price-direction markets found within 24h (vol≥$10,000). Rescan in 120s. This is normal near daily UTC midnight when Polymarket's daily contracts have just settled and new ones are being created.
2026-04-30T04:56:37  INFO     [POLY] Scanning Gamma API for BTC/ETH price-direction markets...
2026-04-30T04:56:37  INFO     [POLY] No BTC/ETH price-direction markets found within 24h (vol≥$10,000). Rescan in 120s. This is normal near daily UTC midnight when Polymarket's daily contracts have just settled and new ones are being created.
2026-04-30T04:58:37  INFO     [POLY] Scanning Gamma API for BTC/ETH price-direction markets...
2026-04-30T04:58:39  INFO     [POLY] No BTC/ETH price-direction markets found within 24h (vol≥$10,000). Rescan in 120s. This is normal near daily UTC midnight when Polymarket's daily contracts have just settled and new ones are being created.
2026-04-30T05:00:39  INFO     [POLY] Scanning Gamma API for BTC/ETH price-direction markets...
2026-04-30T05:00:40  INFO     [POLY] No BTC/ETH price-direction markets found within 24h (vol≥$10,000). Rescan in 120s. This is normal near daily UTC midnight when Polymarket's daily contracts have just settled and new ones are being created.
2026-04-30T05:02:40  INFO     [POLY] Scanning Gamma API for BTC/ETH price-direction markets...
2026-04-30T05:02:41  INFO     [POLY] No BTC/ETH price-direction markets found within 24h (vol≥$10,000). Rescan in 120s. This is normal near daily UTC midnight when Polymarket's daily contracts have just settled and new ones are being created.
2026-04-30T05:04:41  INFO     [POLY] Scanning Gamma API for BTC/ETH price-direction markets...
2026-04-30T05:04:43  INFO     [POLY] No BTC/ETH price-direction markets found within 24h (vol≥$10,000). Rescan in 120s. This is normal near daily UTC midnight when Polymarket's daily contracts have just settled and new ones are being created.
2026-04-30T05:06:43  INFO     [POLY] Scanning Gamma API for BTC/ETH price-direction markets...
2026-04-30T05:06:43  INFO     [POLY] No BTC/ETH price-direction markets found within 24h (vol≥$10,000). Rescan in 120s. This is normal near daily UTC midnight when Polymarket's daily contracts have just settled and new ones are being created.
2026-04-30T05:08:43  INFO     [POLY] Scanning Gamma API for BTC/ETH price-direction markets...
2026-04-30T05:08:44  INFO     [POLY] No BTC/ETH price-direction markets found within 24h (vol≥$10,000). Rescan in 120s. This is normal near daily UTC midnight when Polymarket's daily contracts have just settled and new ones are being created.
2026-04-30T05:10:44  INFO     [POLY] Scanning Gamma API for BTC/ETH price-direction markets...
2026-04-30T05:10:46  INFO     [POLY] No BTC/ETH price-direction markets found within 24h (vol≥$10,000). Rescan in 120s. This is normal near daily UTC midnight when Polymarket's daily contracts have just settled and new ones are being created.
2026-04-30T05:12:46  INFO     [POLY] Scanning Gamma API for BTC/ETH price-direction markets...
2026-04-30T05:12:47  INFO     [POLY] No BTC/ETH price-direction markets found within 24h (vol≥$10,000). Rescan in 120s. This is normal near daily UTC midnight when Polymarket's daily contracts have just settled and new ones are being created.
2026-04-30T05:14:47  INFO     [POLY] Scanning Gamma API for BTC/ETH price-direction markets...
2026-04-30T05:14:47  INFO     [POLY] No BTC/ETH price-direction markets found within 24h (vol≥$10,000). Rescan in 120s. This is normal near daily UTC midnight when Polymarket's daily contracts have just settled and new ones are being created.
2026-04-30T05:16:47  INFO     [POLY] Scanning Gamma API for BTC/ETH price-direction markets...
2026-04-30T05:16:50  INFO     [POLY] No BTC/ETH price-direction markets found within 24h (vol≥$10,000). Rescan in 120s. This is normal near daily UTC midnight when Polymarket's daily contracts have just settled and new ones are being created.
2026-04-30T05:18:50  INFO     [POLY] Scanning Gamma API for BTC/ETH price-direction markets...
2026-04-30T05:18:50  INFO     [POLY] No BTC/ETH price-direction markets found within 24h (vol≥$10,000). Rescan in 120s. This is normal near daily UTC midnight when Polymarket's daily contracts have just settled and new ones are being created.
2026-04-30T05:20:50  INFO     [POLY] Scanning Gamma API for BTC/ETH price-direction markets...
2026-04-30T05:20:51  INFO     [POLY] No BTC/ETH price-direction markets found within 24h (vol≥$10,000). Rescan in 120s. This is normal near daily UTC midnight when Polymarket's daily contracts have just settled and new ones are being created.
2026-04-30T05:22:51  INFO     [POLY] Scanning Gamma API for BTC/ETH price-direction markets...
2026-04-30T05:22:53  INFO     [POLY] No BTC/ETH price-direction markets found within 24h (vol≥$10,000). Rescan in 120s. This is normal near daily UTC midnight when Polymarket's daily contracts have just settled and new ones are being created.
2026-04-30T05:24:53  INFO     [POLY] Scanning Gamma API for BTC/ETH price-direction markets...
2026-04-30T05:24:54  INFO     [POLY] No BTC/ETH price-direction markets found within 24h (vol≥$10,000). Rescan in 120s. This is normal near daily UTC midnight when Polymarket's daily contracts have just settled and new ones are being created.
2026-04-30T05:26:54  INFO     [POLY] Scanning Gamma API for BTC/ETH price-direction markets...
2026-04-30T05:26:54  INFO     [POLY] No BTC/ETH price-direction markets found within 24h (vol≥$10,000). Rescan in 120s. This is normal near daily UTC midnight when Polymarket's daily contracts have just settled and new ones are being created.
2026-04-30T05:28:54  INFO     [POLY] Scanning Gamma API for BTC/ETH price-direction markets...
2026-04-30T05:28:56  INFO     [POLY] No BTC/ETH price-direction markets found within 24h (vol≥$10,000). Rescan in 120s. This is normal near daily UTC midnight when Polymarket's daily contracts have just settled and new ones are being created.
2026-04-30T05:30:56  INFO     [POLY] Scanning Gamma API for BTC/ETH price-direction markets...
2026-04-30T05:30:57  INFO     [POLY] No BTC/ETH price-direction markets found within 24h (vol≥$10,000). Rescan in 120s. This is normal near daily UTC midnight when Polymarket's daily contracts have just settled and new ones are being created.
2026-04-30T05:32:57  INFO     [POLY] Scanning Gamma API for BTC/ETH price-direction markets...
2026-04-30T05:32:58  INFO     [POLY] No BTC/ETH price-direction markets found within 24h (vol≥$10,000). Rescan in 120s. This is normal near daily UTC midnight when Polymarket's daily contracts have just settled and new ones are being created.
2026-04-30T05:34:58  INFO     [POLY] Scanning Gamma API for BTC/ETH price-direction markets...
2026-04-30T05:35:00  INFO     [POLY] No BTC/ETH price-direction markets found within 24h (vol≥$10,000). Rescan in 120s. This is normal near daily UTC midnight when Polymarket's daily contracts have just settled and new ones are being created.
2026-04-30T05:37:00  INFO     [POLY] Scanning Gamma API for BTC/ETH price-direction markets...
2026-04-30T05:37:01  INFO     [POLY] No BTC/ETH price-direction markets found within 24h (vol≥$10,000). Rescan in 120s. This is normal near daily UTC midnight when Polymarket's daily contracts have just settled and new ones are being created.
2026-04-30T05:39:01  INFO     [POLY] Scanning Gamma API for BTC/ETH price-direction markets...
2026-04-30T05:39:02  INFO     [POLY] No BTC/ETH price-direction markets found within 24h (vol≥$10,000). Rescan in 120s. This is normal near daily UTC midnight when Polymarket's daily contracts have just settled and new ones are being created.
2026-04-30T05:41:02  INFO     [POLY] Scanning Gamma API for BTC/ETH price-direction markets...
2026-04-30T05:41:04  INFO     [POLY] No BTC/ETH price-direction markets found within 24h (vol≥$10,000). Rescan in 120s. This is normal near daily UTC midnight when Polymarket's daily contracts have just settled and new ones are being created.
2026-04-30T05:43:04  INFO     [POLY] Scanning Gamma API for BTC/ETH price-direction markets...
2026-04-30T05:43:04  INFO     [POLY] No BTC/ETH price-direction markets found within 24h (vol≥$10,000). Rescan in 120s. This is normal near daily UTC midnight when Polymarket's daily contracts have just settled and new ones are being created.
2026-04-30T05:45:04  INFO     [POLY] Scanning Gamma API for BTC/ETH price-direction markets...
2026-04-30T05:45:05  INFO     [POLY] No BTC/ETH price-direction markets found within 24h (vol≥$10,000). Rescan in 120s. This is normal near daily UTC midnight when Polymarket's daily contracts have just settled and new ones are being created.
2026-04-30T05:47:05  INFO     [POLY] Scanning Gamma API for BTC/ETH price-direction markets...
2026-04-30T05:47:07  INFO     [POLY] No BTC/ETH price-direction markets found within 24h (vol≥$10,000). Rescan in 120s. This is normal near daily UTC midnight when Polymarket's daily contracts have just settled and new ones are being created.
2026-04-30T05:49:07  INFO     [POLY] Scanning Gamma API for BTC/ETH price-direction markets...
2026-04-30T05:49:08  INFO     [POLY] No BTC/ETH price-direction markets found within 24h (vol≥$10,000). Rescan in 120s. This is normal near daily UTC midnight when Polymarket's daily contracts have just settled and new ones are being created.
2026-04-30T05:51:08  INFO     [POLY] Scanning Gamma API for BTC/ETH price-direction markets...
2026-04-30T05:51:09  INFO     [POLY] No BTC/ETH price-direction markets found within 24h (vol≥$10,000). Rescan in 120s. This is normal near daily UTC midnight when Polymarket's daily contracts have just settled and new ones are being created.
2026-04-30T05:53:09  INFO     [POLY] Scanning Gamma API for BTC/ETH price-direction markets...
2026-04-30T05:53:10  INFO     [POLY] No BTC/ETH price-direction markets found within 24h (vol≥$10,000). Rescan in 120s. This is normal near daily UTC midnight when Polymarket's daily contracts have just settled and new ones are being created.
2026-04-30T05:55:10  INFO     [POLY] Scanning Gamma API for BTC/ETH price-direction markets...
2026-04-30T05:55:11  INFO     [POLY] No BTC/ETH price-direction markets found within 24h (vol≥$10,000). Rescan in 120s. This is normal near daily UTC midnight when Polymarket's daily contracts have just settled and new ones are being created.
2026-04-30T05:57:11  INFO     [POLY] Scanning Gamma API for BTC/ETH price-direction markets...
2026-04-30T05:57:12  INFO     [POLY] No BTC/ETH price-direction markets found within 24h (vol≥$10,000). Rescan in 120s. This is normal near daily UTC midnight when Polymarket's daily contracts have just settled and new ones are being created.
2026-04-30T05:59:12  INFO     [POLY] Scanning Gamma API for BTC/ETH price-direction markets...
2026-04-30T05:59:14  INFO     [POLY] No BTC/ETH price-direction markets found within 24h (vol≥$10,000). Rescan in 120s. This is normal near daily UTC midnight when Polymarket's daily contracts have just settled and new ones are being created.
2026-04-30T06:01:14  INFO     [POLY] Scanning Gamma API for BTC/ETH price-direction markets...
2026-04-30T06:01:14  INFO     [POLY] No BTC/ETH price-direction markets found within 24h (vol≥$10,000). Rescan in 120s. This is normal near daily UTC midnight when Polymarket's daily contracts have just settled and new ones are being created.
2026-04-30T06:03:14  INFO     [POLY] Scanning Gamma API for BTC/ETH price-direction markets...
2026-04-30T06:03:15  INFO     [POLY] No BTC/ETH price-direction markets found within 24h (vol≥$10,000). Rescan in 120s. This is normal near daily UTC midnight when Polymarket's daily contracts have just settled and new ones are being created.
2026-04-30T06:05:15  INFO     [POLY] Scanning Gamma API for BTC/ETH price-direction markets...
2026-04-30T06:05:17  INFO     [POLY] No BTC/ETH price-direction markets found within 24h (vol≥$10,000). Rescan in 120s. This is normal near daily UTC midnight when Polymarket's daily contracts have just settled and new ones are being created.
2026-04-30T06:07:17  INFO     [POLY] Scanning Gamma API for BTC/ETH price-direction markets...
2026-04-30T06:07:18  INFO     [POLY] No BTC/ETH price-direction markets found within 24h (vol≥$10,000). Rescan in 120s. This is normal near daily UTC midnight when Polymarket's daily contracts have just settled and new ones are being created.
2026-04-30T06:09:18  INFO     [POLY] Scanning Gamma API for BTC/ETH price-direction markets...
2026-04-30T06:09:19  INFO     [POLY] No BTC/ETH price-direction markets found within 24h (vol≥$10,000). Rescan in 120s. This is normal near daily UTC midnight when Polymarket's daily contracts have just settled and new ones are being created.
2026-04-30T06:11:19  INFO     [POLY] Scanning Gamma API for BTC/ETH price-direction markets...
2026-04-30T06:11:21  INFO     [POLY] No BTC/ETH price-direction markets found within 24h (vol≥$10,000). Rescan in 120s. This is normal near daily UTC midnight when Polymarket's daily contracts have just settled and new ones are being created.
2026-04-30T06:13:21  INFO     [POLY] Scanning Gamma API for BTC/ETH price-direction markets...
2026-04-30T06:13:21  INFO     [POLY] No BTC/ETH price-direction markets found within 24h (vol≥$10,000). Rescan in 120s. This is normal near daily UTC midnight when Polymarket's daily contracts have just settled and new ones are being created.
2026-04-30T06:15:21  INFO     [POLY] Scanning Gamma API for BTC/ETH price-direction markets...
2026-04-30T06:15:22  INFO     [POLY] No BTC/ETH price-direction markets found within 24h (vol≥$10,000). Rescan in 120s. This is normal near daily UTC midnight when Polymarket's daily contracts have just settled and new ones are being created.
2026-04-30T06:17:22  INFO     [POLY] Scanning Gamma API for BTC/ETH price-direction markets...
2026-04-30T06:17:24  INFO     [POLY] No BTC/ETH price-direction markets found within 24h (vol≥$10,000). Rescan in 120s. This is normal near daily UTC midnight when Polymarket's daily contracts have just settled and new ones are being created.
2026-04-30T06:19:24  INFO     [POLY] Scanning Gamma API for BTC/ETH price-direction markets...
2026-04-30T06:19:25  INFO     [POLY] No BTC/ETH price-direction markets found within 24h (vol≥$10,000). Rescan in 120s. This is normal near daily UTC midnight when Polymarket's daily contracts have just settled and new ones are being created.
2026-04-30T06:21:25  INFO     [POLY] Scanning Gamma API for BTC/ETH price-direction markets...
2026-04-30T06:21:25  INFO     [POLY] No BTC/ETH price-direction markets found within 24h (vol≥$10,000). Rescan in 120s. This is normal near daily UTC midnight when Polymarket's daily contracts have just settled and new ones are being created.
2026-04-30T06:23:25  INFO     [POLY] Scanning Gamma API for BTC/ETH price-direction markets...
2026-04-30T06:23:27  INFO     [POLY] No BTC/ETH price-direction markets found within 24h (vol≥$10,000). Rescan in 120s. This is normal near daily UTC midnight when Polymarket's daily contracts have just settled and new ones are being created.
2026-04-30T06:25:27  INFO     [POLY] Scanning Gamma API for BTC/ETH price-direction markets...
2026-04-30T06:25:28  INFO     [POLY] No BTC/ETH price-direction markets found within 24h (vol≥$10,000). Rescan in 120s. This is normal near daily UTC midnight when Polymarket's daily contracts have just settled and new ones are being created.
2026-04-30T06:27:28  INFO     [POLY] Scanning Gamma API for BTC/ETH price-direction markets...
2026-04-30T06:27:29  INFO     [POLY] No BTC/ETH price-direction markets found within 24h (vol≥$10,000). Rescan in 120s. This is normal near daily UTC midnight when Polymarket's daily contracts have just settled and new ones are being created.
2026-04-30T06:29:29  INFO     [POLY] Scanning Gamma API for BTC/ETH price-direction markets...
2026-04-30T06:29:31  INFO     [POLY] No BTC/ETH price-direction markets found within 24h (vol≥$10,000). Rescan in 120s. This is normal near daily UTC midnight when Polymarket's daily contracts have just settled and new ones are being created.
2026-04-30T06:31:31  INFO     [POLY] Scanning Gamma API for BTC/ETH price-direction markets...
2026-04-30T06:31:31  INFO     [POLY] No BTC/ETH price-direction markets found within 24h (vol≥$10,000). Rescan in 120s. This is normal near daily UTC midnight when Polymarket's daily contracts have just settled and new ones are being created.
2026-04-30T06:33:31  INFO     [POLY] Scanning Gamma API for BTC/ETH price-direction markets...
2026-04-30T06:33:32  INFO     [POLY] No BTC/ETH price-direction markets found within 24h (vol≥$10,000). Rescan in 120s. This is normal near daily UTC midnight when Polymarket's daily contracts have just settled and new ones are being created.
2026-04-30T06:35:32  INFO     [POLY] Scanning Gamma API for BTC/ETH price-direction markets...
2026-04-30T06:35:34  INFO     [POLY] No BTC/ETH price-direction markets found within 24h (vol≥$10,000). Rescan in 120s. This is normal near daily UTC midnight when Polymarket's daily contracts have just settled and new ones are being created.
2026-04-30T06:37:34  INFO     [POLY] Scanning Gamma API for BTC/ETH price-direction markets...
2026-04-30T06:37:34  INFO     [POLY] No BTC/ETH price-direction markets found within 24h (vol≥$10,000). Rescan in 120s. This is normal near daily UTC midnight when Polymarket's daily contracts have just settled and new ones are being created.
2026-04-30T06:39:34  INFO     [POLY] Scanning Gamma API for BTC/ETH price-direction markets...
2026-04-30T06:39:35  INFO     [POLY] No BTC/ETH price-direction markets found within 24h (vol≥$10,000). Rescan in 120s. This is normal near daily UTC midnight when Polymarket's daily contracts have just settled and new ones are being created.
2026-04-30T06:41:35  INFO     [POLY] Scanning Gamma API for BTC/ETH price-direction markets...
2026-04-30T06:41:37  INFO     [POLY] No BTC/ETH price-direction markets found within 24h (vol≥$10,000). Rescan in 120s. This is normal near daily UTC midnight when Polymarket's daily contracts have just settled and new ones are being created.
2026-04-30T06:43:37  INFO     [POLY] Scanning Gamma API for BTC/ETH price-direction markets...
2026-04-30T06:43:38  INFO     [POLY] No BTC/ETH price-direction markets found within 24h (vol≥$10,000). Rescan in 120s. This is normal near daily UTC midnight when Polymarket's daily contracts have just settled and new ones are being created.
2026-04-30T06:45:38  INFO     [POLY] Scanning Gamma API for BTC/ETH price-direction markets...
2026-04-30T06:45:39  INFO     [POLY] No BTC/ETH price-direction markets found within 24h (vol≥$10,000). Rescan in 120s. This is normal near daily UTC midnight when Polymarket's daily contracts have just settled and new ones are being created.
2026-04-30T06:47:39  INFO     [POLY] Scanning Gamma API for BTC/ETH price-direction markets...
2026-04-30T06:47:41  INFO     [POLY] No BTC/ETH price-direction markets found within 24h (vol≥$10,000). Rescan in 120s. This is normal near daily UTC midnight when Polymarket's daily contracts have just settled and new ones are being created.
2026-04-30T06:49:41  INFO     [POLY] Scanning Gamma API for BTC/ETH price-direction markets...
2026-04-30T06:49:41  INFO     [POLY] No BTC/ETH price-direction markets found within 24h (vol≥$10,000). Rescan in 120s. This is normal near daily UTC midnight when Polymarket's daily contracts have just settled and new ones are being created.
2026-04-30T06:51:41  INFO     [POLY] Scanning Gamma API for BTC/ETH price-direction markets...
2026-04-30T06:51:42  INFO     [POLY] No BTC/ETH price-direction markets found within 24h (vol≥$10,000). Rescan in 120s. This is normal near daily UTC midnight when Polymarket's daily contracts have just settled and new ones are being created.
2026-04-30T06:53:42  INFO     [POLY] Scanning Gamma API for BTC/ETH price-direction markets...
2026-04-30T06:53:44  INFO     [POLY] No BTC/ETH price-direction markets found within 24h (vol≥$10,000). Rescan in 120s. This is normal near daily UTC midnight when Polymarket's daily contracts have just settled and new ones are being created.
2026-04-30T06:55:44  INFO     [POLY] Scanning Gamma API for BTC/ETH price-direction markets...
2026-04-30T06:55:45  INFO     [POLY] No BTC/ETH price-direction markets found within 24h (vol≥$10,000). Rescan in 120s. This is normal near daily UTC midnight when Polymarket's daily contracts have just settled and new ones are being created.
2026-04-30T06:57:45  INFO     [POLY] Scanning Gamma API for BTC/ETH price-direction markets...
2026-04-30T06:57:45  INFO     [POLY] No BTC/ETH price-direction markets found within 24h (vol≥$10,000). Rescan in 120s. This is normal near daily UTC midnight when Polymarket's daily contracts have just settled and new ones are being created.
2026-04-30T06:59:45  INFO     [POLY] Scanning Gamma API for BTC/ETH price-direction markets...
2026-04-30T06:59:47  INFO     [POLY] No BTC/ETH price-direction markets found within 24h (vol≥$10,000). Rescan in 120s. This is normal near daily UTC midnight when Polymarket's daily contracts have just settled and new ones are being created.
2026-04-30T07:01:47  INFO     [POLY] Scanning Gamma API for BTC/ETH price-direction markets...
2026-04-30T07:01:48  INFO     [POLY] No BTC/ETH price-direction markets found within 24h (vol≥$10,000). Rescan in 120s. This is normal near daily UTC midnight when Polymarket's daily contracts have just settled and new ones are being created.
2026-04-30T07:03:48  INFO     [POLY] Scanning Gamma API for BTC/ETH price-direction markets...
2026-04-30T07:03:49  INFO     [POLY] No BTC/ETH price-direction markets found within 24h (vol≥$10,000). Rescan in 120s. This is normal near daily UTC midnight when Polymarket's daily contracts have just settled and new ones are being created.
2026-04-30T07:05:49  INFO     [POLY] Scanning Gamma API for BTC/ETH price-direction markets...
2026-04-30T07:05:51  INFO     [POLY] No BTC/ETH price-direction markets found within 24h (vol≥$10,000). Rescan in 120s. This is normal near daily UTC midnight when Polymarket's daily contracts have just settled and new ones are being created.
2026-04-30T07:07:51  INFO     [POLY] Scanning Gamma API for BTC/ETH price-direction markets...
2026-04-30T07:07:51  INFO     [POLY] No BTC/ETH price-direction markets found within 24h (vol≥$10,000). Rescan in 120s. This is normal near daily UTC midnight when Polymarket's daily contracts have just settled and new ones are being created.
2026-04-30T07:09:51  INFO     [POLY] Scanning Gamma API for BTC/ETH price-direction markets...
2026-04-30T07:09:52  INFO     [POLY] No BTC/ETH price-direction markets found within 24h (vol≥$10,000). Rescan in 120s. This is normal near daily UTC midnight when Polymarket's daily contracts have just settled and new ones are being created.
2026-04-30T07:11:52  INFO     [POLY] Scanning Gamma API for BTC/ETH price-direction markets...
2026-04-30T07:11:54  INFO     [POLY] No BTC/ETH price-direction markets found within 24h (vol≥$10,000). Rescan in 120s. This is normal near daily UTC midnight when Polymarket's daily contracts have just settled and new ones are being created.
2026-04-30T07:13:54  INFO     [POLY] Scanning Gamma API for BTC/ETH price-direction markets...
2026-04-30T07:13:55  INFO     [POLY] No BTC/ETH price-direction markets found within 24h (vol≥$10,000). Rescan in 120s. This is normal near daily UTC midnight when Polymarket's daily contracts have just settled and new ones are being created.
2026-04-30T07:15:55  INFO     [POLY] Scanning Gamma API for BTC/ETH price-direction markets...
2026-04-30T07:15:56  INFO     [POLY] No BTC/ETH price-direction markets found within 24h (vol≥$10,000). Rescan in 120s. This is normal near daily UTC midnight when Polymarket's daily contracts have just settled and new ones are being created.
2026-04-30T07:17:56  INFO     [POLY] Scanning Gamma API for BTC/ETH price-direction markets...
2026-04-30T07:17:57  INFO     [POLY] No BTC/ETH price-direction markets found within 24h (vol≥$10,000). Rescan in 120s. This is normal near daily UTC midnight when Polymarket's daily contracts have just settled and new ones are being created.
2026-04-30T07:19:57  INFO     [POLY] Scanning Gamma API for BTC/ETH price-direction markets...
2026-04-30T07:19:58  INFO     [POLY] No BTC/ETH price-direction markets found within 24h (vol≥$10,000). Rescan in 120s. This is normal near daily UTC midnight when Polymarket's daily contracts have just settled and new ones are being created.
2026-04-30T07:21:58  INFO     [POLY] Scanning Gamma API for BTC/ETH price-direction markets...
2026-04-30T07:21:59  INFO     [POLY] No BTC/ETH price-direction markets found within 24h (vol≥$10,000). Rescan in 120s. This is normal near daily UTC midnight when Polymarket's daily contracts have just settled and new ones are being created.
2026-04-30T07:23:59  INFO     [POLY] Scanning Gamma API for BTC/ETH price-direction markets...
2026-04-30T07:24:01  INFO     [POLY] No BTC/ETH price-direction markets found within 24h (vol≥$10,000). Rescan in 120s. This is normal near daily UTC midnight when Polymarket's daily contracts have just settled and new ones are being created.
2026-04-30T07:26:01  INFO     [POLY] Scanning Gamma API for BTC/ETH price-direction markets...
2026-04-30T07:26:01  INFO     [POLY] No BTC/ETH price-direction markets found within 24h (vol≥$10,000). Rescan in 120s. This is normal near daily UTC midnight when Polymarket's daily contracts have just settled and new ones are being created.
2026-04-30T07:28:01  INFO     [POLY] Scanning Gamma API for BTC/ETH price-direction markets...
2026-04-30T07:28:02  INFO     [POLY] No BTC/ETH price-direction markets found within 24h (vol≥$10,000). Rescan in 120s. This is normal near daily UTC midnight when Polymarket's daily contracts have just settled and new ones are being created.
2026-04-30T07:30:02  INFO     [POLY] Scanning Gamma API for BTC/ETH price-direction markets...
2026-04-30T07:30:04  INFO     [POLY] No BTC/ETH price-direction markets found within 24h (vol≥$10,000). Rescan in 120s. This is normal near daily UTC midnight when Polymarket's daily contracts have just settled and new ones are being created.
2026-04-30T07:32:04  INFO     [POLY] Scanning Gamma API for BTC/ETH price-direction markets...
2026-04-30T07:32:05  INFO     [POLY] No BTC/ETH price-direction markets found within 24h (vol≥$10,000). Rescan in 120s. This is normal near daily UTC midnight when Polymarket's daily contracts have just settled and new ones are being created.
2026-04-30T07:34:05  INFO     [POLY] Scanning Gamma API for BTC/ETH price-direction markets...
2026-04-30T07:34:06  INFO     [POLY] No BTC/ETH price-direction markets found within 24h (vol≥$10,000). Rescan in 120s. This is normal near daily UTC midnight when Polymarket's daily contracts have just settled and new ones are being created.
2026-04-30T07:36:06  INFO     [POLY] Scanning Gamma API for BTC/ETH price-direction markets...
2026-04-30T07:36:07  INFO     [POLY] No BTC/ETH price-direction markets found within 24h (vol≥$10,000). Rescan in 120s. This is normal near daily UTC midnight when Polymarket's daily contracts have just settled and new ones are being created.
2026-04-30T07:38:07  INFO     [POLY] Scanning Gamma API for BTC/ETH price-direction markets...
2026-04-30T07:38:08  INFO     [POLY] No BTC/ETH price-direction markets found within 24h (vol≥$10,000). Rescan in 120s. This is normal near daily UTC midnight when Polymarket's daily contracts have just settled and new ones are being created.
2026-04-30T07:40:08  INFO     [POLY] Scanning Gamma API for BTC/ETH price-direction markets...
2026-04-30T07:40:09  INFO     [POLY] No BTC/ETH price-direction markets found within 24h (vol≥$10,000). Rescan in 120s. This is normal near daily UTC midnight when Polymarket's daily contracts have just settled and new ones are being created.
2026-04-30T07:42:09  INFO     [POLY] Scanning Gamma API for BTC/ETH price-direction markets...
2026-04-30T07:42:11  INFO     [POLY] No BTC/ETH price-direction markets found within 24h (vol≥$10,000). Rescan in 120s. This is normal near daily UTC midnight when Polymarket's daily contracts have just settled and new ones are being created.
2026-04-30T07:44:11  INFO     [POLY] Scanning Gamma API for BTC/ETH price-direction markets...
2026-04-30T07:44:12  INFO     [POLY] No BTC/ETH price-direction markets found within 24h (vol≥$10,000). Rescan in 120s. This is normal near daily UTC midnight when Polymarket's daily contracts have just settled and new ones are being created.
2026-04-30T07:46:12  INFO     [POLY] Scanning Gamma API for BTC/ETH price-direction markets...
2026-04-30T07:46:12  INFO     [POLY] No BTC/ETH price-direction markets found within 24h (vol≥$10,000). Rescan in 120s. This is normal near daily UTC midnight when Polymarket's daily contracts have just settled and new ones are being created.
2026-04-30T07:48:12  INFO     [POLY] Scanning Gamma API for BTC/ETH price-direction markets...
2026-04-30T07:48:15  INFO     [POLY] No BTC/ETH price-direction markets found within 24h (vol≥$10,000). Rescan in 120s. This is normal near daily UTC midnight when Polymarket's daily contracts have just settled and new ones are being created.
2026-04-30T07:50:15  INFO     [POLY] Scanning Gamma API for BTC/ETH price-direction markets...
2026-04-30T07:50:15  INFO     [POLY] No BTC/ETH price-direction markets found within 24h (vol≥$10,000). Rescan in 120s. This is normal near daily UTC midnight when Polymarket's daily contracts have just settled and new ones are being created.
2026-04-30T07:52:15  INFO     [POLY] Scanning Gamma API for BTC/ETH price-direction markets...
2026-04-30T07:52:16  INFO     [POLY] No BTC/ETH price-direction markets found within 24h (vol≥$10,000). Rescan in 120s. This is normal near daily UTC midnight when Polymarket's daily contracts have just settled and new ones are being created.
2026-04-30T07:54:16  INFO     [POLY] Scanning Gamma API for BTC/ETH price-direction markets...
2026-04-30T07:54:18  INFO     [POLY] No BTC/ETH price-direction markets found within 24h (vol≥$10,000). Rescan in 120s. This is normal near daily UTC midnight when Polymarket's daily contracts have just settled and new ones are being created.
2026-04-30T07:56:18  INFO     [POLY] Scanning Gamma API for BTC/ETH price-direction markets...
2026-04-30T07:56:19  INFO     [POLY] No BTC/ETH price-direction markets found within 24h (vol≥$10,000). Rescan in 120s. This is normal near daily UTC midnight when Polymarket's daily contracts have just settled and new ones are being created.
2026-04-30T07:58:19  INFO     [POLY] Scanning Gamma API for BTC/ETH price-direction markets...
2026-04-30T07:58:20  INFO     [POLY] No BTC/ETH price-direction markets found within 24h (vol≥$10,000). Rescan in 120s. This is normal near daily UTC midnight when Polymarket's daily contracts have just settled and new ones are being created.
2026-04-30T08:00:20  INFO     [POLY] Scanning Gamma API for BTC/ETH price-direction markets...
2026-04-30T08:00:22  INFO     [POLY] No BTC/ETH price-direction markets found within 24h (vol≥$10,000). Rescan in 120s. This is normal near daily UTC midnight when Polymarket's daily contracts have just settled and new ones are being created.
2026-04-30T08:02:22  INFO     [POLY] Scanning Gamma API for BTC/ETH price-direction markets...
2026-04-30T08:02:23  INFO     [POLY] No BTC/ETH price-direction markets found within 24h (vol≥$10,000). Rescan in 120s. This is normal near daily UTC midnight when Polymarket's daily contracts have just settled and new ones are being created.
2026-04-30T08:04:23  INFO     [POLY] Scanning Gamma API for BTC/ETH price-direction markets...
2026-04-30T08:04:24  INFO     [POLY] No BTC/ETH price-direction markets found within 24h (vol≥$10,000). Rescan in 120s. This is normal near daily UTC midnight when Polymarket's daily contracts have just settled and new ones are being created.
2026-04-30T08:06:24  INFO     [POLY] Scanning Gamma API for BTC/ETH price-direction markets...
2026-04-30T08:06:26  INFO     [POLY] No BTC/ETH price-direction markets found within 24h (vol≥$10,000). Rescan in 120s. This is normal near daily UTC midnight when Polymarket's daily contracts have just settled and new ones are being created.
2026-04-30T08:08:26  INFO     [POLY] Scanning Gamma API for BTC/ETH price-direction markets...
2026-04-30T08:08:27  INFO     [POLY] No BTC/ETH price-direction markets found within 24h (vol≥$10,000). Rescan in 120s. This is normal near daily UTC midnight when Polymarket's daily contracts have just settled and new ones are being created.
2026-04-30T08:10:27  INFO     [POLY] Scanning Gamma API for BTC/ETH price-direction markets...
2026-04-30T08:10:28  INFO     [POLY] No BTC/ETH price-direction markets found within 24h (vol≥$10,000). Rescan in 120s. This is normal near daily UTC midnight when Polymarket's daily contracts have just settled and new ones are being created.
2026-04-30T08:12:28  INFO     [POLY] Scanning Gamma API for BTC/ETH price-direction markets...
2026-04-30T08:12:30  INFO     [POLY] No BTC/ETH price-direction markets found within 24h (vol≥$10,000). Rescan in 120s. This is normal near daily UTC midnight when Polymarket's daily contracts have just settled and new ones are being created.
2026-04-30T08:14:30  INFO     [POLY] Scanning Gamma API for BTC/ETH price-direction markets...
2026-04-30T08:14:31  INFO     [POLY] No BTC/ETH price-direction markets found within 24h (vol≥$10,000). Rescan in 120s. This is normal near daily UTC midnight when Polymarket's daily contracts have just settled and new ones are being created.
2026-04-30T08:16:31  INFO     [POLY] Scanning Gamma API for BTC/ETH price-direction markets...
2026-04-30T08:16:32  INFO     [POLY] No BTC/ETH price-direction markets found within 24h (vol≥$10,000). Rescan in 120s. This is normal near daily UTC midnight when Polymarket's daily contracts have just settled and new ones are being created.
2026-04-30T08:18:32  INFO     [POLY] Scanning Gamma API for BTC/ETH price-direction markets...
2026-04-30T08:18:34  INFO     [POLY] No BTC/ETH price-direction markets found within 24h (vol≥$10,000). Rescan in 120s. This is normal near daily UTC midnight when Polymarket's daily contracts have just settled and new ones are being created.
2026-04-30T08:20:34  INFO     [POLY] Scanning Gamma API for BTC/ETH price-direction markets...
2026-04-30T08:20:34  INFO     [POLY] No BTC/ETH price-direction markets found within 24h (vol≥$10,000). Rescan in 120s. This is normal near daily UTC midnight when Polymarket's daily contracts have just settled and new ones are being created.
2026-04-30T08:22:34  INFO     [POLY] Scanning Gamma API for BTC/ETH price-direction markets...
2026-04-30T08:22:35  INFO     [POLY] No BTC/ETH price-direction markets found within 24h (vol≥$10,000). Rescan in 120s. This is normal near daily UTC midnight when Polymarket's daily contracts have just settled and new ones are being created.
2026-04-30T08:24:35  INFO     [POLY] Scanning Gamma API for BTC/ETH price-direction markets...
2026-04-30T08:24:37  INFO     [POLY] No BTC/ETH price-direction markets found within 24h (vol≥$10,000). Rescan in 120s. This is normal near daily UTC midnight when Polymarket's daily contracts have just settled and new ones are being created.
2026-04-30T08:26:37  INFO     [POLY] Scanning Gamma API for BTC/ETH price-direction markets...
2026-04-30T08:26:38  INFO     [POLY] No BTC/ETH price-direction markets found within 24h (vol≥$10,000). Rescan in 120s. This is normal near daily UTC midnight when Polymarket's daily contracts have just settled and new ones are being created.
2026-04-30T08:28:38  INFO     [POLY] Scanning Gamma API for BTC/ETH price-direction markets...
2026-04-30T08:28:39  INFO     [POLY] No BTC/ETH price-direction markets found within 24h (vol≥$10,000). Rescan in 120s. This is normal near daily UTC midnight when Polymarket's daily contracts have just settled and new ones are being created.
2026-04-30T08:30:39  INFO     [POLY] Scanning Gamma API for BTC/ETH price-direction markets...
2026-04-30T08:30:41  INFO     [POLY] No BTC/ETH price-direction markets found within 24h (vol≥$10,000). Rescan in 120s. This is normal near daily UTC midnight when Polymarket's daily contracts have just settled and new ones are being created.
2026-04-30T08:32:41  INFO     [POLY] Scanning Gamma API for BTC/ETH price-direction markets...
2026-04-30T08:32:41  INFO     [POLY] No BTC/ETH price-direction markets found within 24h (vol≥$10,000). Rescan in 120s. This is normal near daily UTC midnight when Polymarket's daily contracts have just settled and new ones are being created.
2026-04-30T08:34:42  INFO     [POLY] Scanning Gamma API for BTC/ETH price-direction markets...
2026-04-30T08:34:42  INFO     [POLY] No BTC/ETH price-direction markets found within 24h (vol≥$10,000). Rescan in 120s. This is normal near daily UTC midnight when Polymarket's daily contracts have just settled and new ones are being created.
2026-04-30T08:36:42  INFO     [POLY] Scanning Gamma API for BTC/ETH price-direction markets...
2026-04-30T08:36:44  INFO     [POLY] No BTC/ETH price-direction markets found within 24h (vol≥$10,000). Rescan in 120s. This is normal near daily UTC midnight when Polymarket's daily contracts have just settled and new ones are being created.
2026-04-30T08:38:44  INFO     [POLY] Scanning Gamma API for BTC/ETH price-direction markets...
2026-04-30T08:38:45  INFO     [POLY] No BTC/ETH price-direction markets found within 24h (vol≥$10,000). Rescan in 120s. This is normal near daily UTC midnight when Polymarket's daily contracts have just settled and new ones are being created.
2026-04-30T08:40:45  INFO     [POLY] Scanning Gamma API for BTC/ETH price-direction markets...
2026-04-30T08:40:46  INFO     [POLY] No BTC/ETH price-direction markets found within 24h (vol≥$10,000). Rescan in 120s. This is normal near daily UTC midnight when Polymarket's daily contracts have just settled and new ones are being created.
2026-04-30T08:42:46  INFO     [POLY] Scanning Gamma API for BTC/ETH price-direction markets...
2026-04-30T08:42:48  INFO     [POLY] No BTC/ETH price-direction markets found within 24h (vol≥$10,000). Rescan in 120s. This is normal near daily UTC midnight when Polymarket's daily contracts have just settled and new ones are being created.
2026-04-30T08:44:48  INFO     [POLY] Scanning Gamma API for BTC/ETH price-direction markets...
2026-04-30T08:44:48  INFO     [POLY] No BTC/ETH price-direction markets found within 24h (vol≥$10,000). Rescan in 120s. This is normal near daily UTC midnight when Polymarket's daily contracts have just settled and new ones are being created.
2026-04-30T08:46:48  INFO     [POLY] Scanning Gamma API for BTC/ETH price-direction markets...
2026-04-30T08:46:49  INFO     [POLY] No BTC/ETH price-direction markets found within 24h (vol≥$10,000). Rescan in 120s. This is normal near daily UTC midnight when Polymarket's daily contracts have just settled and new ones are being created.
2026-04-30T08:48:49  INFO     [POLY] Scanning Gamma API for BTC/ETH price-direction markets...
2026-04-30T08:48:51  INFO     [POLY] No BTC/ETH price-direction markets found within 24h (vol≥$10,000). Rescan in 120s. This is normal near daily UTC midnight when Polymarket's daily contracts have just settled and new ones are being created.
2026-04-30T08:50:51  INFO     [POLY] Scanning Gamma API for BTC/ETH price-direction markets...
2026-04-30T08:50:51  INFO     [POLY] No BTC/ETH price-direction markets found within 24h (vol≥$10,000). Rescan in 120s. This is normal near daily UTC midnight when Polymarket's daily contracts have just settled and new ones are being created.
2026-04-30T08:52:52  INFO     [POLY] Scanning Gamma API for BTC/ETH price-direction markets...
2026-04-30T08:52:52  INFO     [POLY] No BTC/ETH price-direction markets found within 24h (vol≥$10,000). Rescan in 120s. This is normal near daily UTC midnight when Polymarket's daily contracts have just settled and new ones are being created.
2026-04-30T08:54:52  INFO     [POLY] Scanning Gamma API for BTC/ETH price-direction markets...
2026-04-30T08:54:54  INFO     [POLY] No BTC/ETH price-direction markets found within 24h (vol≥$10,000). Rescan in 120s. This is normal near daily UTC midnight when Polymarket's daily contracts have just settled and new ones are being created.
2026-04-30T08:56:54  INFO     [POLY] Scanning Gamma API for BTC/ETH price-direction markets...
2026-04-30T08:56:55  INFO     [POLY] No BTC/ETH price-direction markets found within 24h (vol≥$10,000). Rescan in 120s. This is normal near daily UTC midnight when Polymarket's daily contracts have just settled and new ones are being created.
2026-04-30T08:58:55  INFO     [POLY] Scanning Gamma API for BTC/ETH price-direction markets...
2026-04-30T08:58:55  INFO     [POLY] No BTC/ETH price-direction markets found within 24h (vol≥$10,000). Rescan in 120s. This is normal near daily UTC midnight when Polymarket's daily contracts have just settled and new ones are being created.
2026-04-30T09:00:55  INFO     [POLY] Scanning Gamma API for BTC/ETH price-direction markets...
2026-04-30T09:00:57  INFO     [POLY] No BTC/ETH price-direction markets found within 24h (vol≥$10,000). Rescan in 120s. This is normal near daily UTC midnight when Polymarket's daily contracts have just settled and new ones are being created.
2026-04-30T09:02:57  INFO     [POLY] Scanning Gamma API for BTC/ETH price-direction markets...
2026-04-30T09:02:58  INFO     [POLY] No BTC/ETH price-direction markets found within 24h (vol≥$10,000). Rescan in 120s. This is normal near daily UTC midnight when Polymarket's daily contracts have just settled and new ones are being created.
2026-04-30T09:04:58  INFO     [POLY] Scanning Gamma API for BTC/ETH price-direction markets...
2026-04-30T09:04:59  INFO     [POLY] No BTC/ETH price-direction markets found within 24h (vol≥$10,000). Rescan in 120s. This is normal near daily UTC midnight when Polymarket's daily contracts have just settled and new ones are being created.
2026-04-30T09:06:59  INFO     [POLY] Scanning Gamma API for BTC/ETH price-direction markets...
2026-04-30T09:07:05  INFO     [POLY] No BTC/ETH price-direction markets found within 24h (vol≥$10,000). Rescan in 120s. This is normal near daily UTC midnight when Polymarket's daily contracts have just settled and new ones are being created.
2026-04-30T09:09:05  INFO     [POLY] Scanning Gamma API for BTC/ETH price-direction markets...
2026-04-30T09:09:06  INFO     [POLY] No BTC/ETH price-direction markets found within 24h (vol≥$10,000). Rescan in 120s. This is normal near daily UTC midnight when Polymarket's daily contracts have just settled and new ones are being created.
2026-04-30T09:11:06  INFO     [POLY] Scanning Gamma API for BTC/ETH price-direction markets...
2026-04-30T09:11:07  INFO     [POLY] No BTC/ETH price-direction markets found within 24h (vol≥$10,000). Rescan in 120s. This is normal near daily UTC midnight when Polymarket's daily contracts have just settled and new ones are being created.
2026-04-30T09:13:07  INFO     [POLY] Scanning Gamma API for BTC/ETH price-direction markets...
2026-04-30T09:13:09  INFO     [POLY] No BTC/ETH price-direction markets found within 24h (vol≥$10,000). Rescan in 120s. This is normal near daily UTC midnight when Polymarket's daily contracts have just settled and new ones are being created.
2026-04-30T09:15:09  INFO     [POLY] Scanning Gamma API for BTC/ETH price-direction markets...
2026-04-30T09:15:10  INFO     [POLY] No BTC/ETH price-direction markets found within 24h (vol≥$10,000). Rescan in 120s. This is normal near daily UTC midnight when Polymarket's daily contracts have just settled and new ones are being created.
2026-04-30T09:17:10  INFO     [POLY] Scanning Gamma API for BTC/ETH price-direction markets...
2026-04-30T09:17:11  INFO     [POLY] No BTC/ETH price-direction markets found within 24h (vol≥$10,000). Rescan in 120s. This is normal near daily UTC midnight when Polymarket's daily contracts have just settled and new ones are being created.
2026-04-30T09:19:11  INFO     [POLY] Scanning Gamma API for BTC/ETH price-direction markets...
2026-04-30T09:19:13  INFO     [POLY] No BTC/ETH price-direction markets found within 24h (vol≥$10,000). Rescan in 120s. This is normal near daily UTC midnight when Polymarket's daily contracts have just settled and new ones are being created.
2026-04-30T09:21:13  INFO     [POLY] Scanning Gamma API for BTC/ETH price-direction markets...
2026-04-30T09:21:14  INFO     [POLY] No BTC/ETH price-direction markets found within 24h (vol≥$10,000). Rescan in 120s. This is normal near daily UTC midnight when Polymarket's daily contracts have just settled and new ones are being created.
2026-04-30T09:23:14  INFO     [POLY] Scanning Gamma API for BTC/ETH price-direction markets...
2026-04-30T09:23:15  INFO     [POLY] No BTC/ETH price-direction markets found within 24h (vol≥$10,000). Rescan in 120s. This is normal near daily UTC midnight when Polymarket's daily contracts have just settled and new ones are being created.
2026-04-30T09:25:15  INFO     [POLY] Scanning Gamma API for BTC/ETH price-direction markets...
2026-04-30T09:25:17  INFO     [POLY] No BTC/ETH price-direction markets found within 24h (vol≥$10,000). Rescan in 120s. This is normal near daily UTC midnight when Polymarket's daily contracts have just settled and new ones are being created.
2026-04-30T09:27:17  INFO     [POLY] Scanning Gamma API for BTC/ETH price-direction markets...
2026-04-30T09:27:17  INFO     [POLY] No BTC/ETH price-direction markets found within 24h (vol≥$10,000). Rescan in 120s. This is normal near daily UTC midnight when Polymarket's daily contracts have just settled and new ones are being created.
2026-04-30T09:29:17  INFO     [POLY] Scanning Gamma API for BTC/ETH price-direction markets...
2026-04-30T09:29:18  INFO     [POLY] No BTC/ETH price-direction markets found within 24h (vol≥$10,000). Rescan in 120s. This is normal near daily UTC midnight when Polymarket's daily contracts have just settled and new ones are being created.
2026-04-30T09:31:18  INFO     [POLY] Scanning Gamma API for BTC/ETH price-direction markets...
2026-04-30T09:31:21  INFO     [POLY] No BTC/ETH price-direction markets found within 24h (vol≥$10,000). Rescan in 120s. This is normal near daily UTC midnight when Polymarket's daily contracts have just settled and new ones are being created.
2026-04-30T09:33:21  INFO     [POLY] Scanning Gamma API for BTC/ETH price-direction markets...
2026-04-30T09:33:21  INFO     [POLY] No BTC/ETH price-direction markets found within 24h (vol≥$10,000). Rescan in 120s. This is normal near daily UTC midnight when Polymarket's daily contracts have just settled and new ones are being created.
2026-04-30T09:35:21  INFO     [POLY] Scanning Gamma API for BTC/ETH price-direction markets...
2026-04-30T09:35:22  INFO     [POLY] No BTC/ETH price-direction markets found within 24h (vol≥$10,000). Rescan in 120s. This is normal near daily UTC midnight when Polymarket's daily contracts have just settled and new ones are being created.
2026-04-30T09:37:22  INFO     [POLY] Scanning Gamma API for BTC/ETH price-direction markets...
2026-04-30T09:37:24  INFO     [POLY] No BTC/ETH price-direction markets found within 24h (vol≥$10,000). Rescan in 120s. This is normal near daily UTC midnight when Polymarket's daily contracts have just settled and new ones are being created.
2026-04-30T09:39:24  INFO     [POLY] Scanning Gamma API for BTC/ETH price-direction markets...
2026-04-30T09:39:25  INFO     [POLY] No BTC/ETH price-direction markets found within 24h (vol≥$10,000). Rescan in 120s. This is normal near daily UTC midnight when Polymarket's daily contracts have just settled and new ones are being created.
2026-04-30T09:41:25  INFO     [POLY] Scanning Gamma API for BTC/ETH price-direction markets...
2026-04-30T09:41:26  INFO     [POLY] No BTC/ETH price-direction markets found within 24h (vol≥$10,000). Rescan in 120s. This is normal near daily UTC midnight when Polymarket's daily contracts have just settled and new ones are being created.
2026-04-30T09:43:26  INFO     [POLY] Scanning Gamma API for BTC/ETH price-direction markets...
2026-04-30T09:43:28  INFO     [POLY] No BTC/ETH price-direction markets found within 24h (vol≥$10,000). Rescan in 120s. This is normal near daily UTC midnight when Polymarket's daily contracts have just settled and new ones are being created.
2026-04-30T09:45:28  INFO     [POLY] Scanning Gamma API for BTC/ETH price-direction markets...
2026-04-30T09:45:28  INFO     [POLY] No BTC/ETH price-direction markets found within 24h (vol≥$10,000). Rescan in 120s. This is normal near daily UTC midnight when Polymarket's daily contracts have just settled and new ones are being created.
2026-04-30T09:47:28  INFO     [POLY] Scanning Gamma API for BTC/ETH price-direction markets...
2026-04-30T09:47:29  INFO     [POLY] No BTC/ETH price-direction markets found within 24h (vol≥$10,000). Rescan in 120s. This is normal near daily UTC midnight when Polymarket's daily contracts have just settled and new ones are being created.
2026-04-30T09:49:29  INFO     [POLY] Scanning Gamma API for BTC/ETH price-direction markets...
2026-04-30T09:49:31  INFO     [POLY] No BTC/ETH price-direction markets found within 24h (vol≥$10,000). Rescan in 120s. This is normal near daily UTC midnight when Polymarket's daily contracts have just settled and new ones are being created.
2026-04-30T09:51:31  INFO     [POLY] Scanning Gamma API for BTC/ETH price-direction markets...
2026-04-30T09:51:32  INFO     [POLY] No BTC/ETH price-direction markets found within 24h (vol≥$10,000). Rescan in 120s. This is normal near daily UTC midnight when Polymarket's daily contracts have just settled and new ones are being created.
2026-04-30T09:53:32  INFO     [POLY] Scanning Gamma API for BTC/ETH price-direction markets...
2026-04-30T09:53:33  INFO     [POLY] No BTC/ETH price-direction markets found within 24h (vol≥$10,000). Rescan in 120s. This is normal near daily UTC midnight when Polymarket's daily contracts have just settled and new ones are being created.
2026-04-30T09:55:33  INFO     [POLY] Scanning Gamma API for BTC/ETH price-direction markets...
2026-04-30T09:55:35  INFO     [POLY] No BTC/ETH price-direction markets found within 24h (vol≥$10,000). Rescan in 120s. This is normal near daily UTC midnight when Polymarket's daily contracts have just settled and new ones are being created.
2026-04-30T09:57:35  INFO     [POLY] Scanning Gamma API for BTC/ETH price-direction markets...
2026-04-30T09:57:36  INFO     [POLY] No BTC/ETH price-direction markets found within 24h (vol≥$10,000). Rescan in 120s. This is normal near daily UTC midnight when Polymarket's daily contracts have just settled and new ones are being created.
2026-04-30T09:59:36  INFO     [POLY] Scanning Gamma API for BTC/ETH price-direction markets...
2026-04-30T09:59:37  INFO     [POLY] No BTC/ETH price-direction markets found within 24h (vol≥$10,000). Rescan in 120s. This is normal near daily UTC midnight when Polymarket's daily contracts have just settled and new ones are being created.
2026-04-30T10:01:37  INFO     [POLY] Scanning Gamma API for BTC/ETH price-direction markets...
2026-04-30T10:01:39  INFO     [POLY] No BTC/ETH price-direction markets found within 24h (vol≥$10,000). Rescan in 120s. This is normal near daily UTC midnight when Polymarket's daily contracts have just settled and new ones are being created.
2026-04-30T10:03:39  INFO     [POLY] Scanning Gamma API for BTC/ETH price-direction markets...
2026-04-30T10:03:39  INFO     [POLY] No BTC/ETH price-direction markets found within 24h (vol≥$10,000). Rescan in 120s. This is normal near daily UTC midnight when Polymarket's daily contracts have just settled and new ones are being created.
2026-04-30T10:05:39  INFO     [POLY] Scanning Gamma API for BTC/ETH price-direction markets...
2026-04-30T10:05:40  INFO     [POLY] No BTC/ETH price-direction markets found within 24h (vol≥$10,000). Rescan in 120s. This is normal near daily UTC midnight when Polymarket's daily contracts have just settled and new ones are being created.
2026-04-30T10:07:40  INFO     [POLY] Scanning Gamma API for BTC/ETH price-direction markets...
2026-04-30T10:07:42  INFO     [POLY] No BTC/ETH price-direction markets found within 24h (vol≥$10,000). Rescan in 120s. This is normal near daily UTC midnight when Polymarket's daily contracts have just settled and new ones are being created.
2026-04-30T10:09:42  INFO     [POLY] Scanning Gamma API for BTC/ETH price-direction markets...
2026-04-30T10:09:43  INFO     [POLY] No BTC/ETH price-direction markets found within 24h (vol≥$10,000). Rescan in 120s. This is normal near daily UTC midnight when Polymarket's daily contracts have just settled and new ones are being created.
2026-04-30T10:11:43  INFO     [POLY] Scanning Gamma API for BTC/ETH price-direction markets...
2026-04-30T10:11:44  INFO     [POLY] No BTC/ETH price-direction markets found within 24h (vol≥$10,000). Rescan in 120s. This is normal near daily UTC midnight when Polymarket's daily contracts have just settled and new ones are being created.
2026-04-30T10:13:44  INFO     [POLY] Scanning Gamma API for BTC/ETH price-direction markets...
2026-04-30T10:13:46  INFO     [POLY] No BTC/ETH price-direction markets found within 24h (vol≥$10,000). Rescan in 120s. This is normal near daily UTC midnight when Polymarket's daily contracts have just settled and new ones are being created.
2026-04-30T10:15:46  INFO     [POLY] Scanning Gamma API for BTC/ETH price-direction markets...
2026-04-30T10:15:47  INFO     [POLY] No BTC/ETH price-direction markets found within 24h (vol≥$10,000). Rescan in 120s. This is normal near daily UTC midnight when Polymarket's daily contracts have just settled and new ones are being created.
2026-04-30T10:17:47  INFO     [POLY] Scanning Gamma API for BTC/ETH price-direction markets...
2026-04-30T10:17:48  INFO     [POLY] No BTC/ETH price-direction markets found within 24h (vol≥$10,000). Rescan in 120s. This is normal near daily UTC midnight when Polymarket's daily contracts have just settled and new ones are being created.
2026-04-30T10:19:48  INFO     [POLY] Scanning Gamma API for BTC/ETH price-direction markets...
2026-04-30T10:19:50  INFO     [POLY] No BTC/ETH price-direction markets found within 24h (vol≥$10,000). Rescan in 120s. This is normal near daily UTC midnight when Polymarket's daily contracts have just settled and new ones are being created.
2026-04-30T10:21:50  INFO     [POLY] Scanning Gamma API for BTC/ETH price-direction markets...
2026-04-30T10:21:50  INFO     [POLY] No BTC/ETH price-direction markets found within 24h (vol≥$10,000). Rescan in 120s. This is normal near daily UTC midnight when Polymarket's daily contracts have just settled and new ones are being created.
2026-04-30T10:23:50  INFO     [POLY] Scanning Gamma API for BTC/ETH price-direction markets...
2026-04-30T10:23:51  INFO     [POLY] No BTC/ETH price-direction markets found within 24h (vol≥$10,000). Rescan in 120s. This is normal near daily UTC midnight when Polymarket's daily contracts have just settled and new ones are being created.
2026-04-30T10:25:51  INFO     [POLY] Scanning Gamma API for BTC/ETH price-direction markets...
2026-04-30T10:25:53  INFO     [POLY] No BTC/ETH price-direction markets found within 24h (vol≥$10,000). Rescan in 120s. This is normal near daily UTC midnight when Polymarket's daily contracts have just settled and new ones are being created.
2026-04-30T10:27:53  INFO     [POLY] Scanning Gamma API for BTC/ETH price-direction markets...
2026-04-30T10:27:54  INFO     [POLY] No BTC/ETH price-direction markets found within 24h (vol≥$10,000). Rescan in 120s. This is normal near daily UTC midnight when Polymarket's daily contracts have just settled and new ones are being created.
2026-04-30T10:29:54  INFO     [POLY] Scanning Gamma API for BTC/ETH price-direction markets...
2026-04-30T10:29:55  INFO     [POLY] No BTC/ETH price-direction markets found within 24h (vol≥$10,000). Rescan in 120s. This is normal near daily UTC midnight when Polymarket's daily contracts have just settled and new ones are being created.
2026-04-30T10:31:55  INFO     [POLY] Scanning Gamma API for BTC/ETH price-direction markets...
2026-04-30T10:31:57  INFO     [POLY] No BTC/ETH price-direction markets found within 24h (vol≥$10,000). Rescan in 120s. This is normal near daily UTC midnight when Polymarket's daily contracts have just settled and new ones are being created.
2026-04-30T10:33:57  INFO     [POLY] Scanning Gamma API for BTC/ETH price-direction markets...
2026-04-30T10:33:58  INFO     [POLY] No BTC/ETH price-direction markets found within 24h (vol≥$10,000). Rescan in 120s. This is normal near daily UTC midnight when Polymarket's daily contracts have just settled and new ones are being created.
2026-04-30T10:35:58  INFO     [POLY] Scanning Gamma API for BTC/ETH price-direction markets...
2026-04-30T10:35:59  INFO     [POLY] No BTC/ETH price-direction markets found within 24h (vol≥$10,000). Rescan in 120s. This is normal near daily UTC midnight when Polymarket's daily contracts have just settled and new ones are being created.
2026-04-30T10:37:59  INFO     [POLY] Scanning Gamma API for BTC/ETH price-direction markets...
2026-04-30T10:38:05  INFO     [POLY] No BTC/ETH price-direction markets found within 24h (vol≥$10,000). Rescan in 120s. This is normal near daily UTC midnight when Polymarket's daily contracts have just settled and new ones are being created.
2026-04-30T10:40:05  INFO     [POLY] Scanning Gamma API for BTC/ETH price-direction markets...
2026-04-30T10:40:06  INFO     [POLY] No BTC/ETH price-direction markets found within 24h (vol≥$10,000). Rescan in 120s. This is normal near daily UTC midnight when Polymarket's daily contracts have just settled and new ones are being created.
2026-04-30T10:42:06  INFO     [POLY] Scanning Gamma API for BTC/ETH price-direction markets...
2026-04-30T10:42:06  INFO     [POLY] No BTC/ETH price-direction markets found within 24h (vol≥$10,000). Rescan in 120s. This is normal near daily UTC midnight when Polymarket's daily contracts have just settled and new ones are being created.
2026-04-30T10:44:06  INFO     [POLY] Scanning Gamma API for BTC/ETH price-direction markets...
2026-04-30T10:44:08  INFO     [POLY] No BTC/ETH price-direction markets found within 24h (vol≥$10,000). Rescan in 120s. This is normal near daily UTC midnight when Polymarket's daily contracts have just settled and new ones are being created.
2026-04-30T10:46:08  INFO     [POLY] Scanning Gamma API for BTC/ETH price-direction markets...
2026-04-30T10:46:09  INFO     [POLY] No BTC/ETH price-direction markets found within 24h (vol≥$10,000). Rescan in 120s. This is normal near daily UTC midnight when Polymarket's daily contracts have just settled and new ones are being created.
2026-04-30T10:48:09  INFO     [POLY] Scanning Gamma API for BTC/ETH price-direction markets...
2026-04-30T10:48:10  INFO     [POLY] No BTC/ETH price-direction markets found within 24h (vol≥$10,000). Rescan in 120s. This is normal near daily UTC midnight when Polymarket's daily contracts have just settled and new ones are being created.
2026-04-30T10:50:10  INFO     [POLY] Scanning Gamma API for BTC/ETH price-direction markets...
2026-04-30T10:50:12  INFO     [POLY] No BTC/ETH price-direction markets found within 24h (vol≥$10,000). Rescan in 120s. This is normal near daily UTC midnight when Polymarket's daily contracts have just settled and new ones are being created.
2026-04-30T10:52:12  INFO     [POLY] Scanning Gamma API for BTC/ETH price-direction markets...
2026-04-30T10:52:13  INFO     [POLY] No BTC/ETH price-direction markets found within 24h (vol≥$10,000). Rescan in 120s. This is normal near daily UTC midnight when Polymarket's daily contracts have just settled and new ones are being created.
2026-04-30T10:54:13  INFO     [POLY] Scanning Gamma API for BTC/ETH price-direction markets...
2026-04-30T10:54:14  INFO     [POLY] No BTC/ETH price-direction markets found within 24h (vol≥$10,000). Rescan in 120s. This is normal near daily UTC midnight when Polymarket's daily contracts have just settled and new ones are being created.
2026-04-30T10:56:14  INFO     [POLY] Scanning Gamma API for BTC/ETH price-direction markets...
2026-04-30T10:56:16  INFO     [POLY] No BTC/ETH price-direction markets found within 24h (vol≥$10,000). Rescan in 120s. This is normal near daily UTC midnight when Polymarket's daily contracts have just settled and new ones are being created.
2026-04-30T10:58:16  INFO     [POLY] Scanning Gamma API for BTC/ETH price-direction markets...
2026-04-30T10:58:17  INFO     [POLY] No BTC/ETH price-direction markets found within 24h (vol≥$10,000). Rescan in 120s. This is normal near daily UTC midnight when Polymarket's daily contracts have just settled and new ones are being created.
2026-04-30T11:00:17  INFO     [POLY] Scanning Gamma API for BTC/ETH price-direction markets...
2026-04-30T11:00:17  INFO     [POLY] No BTC/ETH price-direction markets found within 24h (vol≥$10,000). Rescan in 120s. This is normal near daily UTC midnight when Polymarket's daily contracts have just settled and new ones are being created.
2026-04-30T11:02:17  INFO     [POLY] Scanning Gamma API for BTC/ETH price-direction markets...
2026-04-30T11:02:20  INFO     [POLY] No BTC/ETH price-direction markets found within 24h (vol≥$10,000). Rescan in 120s. This is normal near daily UTC midnight when Polymarket's daily contracts have just settled and new ones are being created.
2026-04-30T11:04:20  INFO     [POLY] Scanning Gamma API for BTC/ETH price-direction markets...
2026-04-30T11:04:20  INFO     [POLY] No BTC/ETH price-direction markets found within 24h (vol≥$10,000). Rescan in 120s. This is normal near daily UTC midnight when Polymarket's daily contracts have just settled and new ones are being created.
2026-04-30T11:06:21  INFO     [POLY] Scanning Gamma API for BTC/ETH price-direction markets...
2026-04-30T11:06:21  INFO     [POLY] No BTC/ETH price-direction markets found within 24h (vol≥$10,000). Rescan in 120s. This is normal near daily UTC midnight when Polymarket's daily contracts have just settled and new ones are being created.
2026-04-30T11:08:21  INFO     [POLY] Scanning Gamma API for BTC/ETH price-direction markets...
2026-04-30T11:08:23  INFO     [POLY] No BTC/ETH price-direction markets found within 24h (vol≥$10,000). Rescan in 120s. This is normal near daily UTC midnight when Polymarket's daily contracts have just settled and new ones are being created.
2026-04-30T11:10:23  INFO     [POLY] Scanning Gamma API for BTC/ETH price-direction markets...
2026-04-30T11:10:24  INFO     [POLY] No BTC/ETH price-direction markets found within 24h (vol≥$10,000). Rescan in 120s. This is normal near daily UTC midnight when Polymarket's daily contracts have just settled and new ones are being created.
2026-04-30T11:12:24  INFO     [POLY] Scanning Gamma API for BTC/ETH price-direction markets...
2026-04-30T11:12:25  INFO     [POLY] No BTC/ETH price-direction markets found within 24h (vol≥$10,000). Rescan in 120s. This is normal near daily UTC midnight when Polymarket's daily contracts have just settled and new ones are being created.
2026-04-30T11:14:25  INFO     [POLY] Scanning Gamma API for BTC/ETH price-direction markets...
2026-04-30T11:14:27  INFO     [POLY] No BTC/ETH price-direction markets found within 24h (vol≥$10,000). Rescan in 120s. This is normal near daily UTC midnight when Polymarket's daily contracts have just settled and new ones are being created.
2026-04-30T11:16:27  INFO     [POLY] Scanning Gamma API for BTC/ETH price-direction markets...
2026-04-30T11:16:28  INFO     [POLY] No BTC/ETH price-direction markets found within 24h (vol≥$10,000). Rescan in 120s. This is normal near daily UTC midnight when Polymarket's daily contracts have just settled and new ones are being created.
2026-04-30T11:18:28  INFO     [POLY] Scanning Gamma API for BTC/ETH price-direction markets...
2026-04-30T11:18:29  INFO     [POLY] No BTC/ETH price-direction markets found within 24h (vol≥$10,000). Rescan in 120s. This is normal near daily UTC midnight when Polymarket's daily contracts have just settled and new ones are being created.
2026-04-30T11:20:29  INFO     [POLY] Scanning Gamma API for BTC/ETH price-direction markets...
2026-04-30T11:20:31  INFO     [POLY] No BTC/ETH price-direction markets found within 24h (vol≥$10,000). Rescan in 120s. This is normal near daily UTC midnight when Polymarket's daily contracts have just settled and new ones are being created.
2026-04-30T11:22:31  INFO     [POLY] Scanning Gamma API for BTC/ETH price-direction markets...
2026-04-30T11:22:31  INFO     [POLY] No BTC/ETH price-direction markets found within 24h (vol≥$10,000). Rescan in 120s. This is normal near daily UTC midnight when Polymarket's daily contracts have just settled and new ones are being created.
2026-04-30T11:24:31  INFO     [POLY] Scanning Gamma API for BTC/ETH price-direction markets...
2026-04-30T11:24:32  INFO     [POLY] No BTC/ETH price-direction markets found within 24h (vol≥$10,000). Rescan in 120s. This is normal near daily UTC midnight when Polymarket's daily contracts have just settled and new ones are being created.
2026-04-30T11:26:32  INFO     [POLY] Scanning Gamma API for BTC/ETH price-direction markets...
2026-04-30T11:26:34  INFO     [POLY] No BTC/ETH price-direction markets found within 24h (vol≥$10,000). Rescan in 120s. This is normal near daily UTC midnight when Polymarket's daily contracts have just settled and new ones are being created.
2026-04-30T11:28:34  INFO     [POLY] Scanning Gamma API for BTC/ETH price-direction markets...
2026-04-30T11:28:35  INFO     [POLY] No BTC/ETH price-direction markets found within 24h (vol≥$10,000). Rescan in 120s. This is normal near daily UTC midnight when Polymarket's daily contracts have just settled and new ones are being created.
2026-04-30T11:30:35  INFO     [POLY] Scanning Gamma API for BTC/ETH price-direction markets...
2026-04-30T11:30:37  INFO     [POLY] No BTC/ETH price-direction markets found within 24h (vol≥$10,000). Rescan in 120s. This is normal near daily UTC midnight when Polymarket's daily contracts have just settled and new ones are being created.
2026-04-30T11:32:37  INFO     [POLY] Scanning Gamma API for BTC/ETH price-direction markets...
2026-04-30T11:32:39  INFO     [POLY] No BTC/ETH price-direction markets found within 24h (vol≥$10,000). Rescan in 120s. This is normal near daily UTC midnight when Polymarket's daily contracts have just settled and new ones are being created.
2026-04-30T11:34:39  INFO     [POLY] Scanning Gamma API for BTC/ETH price-direction markets...
2026-04-30T11:34:39  INFO     [POLY] No BTC/ETH price-direction markets found within 24h (vol≥$10,000). Rescan in 120s. This is normal near daily UTC midnight when Polymarket's daily contracts have just settled and new ones are being created.
2026-04-30T11:36:39  INFO     [POLY] Scanning Gamma API for BTC/ETH price-direction markets...
2026-04-30T11:36:40  INFO     [POLY] No BTC/ETH price-direction markets found within 24h (vol≥$10,000). Rescan in 120s. This is normal near daily UTC midnight when Polymarket's daily contracts have just settled and new ones are being created.
2026-04-30T11:38:40  INFO     [POLY] Scanning Gamma API for BTC/ETH price-direction markets...
2026-04-30T11:38:42  INFO     [POLY] No BTC/ETH price-direction markets found within 24h (vol≥$10,000). Rescan in 120s. This is normal near daily UTC midnight when Polymarket's daily contracts have just settled and new ones are being created.
2026-04-30T11:40:42  INFO     [POLY] Scanning Gamma API for BTC/ETH price-direction markets...
2026-04-30T11:40:43  INFO     [POLY] No BTC/ETH price-direction markets found within 24h (vol≥$10,000). Rescan in 120s. This is normal near daily UTC midnight when Polymarket's daily contracts have just settled and new ones are being created.
2026-04-30T11:42:43  INFO     [POLY] Scanning Gamma API for BTC/ETH price-direction markets...
2026-04-30T11:42:44  INFO     [POLY] No BTC/ETH price-direction markets found within 24h (vol≥$10,000). Rescan in 120s. This is normal near daily UTC midnight when Polymarket's daily contracts have just settled and new ones are being created.
2026-04-30T11:44:44  INFO     [POLY] Scanning Gamma API for BTC/ETH price-direction markets...
2026-04-30T11:44:46  INFO     [POLY] No BTC/ETH price-direction markets found within 24h (vol≥$10,000). Rescan in 120s. This is normal near daily UTC midnight when Polymarket's daily contracts have just settled and new ones are being created.
2026-04-30T11:46:46  INFO     [POLY] Scanning Gamma API for BTC/ETH price-direction markets...
2026-04-30T11:46:47  INFO     [POLY] No BTC/ETH price-direction markets found within 24h (vol≥$10,000). Rescan in 120s. This is normal near daily UTC midnight when Polymarket's daily contracts have just settled and new ones are being created.
2026-04-30T11:48:47  INFO     [POLY] Scanning Gamma API for BTC/ETH price-direction markets...
2026-04-30T11:48:48  INFO     [POLY] No BTC/ETH price-direction markets found within 24h (vol≥$10,000). Rescan in 120s. This is normal near daily UTC midnight when Polymarket's daily contracts have just settled and new ones are being created.
2026-04-30T11:50:48  INFO     [POLY] Scanning Gamma API for BTC/ETH price-direction markets...
2026-04-30T11:50:50  INFO     [POLY] No BTC/ETH price-direction markets found within 24h (vol≥$10,000). Rescan in 120s. This is normal near daily UTC midnight when Polymarket's daily contracts have just settled and new ones are being created.
2026-04-30T11:52:50  INFO     [POLY] Scanning Gamma API for BTC/ETH price-direction markets...
2026-04-30T11:52:50  INFO     [POLY] No BTC/ETH price-direction markets found within 24h (vol≥$10,000). Rescan in 120s. This is normal near daily UTC midnight when Polymarket's daily contracts have just settled and new ones are being created.
2026-04-30T11:54:50  INFO     [POLY] Scanning Gamma API for BTC/ETH price-direction markets...
2026-04-30T11:54:51  INFO     [POLY] No BTC/ETH price-direction markets found within 24h (vol≥$10,000). Rescan in 120s. This is normal near daily UTC midnight when Polymarket's daily contracts have just settled and new ones are being created.
2026-04-30T11:56:51  INFO     [POLY] Scanning Gamma API for BTC/ETH price-direction markets...
2026-04-30T11:56:53  INFO     [POLY] No BTC/ETH price-direction markets found within 24h (vol≥$10,000). Rescan in 120s. This is normal near daily UTC midnight when Polymarket's daily contracts have just settled and new ones are being created.
2026-04-30T11:58:53  INFO     [POLY] Scanning Gamma API for BTC/ETH price-direction markets...
2026-04-30T11:58:54  INFO     [POLY] No BTC/ETH price-direction markets found within 24h (vol≥$10,000). Rescan in 120s. This is normal near daily UTC midnight when Polymarket's daily contracts have just settled and new ones are being created.
2026-04-30T12:00:54  INFO     [POLY] Scanning Gamma API for BTC/ETH price-direction markets...
2026-04-30T12:00:55  INFO     [POLY] No BTC/ETH price-direction markets found within 24h (vol≥$10,000). Rescan in 120s. This is normal near daily UTC midnight when Polymarket's daily contracts have just settled and new ones are being created.
2026-04-30T12:02:55  INFO     [POLY] Scanning Gamma API for BTC/ETH price-direction markets...
2026-04-30T12:02:57  INFO     [POLY] No BTC/ETH price-direction markets found within 24h (vol≥$10,000). Rescan in 120s. This is normal near daily UTC midnight when Polymarket's daily contracts have just settled and new ones are being created.
2026-04-30T12:04:57  INFO     [POLY] Scanning Gamma API for BTC/ETH price-direction markets...
2026-04-30T12:04:58  INFO     [POLY] No BTC/ETH price-direction markets found within 24h (vol≥$10,000). Rescan in 120s. This is normal near daily UTC midnight when Polymarket's daily contracts have just settled and new ones are being created.
2026-04-30T12:06:58  INFO     [POLY] Scanning Gamma API for BTC/ETH price-direction markets...
2026-04-30T12:06:59  INFO     [POLY] No BTC/ETH price-direction markets found within 24h (vol≥$10,000). Rescan in 120s. This is normal near daily UTC midnight when Polymarket's daily contracts have just settled and new ones are being created.
2026-04-30T12:08:59  INFO     [POLY] Scanning Gamma API for BTC/ETH price-direction markets...
2026-04-30T12:09:02  INFO     [POLY] No BTC/ETH price-direction markets found within 24h (vol≥$10,000). Rescan in 120s. This is normal near daily UTC midnight when Polymarket's daily contracts have just settled and new ones are being created.
2026-04-30T12:11:02  INFO     [POLY] Scanning Gamma API for BTC/ETH price-direction markets...
2026-04-30T12:11:02  INFO     [POLY] No BTC/ETH price-direction markets found within 24h (vol≥$10,000). Rescan in 120s. This is normal near daily UTC midnight when Polymarket's daily contracts have just settled and new ones are being created.
2026-04-30T12:13:02  INFO     [POLY] Scanning Gamma API for BTC/ETH price-direction markets...
2026-04-30T12:13:03  INFO     [POLY] No BTC/ETH price-direction markets found within 24h (vol≥$10,000). Rescan in 120s. This is normal near daily UTC midnight when Polymarket's daily contracts have just settled and new ones are being created.
2026-04-30T12:15:03  INFO     [POLY] Scanning Gamma API for BTC/ETH price-direction markets...
2026-04-30T12:15:05  INFO     [POLY] No BTC/ETH price-direction markets found within 24h (vol≥$10,000). Rescan in 120s. This is normal near daily UTC midnight when Polymarket's daily contracts have just settled and new ones are being created.
2026-04-30T12:17:05  INFO     [POLY] Scanning Gamma API for BTC/ETH price-direction markets...
2026-04-30T12:17:06  INFO     [POLY] No BTC/ETH price-direction markets found within 24h (vol≥$10,000). Rescan in 120s. This is normal near daily UTC midnight when Polymarket's daily contracts have just settled and new ones are being created.
2026-04-30T12:19:06  INFO     [POLY] Scanning Gamma API for BTC/ETH price-direction markets...
2026-04-30T12:19:07  INFO     [POLY] No BTC/ETH price-direction markets found within 24h (vol≥$10,000). Rescan in 120s. This is normal near daily UTC midnight when Polymarket's daily contracts have just settled and new ones are being created.
2026-04-30T12:21:07  INFO     [POLY] Scanning Gamma API for BTC/ETH price-direction markets...
2026-04-30T12:21:09  INFO     [POLY] No BTC/ETH price-direction markets found within 24h (vol≥$10,000). Rescan in 120s. This is normal near daily UTC midnight when Polymarket's daily contracts have just settled and new ones are being created.
2026-04-30T12:23:09  INFO     [POLY] Scanning Gamma API for BTC/ETH price-direction markets...
2026-04-30T12:23:10  INFO     [POLY] No BTC/ETH price-direction markets found within 24h (vol≥$10,000). Rescan in 120s. This is normal near daily UTC midnight when Polymarket's daily contracts have just settled and new ones are being created.
2026-04-30T12:25:10  INFO     [POLY] Scanning Gamma API for BTC/ETH price-direction markets...
2026-04-30T12:25:11  INFO     [POLY] No BTC/ETH price-direction markets found within 24h (vol≥$10,000). Rescan in 120s. This is normal near daily UTC midnight when Polymarket's daily contracts have just settled and new ones are being created.
2026-04-30T12:27:11  INFO     [POLY] Scanning Gamma API for BTC/ETH price-direction markets...
2026-04-30T12:27:13  INFO     [POLY] No BTC/ETH price-direction markets found within 24h (vol≥$10,000). Rescan in 120s. This is normal near daily UTC midnight when Polymarket's daily contracts have just settled and new ones are being created.
2026-04-30T12:29:13  INFO     [POLY] Scanning Gamma API for BTC/ETH price-direction markets...
2026-04-30T12:29:13  INFO     [POLY] No BTC/ETH price-direction markets found within 24h (vol≥$10,000). Rescan in 120s. This is normal near daily UTC midnight when Polymarket's daily contracts have just settled and new ones are being created.
2026-04-30T12:31:13  INFO     [POLY] Scanning Gamma API for BTC/ETH price-direction markets...
2026-04-30T12:31:14  INFO     [POLY] No BTC/ETH price-direction markets found within 24h (vol≥$10,000). Rescan in 120s. This is normal near daily UTC midnight when Polymarket's daily contracts have just settled and new ones are being created.
2026-04-30T12:33:14  INFO     [POLY] Scanning Gamma API for BTC/ETH price-direction markets...
2026-04-30T12:33:16  INFO     [POLY] No BTC/ETH price-direction markets found within 24h (vol≥$10,000). Rescan in 120s. This is normal near daily UTC midnight when Polymarket's daily contracts have just settled and new ones are being created.
2026-04-30T12:35:16  INFO     [POLY] Scanning Gamma API for BTC/ETH price-direction markets...
2026-04-30T12:35:17  INFO     [POLY] No BTC/ETH price-direction markets found within 24h (vol≥$10,000). Rescan in 120s. This is normal near daily UTC midnight when Polymarket's daily contracts have just settled and new ones are being created.
2026-04-30T12:37:17  INFO     [POLY] Scanning Gamma API for BTC/ETH price-direction markets...
2026-04-30T12:37:17  INFO     [POLY] No BTC/ETH price-direction markets found within 24h (vol≥$10,000). Rescan in 120s. This is normal near daily UTC midnight when Polymarket's daily contracts have just settled and new ones are being created.
2026-04-30T12:39:17  INFO     [POLY] Scanning Gamma API for BTC/ETH price-direction markets...
2026-04-30T12:39:20  INFO     [POLY] No BTC/ETH price-direction markets found within 24h (vol≥$10,000). Rescan in 120s. This is normal near daily UTC midnight when Polymarket's daily contracts have just settled and new ones are being created.
2026-04-30T12:41:20  INFO     [POLY] Scanning Gamma API for BTC/ETH price-direction markets...
2026-04-30T12:41:21  INFO     [POLY] No BTC/ETH price-direction markets found within 24h (vol≥$10,000). Rescan in 120s. This is normal near daily UTC midnight when Polymarket's daily contracts have just settled and new ones are being created.
2026-04-30T12:43:21  INFO     [POLY] Scanning Gamma API for BTC/ETH price-direction markets...
2026-04-30T12:43:22  INFO     [POLY] No BTC/ETH price-direction markets found within 24h (vol≥$10,000). Rescan in 120s. This is normal near daily UTC midnight when Polymarket's daily contracts have just settled and new ones are being created.
2026-04-30T12:45:22  INFO     [POLY] Scanning Gamma API for BTC/ETH price-direction markets...
2026-04-30T12:45:24  INFO     [POLY] No BTC/ETH price-direction markets found within 24h (vol≥$10,000). Rescan in 120s. This is normal near daily UTC midnight when Polymarket's daily contracts have just settled and new ones are being created.
2026-04-30T12:47:24  INFO     [POLY] Scanning Gamma API for BTC/ETH price-direction markets...
2026-04-30T12:47:24  INFO     [POLY] No BTC/ETH price-direction markets found within 24h (vol≥$10,000). Rescan in 120s. This is normal near daily UTC midnight when Polymarket's daily contracts have just settled and new ones are being created.
2026-04-30T12:49:24  INFO     [POLY] Scanning Gamma API for BTC/ETH price-direction markets...
2026-04-30T12:49:25  INFO     [POLY] No BTC/ETH price-direction markets found within 24h (vol≥$10,000). Rescan in 120s. This is normal near daily UTC midnight when Polymarket's daily contracts have just settled and new ones are being created.
2026-04-30T12:51:25  INFO     [POLY] Scanning Gamma API for BTC/ETH price-direction markets...
2026-04-30T12:51:27  INFO     [POLY] No BTC/ETH price-direction markets found within 24h (vol≥$10,000). Rescan in 120s. This is normal near daily UTC midnight when Polymarket's daily contracts have just settled and new ones are being created.
2026-04-30T12:53:27  INFO     [POLY] Scanning Gamma API for BTC/ETH price-direction markets...
2026-04-30T12:53:28  INFO     [POLY] No BTC/ETH price-direction markets found within 24h (vol≥$10,000). Rescan in 120s. This is normal near daily UTC midnight when Polymarket's daily contracts have just settled and new ones are being created.
2026-04-30T12:55:28  INFO     [POLY] Scanning Gamma API for BTC/ETH price-direction markets...
2026-04-30T12:55:29  INFO     [POLY] No BTC/ETH price-direction markets found within 24h (vol≥$10,000). Rescan in 120s. This is normal near daily UTC midnight when Polymarket's daily contracts have just settled and new ones are being created.
2026-04-30T12:57:29  INFO     [POLY] Scanning Gamma API for BTC/ETH price-direction markets...
2026-04-30T12:57:31  INFO     [POLY] No BTC/ETH price-direction markets found within 24h (vol≥$10,000). Rescan in 120s. This is normal near daily UTC midnight when Polymarket's daily contracts have just settled and new ones are being created.
2026-04-30T12:59:31  INFO     [POLY] Scanning Gamma API for BTC/ETH price-direction markets...
2026-04-30T12:59:32  INFO     [POLY] No BTC/ETH price-direction markets found within 24h (vol≥$10,000). Rescan in 120s. This is normal near daily UTC midnight when Polymarket's daily contracts have just settled and new ones are being created.
2026-04-30T13:01:32  INFO     [POLY] Scanning Gamma API for BTC/ETH price-direction markets...
2026-04-30T13:01:32  INFO     [POLY] No BTC/ETH price-direction markets found within 24h (vol≥$10,000). Rescan in 120s. This is normal near daily UTC midnight when Polymarket's daily contracts have just settled and new ones are being created.
2026-04-30T13:03:32  INFO     [POLY] Scanning Gamma API for BTC/ETH price-direction markets...
2026-04-30T13:03:34  INFO     [POLY] No BTC/ETH price-direction markets found within 24h (vol≥$10,000). Rescan in 120s. This is normal near daily UTC midnight when Polymarket's daily contracts have just settled and new ones are being created.
2026-04-30T13:05:34  INFO     [POLY] Scanning Gamma API for BTC/ETH price-direction markets...
2026-04-30T13:05:35  INFO     [POLY] No BTC/ETH price-direction markets found within 24h (vol≥$10,000). Rescan in 120s. This is normal near daily UTC midnight when Polymarket's daily contracts have just settled and new ones are being created.
2026-04-30T13:07:35  INFO     [POLY] Scanning Gamma API for BTC/ETH price-direction markets...
2026-04-30T13:07:36  INFO     [POLY] No BTC/ETH price-direction markets found within 24h (vol≥$10,000). Rescan in 120s. This is normal near daily UTC midnight when Polymarket's daily contracts have just settled and new ones are being created.
2026-04-30T13:09:36  INFO     [POLY] Scanning Gamma API for BTC/ETH price-direction markets...
2026-04-30T13:09:38  INFO     [POLY] No BTC/ETH price-direction markets found within 24h (vol≥$10,000). Rescan in 120s. This is normal near daily UTC midnight when Polymarket's daily contracts have just settled and new ones are being created.
2026-04-30T13:11:38  INFO     [POLY] Scanning Gamma API for BTC/ETH price-direction markets...
2026-04-30T13:11:39  INFO     [POLY] No BTC/ETH price-direction markets found within 24h (vol≥$10,000). Rescan in 120s. This is normal near daily UTC midnight when Polymarket's daily contracts have just settled and new ones are being created.
2026-04-30T13:13:39  INFO     [POLY] Scanning Gamma API for BTC/ETH price-direction markets...
2026-04-30T13:13:39  INFO     [POLY] No BTC/ETH price-direction markets found within 24h (vol≥$10,000). Rescan in 120s. This is normal near daily UTC midnight when Polymarket's daily contracts have just settled and new ones are being created.
2026-04-30T13:15:39  INFO     [POLY] Scanning Gamma API for BTC/ETH price-direction markets...
2026-04-30T13:15:42  INFO     [POLY] No BTC/ETH price-direction markets found within 24h (vol≥$10,000). Rescan in 120s. This is normal near daily UTC midnight when Polymarket's daily contracts have just settled and new ones are being created.
2026-04-30T13:17:42  INFO     [POLY] Scanning Gamma API for BTC/ETH price-direction markets...
2026-04-30T13:17:42  INFO     [POLY] No BTC/ETH price-direction markets found within 24h (vol≥$10,000). Rescan in 120s. This is normal near daily UTC midnight when Polymarket's daily contracts have just settled and new ones are being created.
2026-04-30T13:19:42  INFO     [POLY] Scanning Gamma API for BTC/ETH price-direction markets...
2026-04-30T13:19:43  INFO     [POLY] No BTC/ETH price-direction markets found within 24h (vol≥$10,000). Rescan in 120s. This is normal near daily UTC midnight when Polymarket's daily contracts have just settled and new ones are being created.
2026-04-30T13:21:43  INFO     [POLY] Scanning Gamma API for BTC/ETH price-direction markets...
2026-04-30T13:21:45  INFO     [POLY] No BTC/ETH price-direction markets found within 24h (vol≥$10,000). Rescan in 120s. This is normal near daily UTC midnight when Polymarket's daily contracts have just settled and new ones are being created.
2026-04-30T13:23:45  INFO     [POLY] Scanning Gamma API for BTC/ETH price-direction markets...
2026-04-30T13:23:46  INFO     [POLY] No BTC/ETH price-direction markets found within 24h (vol≥$10,000). Rescan in 120s. This is normal near daily UTC midnight when Polymarket's daily contracts have just settled and new ones are being created.
2026-04-30T13:25:46  INFO     [POLY] Scanning Gamma API for BTC/ETH price-direction markets...
2026-04-30T13:25:47  INFO     [POLY] No BTC/ETH price-direction markets found within 24h (vol≥$10,000). Rescan in 120s. This is normal near daily UTC midnight when Polymarket's daily contracts have just settled and new ones are being created.
2026-04-30T13:27:47  INFO     [POLY] Scanning Gamma API for BTC/ETH price-direction markets...
2026-04-30T13:27:49  INFO     [POLY] No BTC/ETH price-direction markets found within 24h (vol≥$10,000). Rescan in 120s. This is normal near daily UTC midnight when Polymarket's daily contracts have just settled and new ones are being created.
2026-04-30T13:29:49  INFO     [POLY] Scanning Gamma API for BTC/ETH price-direction markets...
2026-04-30T13:29:49  INFO     [POLY] No BTC/ETH price-direction markets found within 24h (vol≥$10,000). Rescan in 120s. This is normal near daily UTC midnight when Polymarket's daily contracts have just settled and new ones are being created.
2026-04-30T13:31:49  INFO     [POLY] Scanning Gamma API for BTC/ETH price-direction markets...
2026-04-30T13:31:51  INFO     [POLY] No BTC/ETH price-direction markets found within 24h (vol≥$10,000). Rescan in 120s. This is normal near daily UTC midnight when Polymarket's daily contracts have just settled and new ones are being created.
2026-04-30T13:33:51  INFO     [POLY] Scanning Gamma API for BTC/ETH price-direction markets...
2026-04-30T13:33:52  INFO     [POLY] No BTC/ETH price-direction markets found within 24h (vol≥$10,000). Rescan in 120s. This is normal near daily UTC midnight when Polymarket's daily contracts have just settled and new ones are being created.
2026-04-30T13:35:52  INFO     [POLY] Scanning Gamma API for BTC/ETH price-direction markets...
2026-04-30T13:35:53  INFO     [POLY] No BTC/ETH price-direction markets found within 24h (vol≥$10,000). Rescan in 120s. This is normal near daily UTC midnight when Polymarket's daily contracts have just settled and new ones are being created.
2026-04-30T13:37:53  INFO     [POLY] Scanning Gamma API for BTC/ETH price-direction markets...
2026-04-30T13:37:54  INFO     [POLY] No BTC/ETH price-direction markets found within 24h (vol≥$10,000). Rescan in 120s. This is normal near daily UTC midnight when Polymarket's daily contracts have just settled and new ones are being created.
2026-04-30T13:39:54  INFO     [POLY] Scanning Gamma API for BTC/ETH price-direction markets...
2026-04-30T13:39:56  INFO     [POLY] No BTC/ETH price-direction markets found within 24h (vol≥$10,000). Rescan in 120s. This is normal near daily UTC midnight when Polymarket's daily contracts have just settled and new ones are being created.
2026-04-30T13:41:56  INFO     [POLY] Scanning Gamma API for BTC/ETH price-direction markets...
2026-04-30T13:41:57  INFO     [POLY] No BTC/ETH price-direction markets found within 24h (vol≥$10,000). Rescan in 120s. This is normal near daily UTC midnight when Polymarket's daily contracts have just settled and new ones are being created.
2026-04-30T13:43:57  INFO     [POLY] Scanning Gamma API for BTC/ETH price-direction markets...
2026-04-30T13:43:58  INFO     [POLY] No BTC/ETH price-direction markets found within 24h (vol≥$10,000). Rescan in 120s. This is normal near daily UTC midnight when Polymarket's daily contracts have just settled and new ones are being created.
2026-04-30T13:45:58  INFO     [POLY] Scanning Gamma API for BTC/ETH price-direction markets...
2026-04-30T13:46:00  INFO     [POLY] No BTC/ETH price-direction markets found within 24h (vol≥$10,000). Rescan in 120s. This is normal near daily UTC midnight when Polymarket's daily contracts have just settled and new ones are being created.
2026-04-30T13:48:00  INFO     [POLY] Scanning Gamma API for BTC/ETH price-direction markets...
2026-04-30T13:48:04  INFO     [POLY] No BTC/ETH price-direction markets found within 24h (vol≥$10,000). Rescan in 120s. This is normal near daily UTC midnight when Polymarket's daily contracts have just settled and new ones are being created.
2026-04-30T13:50:04  INFO     [POLY] Scanning Gamma API for BTC/ETH price-direction markets...
2026-04-30T13:50:05  INFO     [POLY] No BTC/ETH price-direction markets found within 24h (vol≥$10,000). Rescan in 120s. This is normal near daily UTC midnight when Polymarket's daily contracts have just settled and new ones are being created.
2026-04-30T13:52:05  INFO     [POLY] Scanning Gamma API for BTC/ETH price-direction markets...
2026-04-30T13:52:07  INFO     [POLY] No BTC/ETH price-direction markets found within 24h (vol≥$10,000). Rescan in 120s. This is normal near daily UTC midnight when Polymarket's daily contracts have just settled and new ones are being created.
2026-04-30T13:54:07  INFO     [POLY] Scanning Gamma API for BTC/ETH price-direction markets...
2026-04-30T13:54:08  INFO     [POLY] No BTC/ETH price-direction markets found within 24h (vol≥$10,000). Rescan in 120s. This is normal near daily UTC midnight when Polymarket's daily contracts have just settled and new ones are being created.
2026-04-30T13:56:08  INFO     [POLY] Scanning Gamma API for BTC/ETH price-direction markets...
2026-04-30T13:56:09  INFO     [POLY] No BTC/ETH price-direction markets found within 24h (vol≥$10,000). Rescan in 120s. This is normal near daily UTC midnight when Polymarket's daily contracts have just settled and new ones are being created.
2026-04-30T13:58:09  INFO     [POLY] Scanning Gamma API for BTC/ETH price-direction markets...
2026-04-30T13:58:11  INFO     [POLY] No BTC/ETH price-direction markets found within 24h (vol≥$10,000). Rescan in 120s. This is normal near daily UTC midnight when Polymarket's daily contracts have just settled and new ones are being created.
2026-04-30T14:00:11  INFO     [POLY] Scanning Gamma API for BTC/ETH price-direction markets...
2026-04-30T14:00:12  INFO     [POLY] No BTC/ETH price-direction markets found within 24h (vol≥$10,000). Rescan in 120s. This is normal near daily UTC midnight when Polymarket's daily contracts have just settled and new ones are being created.
2026-04-30T14:02:12  INFO     [POLY] Scanning Gamma API for BTC/ETH price-direction markets...
2026-04-30T14:02:13  INFO     [POLY] No BTC/ETH price-direction markets found within 24h (vol≥$10,000). Rescan in 120s. This is normal near daily UTC midnight when Polymarket's daily contracts have just settled and new ones are being created.
2026-04-30T14:04:13  INFO     [POLY] Scanning Gamma API for BTC/ETH price-direction markets...
2026-04-30T14:04:15  INFO     [POLY] No BTC/ETH price-direction markets found within 24h (vol≥$10,000). Rescan in 120s. This is normal near daily UTC midnight when Polymarket's daily contracts have just settled and new ones are being created.
2026-04-30T14:06:15  INFO     [POLY] Scanning Gamma API for BTC/ETH price-direction markets...
2026-04-30T14:06:15  INFO     [POLY] No BTC/ETH price-direction markets found within 24h (vol≥$10,000). Rescan in 120s. This is normal near daily UTC midnight when Polymarket's daily contracts have just settled and new ones are being created.
2026-04-30T14:08:15  INFO     [POLY] Scanning Gamma API for BTC/ETH price-direction markets...
2026-04-30T14:08:16  INFO     [POLY] No BTC/ETH price-direction markets found within 24h (vol≥$10,000). Rescan in 120s. This is normal near daily UTC midnight when Polymarket's daily contracts have just settled and new ones are being created.
2026-04-30T14:10:16  INFO     [POLY] Scanning Gamma API for BTC/ETH price-direction markets...
2026-04-30T14:10:18  INFO     [POLY] No BTC/ETH price-direction markets found within 24h (vol≥$10,000). Rescan in 120s. This is normal near daily UTC midnight when Polymarket's daily contracts have just settled and new ones are being created.
2026-04-30T14:12:18  INFO     [POLY] Scanning Gamma API for BTC/ETH price-direction markets...
2026-04-30T14:12:19  INFO     [POLY] No BTC/ETH price-direction markets found within 24h (vol≥$10,000). Rescan in 120s. This is normal near daily UTC midnight when Polymarket's daily contracts have just settled and new ones are being created.
2026-04-30T14:14:19  INFO     [POLY] Scanning Gamma API for BTC/ETH price-direction markets...
2026-04-30T14:14:20  INFO     [POLY] No BTC/ETH price-direction markets found within 24h (vol≥$10,000). Rescan in 120s. This is normal near daily UTC midnight when Polymarket's daily contracts have just settled and new ones are being created.
2026-04-30T14:16:20  INFO     [POLY] Scanning Gamma API for BTC/ETH price-direction markets...
2026-04-30T14:16:22  INFO     [POLY] No BTC/ETH price-direction markets found within 24h (vol≥$10,000). Rescan in 120s. This is normal near daily UTC midnight when Polymarket's daily contracts have just settled and new ones are being created.
2026-04-30T14:18:22  INFO     [POLY] Scanning Gamma API for BTC/ETH price-direction markets...
2026-04-30T14:18:23  INFO     [POLY] No BTC/ETH price-direction markets found within 24h (vol≥$10,000). Rescan in 120s. This is normal near daily UTC midnight when Polymarket's daily contracts have just settled and new ones are being created.
2026-04-30T14:20:23  INFO     [POLY] Scanning Gamma API for BTC/ETH price-direction markets...
2026-04-30T14:20:24  INFO     [POLY] No BTC/ETH price-direction markets found within 24h (vol≥$10,000). Rescan in 120s. This is normal near daily UTC midnight when Polymarket's daily contracts have just settled and new ones are being created.
2026-04-30T14:22:24  INFO     [POLY] Scanning Gamma API for BTC/ETH price-direction markets...
2026-04-30T14:22:26  INFO     [POLY] No BTC/ETH price-direction markets found within 24h (vol≥$10,000). Rescan in 120s. This is normal near daily UTC midnight when Polymarket's daily contracts have just settled and new ones are being created.
2026-04-30T14:24:26  INFO     [POLY] Scanning Gamma API for BTC/ETH price-direction markets...
2026-04-30T14:24:27  INFO     [POLY] No BTC/ETH price-direction markets found within 24h (vol≥$10,000). Rescan in 120s. This is normal near daily UTC midnight when Polymarket's daily contracts have just settled and new ones are being created.
2026-04-30T14:26:27  INFO     [POLY] Scanning Gamma API for BTC/ETH price-direction markets...
2026-04-30T14:26:27  INFO     [POLY] No BTC/ETH price-direction markets found within 24h (vol≥$10,000). Rescan in 120s. This is normal near daily UTC midnight when Polymarket's daily contracts have just settled and new ones are being created.
2026-04-30T14:28:27  INFO     [POLY] Scanning Gamma API for BTC/ETH price-direction markets...
2026-04-30T14:28:29  INFO     [POLY] No BTC/ETH price-direction markets found within 24h (vol≥$10,000). Rescan in 120s. This is normal near daily UTC midnight when Polymarket's daily contracts have just settled and new ones are being created.
2026-04-30T14:30:29  INFO     [POLY] Scanning Gamma API for BTC/ETH price-direction markets...
2026-04-30T14:30:30  INFO     [POLY] No BTC/ETH price-direction markets found within 24h (vol≥$10,000). Rescan in 120s. This is normal near daily UTC midnight when Polymarket's daily contracts have just settled and new ones are being created.
2026-04-30T14:32:30  INFO     [POLY] Scanning Gamma API for BTC/ETH price-direction markets...
2026-04-30T14:32:31  INFO     [POLY] No BTC/ETH price-direction markets found within 24h (vol≥$10,000). Rescan in 120s. This is normal near daily UTC midnight when Polymarket's daily contracts have just settled and new ones are being created.
2026-04-30T14:34:31  INFO     [POLY] Scanning Gamma API for BTC/ETH price-direction markets...
2026-04-30T14:34:33  INFO     [POLY] No BTC/ETH price-direction markets found within 24h (vol≥$10,000). Rescan in 120s. This is normal near daily UTC midnight when Polymarket's daily contracts have just settled and new ones are being created.
2026-04-30T14:36:33  INFO     [POLY] Scanning Gamma API for BTC/ETH price-direction markets...
2026-04-30T14:36:34  INFO     [POLY] No BTC/ETH price-direction markets found within 24h (vol≥$10,000). Rescan in 120s. This is normal near daily UTC midnight when Polymarket's daily contracts have just settled and new ones are being created.
2026-04-30T14:38:34  INFO     [POLY] Scanning Gamma API for BTC/ETH price-direction markets...
2026-04-30T14:38:35  INFO     [POLY] No BTC/ETH price-direction markets found within 24h (vol≥$10,000). Rescan in 120s. This is normal near daily UTC midnight when Polymarket's daily contracts have just settled and new ones are being created.
2026-04-30T14:40:35  INFO     [POLY] Scanning Gamma API for BTC/ETH price-direction markets...
2026-04-30T14:40:37  INFO     [POLY] No BTC/ETH price-direction markets found within 24h (vol≥$10,000). Rescan in 120s. This is normal near daily UTC midnight when Polymarket's daily contracts have just settled and new ones are being created.
2026-04-30T14:42:37  INFO     [POLY] Scanning Gamma API for BTC/ETH price-direction markets...
2026-04-30T14:42:38  INFO     [POLY] No BTC/ETH price-direction markets found within 24h (vol≥$10,000). Rescan in 120s. This is normal near daily UTC midnight when Polymarket's daily contracts have just settled and new ones are being created.
2026-04-30T14:44:38  INFO     [POLY] Scanning Gamma API for BTC/ETH price-direction markets...
2026-04-30T14:44:38  INFO     [POLY] No BTC/ETH price-direction markets found within 24h (vol≥$10,000). Rescan in 120s. This is normal near daily UTC midnight when Polymarket's daily contracts have just settled and new ones are being created.
2026-04-30T14:46:38  INFO     [POLY] Scanning Gamma API for BTC/ETH price-direction markets...
2026-04-30T14:46:41  INFO     [POLY] No BTC/ETH price-direction markets found within 24h (vol≥$10,000). Rescan in 120s. This is normal near daily UTC midnight when Polymarket's daily contracts have just settled and new ones are being created.
2026-04-30T14:48:41  INFO     [POLY] Scanning Gamma API for BTC/ETH price-direction markets...
2026-04-30T14:48:41  INFO     [POLY] No BTC/ETH price-direction markets found within 24h (vol≥$10,000). Rescan in 120s. This is normal near daily UTC midnight when Polymarket's daily contracts have just settled and new ones are being created.
2026-04-30T14:50:41  INFO     [POLY] Scanning Gamma API for BTC/ETH price-direction markets...
2026-04-30T14:50:42  INFO     [POLY] No BTC/ETH price-direction markets found within 24h (vol≥$10,000). Rescan in 120s. This is normal near daily UTC midnight when Polymarket's daily contracts have just settled and new ones are being created.
2026-04-30T14:52:42  INFO     [POLY] Scanning Gamma API for BTC/ETH price-direction markets...
2026-04-30T14:52:44  INFO     [POLY] No BTC/ETH price-direction markets found within 24h (vol≥$10,000). Rescan in 120s. This is normal near daily UTC midnight when Polymarket's daily contracts have just settled and new ones are being created.
2026-04-30T14:54:44  INFO     [POLY] Scanning Gamma API for BTC/ETH price-direction markets...
2026-04-30T14:54:45  INFO     [POLY] No BTC/ETH price-direction markets found within 24h (vol≥$10,000). Rescan in 120s. This is normal near daily UTC midnight when Polymarket's daily contracts have just settled and new ones are being created.
2026-04-30T14:56:45  INFO     [POLY] Scanning Gamma API for BTC/ETH price-direction markets...
2026-04-30T14:56:46  INFO     [POLY] No BTC/ETH price-direction markets found within 24h (vol≥$10,000). Rescan in 120s. This is normal near daily UTC midnight when Polymarket's daily contracts have just settled and new ones are being created.
2026-04-30T14:58:46  INFO     [POLY] Scanning Gamma API for BTC/ETH price-direction markets...
2026-04-30T14:58:48  INFO     [POLY] No BTC/ETH price-direction markets found within 24h (vol≥$10,000). Rescan in 120s. This is normal near daily UTC midnight when Polymarket's daily contracts have just settled and new ones are being created.
2026-04-30T15:00:48  INFO     [POLY] Scanning Gamma API for BTC/ETH price-direction markets...
2026-04-30T15:00:48  INFO     [POLY] No BTC/ETH price-direction markets found within 24h (vol≥$10,000). Rescan in 120s. This is normal near daily UTC midnight when Polymarket's daily contracts have just settled and new ones are being created.
2026-04-30T15:02:48  INFO     [POLY] Scanning Gamma API for BTC/ETH price-direction markets...
2026-04-30T15:02:49  INFO     [POLY] No BTC/ETH price-direction markets found within 24h (vol≥$10,000). Rescan in 120s. This is normal near daily UTC midnight when Polymarket's daily contracts have just settled and new ones are being created.
2026-04-30T15:04:49  INFO     [POLY] Scanning Gamma API for BTC/ETH price-direction markets...
2026-04-30T15:04:51  INFO     [POLY] No BTC/ETH price-direction markets found within 24h (vol≥$10,000). Rescan in 120s. This is normal near daily UTC midnight when Polymarket's daily contracts have just settled and new ones are being created.
2026-04-30T15:06:51  INFO     [POLY] Scanning Gamma API for BTC/ETH price-direction markets...
2026-04-30T15:06:52  INFO     [POLY] No BTC/ETH price-direction markets found within 24h (vol≥$10,000). Rescan in 120s. This is normal near daily UTC midnight when Polymarket's daily contracts have just settled and new ones are being created.
2026-04-30T15:08:52  INFO     [POLY] Scanning Gamma API for BTC/ETH price-direction markets...
2026-04-30T15:08:53  INFO     [POLY] No BTC/ETH price-direction markets found within 24h (vol≥$10,000). Rescan in 120s. This is normal near daily UTC midnight when Polymarket's daily contracts have just settled and new ones are being created.
2026-04-30T15:10:53  INFO     [POLY] Scanning Gamma API for BTC/ETH price-direction markets...
2026-04-30T15:10:55  INFO     [POLY] No BTC/ETH price-direction markets found within 24h (vol≥$10,000). Rescan in 120s. This is normal near daily UTC midnight when Polymarket's daily contracts have just settled and new ones are being created.
2026-04-30T15:12:55  INFO     [POLY] Scanning Gamma API for BTC/ETH price-direction markets...
2026-04-30T15:12:56  INFO     [POLY] No BTC/ETH price-direction markets found within 24h (vol≥$10,000). Rescan in 120s. This is normal near daily UTC midnight when Polymarket's daily contracts have just settled and new ones are being created.
2026-04-30T15:14:56  INFO     [POLY] Scanning Gamma API for BTC/ETH price-direction markets...
2026-04-30T15:14:57  INFO     [POLY] No BTC/ETH price-direction markets found within 24h (vol≥$10,000). Rescan in 120s. This is normal near daily UTC midnight when Polymarket's daily contracts have just settled and new ones are being created.
2026-04-30T15:16:57  INFO     [POLY] Scanning Gamma API for BTC/ETH price-direction markets...
2026-04-30T15:16:59  INFO     [POLY] No BTC/ETH price-direction markets found within 24h (vol≥$10,000). Rescan in 120s. This is normal near daily UTC midnight when Polymarket's daily contracts have just settled and new ones are being created.
2026-04-30T15:18:59  INFO     [POLY] Scanning Gamma API for BTC/ETH price-direction markets...
2026-04-30T15:19:00  INFO     [POLY] No BTC/ETH price-direction markets found within 24h (vol≥$10,000). Rescan in 120s. This is normal near daily UTC midnight when Polymarket's daily contracts have just settled and new ones are being created.
2026-04-30T15:21:00  INFO     [POLY] Scanning Gamma API for BTC/ETH price-direction markets...
2026-04-30T15:21:01  INFO     [POLY] No BTC/ETH price-direction markets found within 24h (vol≥$10,000). Rescan in 120s. This is normal near daily UTC midnight when Polymarket's daily contracts have just settled and new ones are being created.
2026-04-30T15:23:01  INFO     [POLY] Scanning Gamma API for BTC/ETH price-direction markets...
2026-04-30T15:23:04  INFO     [POLY] No BTC/ETH price-direction markets found within 24h (vol≥$10,000). Rescan in 120s. This is normal near daily UTC midnight when Polymarket's daily contracts have just settled and new ones are being created.
2026-04-30T15:25:04  INFO     [POLY] Scanning Gamma API for BTC/ETH price-direction markets...
2026-04-30T15:25:05  INFO     [POLY] No BTC/ETH price-direction markets found within 24h (vol≥$10,000). Rescan in 120s. This is normal near daily UTC midnight when Polymarket's daily contracts have just settled and new ones are being created.
2026-04-30T15:27:05  INFO     [POLY] Scanning Gamma API for BTC/ETH price-direction markets...
2026-04-30T15:27:06  INFO     [POLY] No BTC/ETH price-direction markets found within 24h (vol≥$10,000). Rescan in 120s. This is normal near daily UTC midnight when Polymarket's daily contracts have just settled and new ones are being created.
2026-04-30T15:29:06  INFO     [POLY] Scanning Gamma API for BTC/ETH price-direction markets...
2026-04-30T15:29:08  INFO     [POLY] No BTC/ETH price-direction markets found within 24h (vol≥$10,000). Rescan in 120s. This is normal near daily UTC midnight when Polymarket's daily contracts have just settled and new ones are being created.
2026-04-30T15:31:08  INFO     [POLY] Scanning Gamma API for BTC/ETH price-direction markets...
2026-04-30T15:31:09  INFO     [POLY] No BTC/ETH price-direction markets found within 24h (vol≥$10,000). Rescan in 120s. This is normal near daily UTC midnight when Polymarket's daily contracts have just settled and new ones are being created.
2026-04-30T15:33:09  INFO     [POLY] Scanning Gamma API for BTC/ETH price-direction markets...
2026-04-30T15:33:10  INFO     [POLY] No BTC/ETH price-direction markets found within 24h (vol≥$10,000). Rescan in 120s. This is normal near daily UTC midnight when Polymarket's daily contracts have just settled and new ones are being created.
2026-04-30T15:35:10  INFO     [POLY] Scanning Gamma API for BTC/ETH price-direction markets...
2026-04-30T15:35:12  INFO     [POLY] No BTC/ETH price-direction markets found within 24h (vol≥$10,000). Rescan in 120s. This is normal near daily UTC midnight when Polymarket's daily contracts have just settled and new ones are being created.
2026-04-30T15:37:12  INFO     [POLY] Scanning Gamma API for BTC/ETH price-direction markets...
2026-04-30T15:37:13  INFO     [POLY] No BTC/ETH price-direction markets found within 24h (vol≥$10,000). Rescan in 120s. This is normal near daily UTC midnight when Polymarket's daily contracts have just settled and new ones are being created.
2026-04-30T15:39:13  INFO     [POLY] Scanning Gamma API for BTC/ETH price-direction markets...
2026-04-30T15:39:14  INFO     [POLY] No BTC/ETH price-direction markets found within 24h (vol≥$10,000). Rescan in 120s. This is normal near daily UTC midnight when Polymarket's daily contracts have just settled and new ones are being created.
2026-04-30T15:41:14  INFO     [POLY] Scanning Gamma API for BTC/ETH price-direction markets...
2026-04-30T15:41:16  INFO     [POLY] No BTC/ETH price-direction markets found within 24h (vol≥$10,000). Rescan in 120s. This is normal near daily UTC midnight when Polymarket's daily contracts have just settled and new ones are being created.
2026-04-30T15:43:16  INFO     [POLY] Scanning Gamma API for BTC/ETH price-direction markets...
2026-04-30T15:43:17  INFO     [POLY] No BTC/ETH price-direction markets found within 24h (vol≥$10,000). Rescan in 120s. This is normal near daily UTC midnight when Polymarket's daily contracts have just settled and new ones are being created.
2026-04-30T15:45:17  INFO     [POLY] Scanning Gamma API for BTC/ETH price-direction markets...
2026-04-30T15:45:18  INFO     [POLY] No BTC/ETH price-direction markets found within 24h (vol≥$10,000). Rescan in 120s. This is normal near daily UTC midnight when Polymarket's daily contracts have just settled and new ones are being created.
2026-04-30T15:47:18  INFO     [POLY] Scanning Gamma API for BTC/ETH price-direction markets...
2026-04-30T15:47:20  INFO     [POLY] No BTC/ETH price-direction markets found within 24h (vol≥$10,000). Rescan in 120s. This is normal near daily UTC midnight when Polymarket's daily contracts have just settled and new ones are being created.
2026-04-30T15:49:20  INFO     [POLY] Scanning Gamma API for BTC/ETH price-direction markets...
2026-04-30T15:49:21  INFO     [POLY] No BTC/ETH price-direction markets found within 24h (vol≥$10,000). Rescan in 120s. This is normal near daily UTC midnight when Polymarket's daily contracts have just settled and new ones are being created.
2026-04-30T15:51:21  INFO     [POLY] Scanning Gamma API for BTC/ETH price-direction markets...
2026-04-30T15:51:21  INFO     [POLY] No BTC/ETH price-direction markets found within 24h (vol≥$10,000). Rescan in 120s. This is normal near daily UTC midnight when Polymarket's daily contracts have just settled and new ones are being created.
2026-04-30T15:53:21  INFO     [POLY] Scanning Gamma API for BTC/ETH price-direction markets...
2026-04-30T15:53:23  INFO     [POLY] No BTC/ETH price-direction markets found within 24h (vol≥$10,000). Rescan in 120s. This is normal near daily UTC midnight when Polymarket's daily contracts have just settled and new ones are being created.
2026-04-30T15:55:23  INFO     [POLY] Scanning Gamma API for BTC/ETH price-direction markets...
2026-04-30T15:55:24  INFO     [POLY] No BTC/ETH price-direction markets found within 24h (vol≥$10,000). Rescan in 120s. This is normal near daily UTC midnight when Polymarket's daily contracts have just settled and new ones are being created.
2026-04-30T15:57:24  INFO     [POLY] Scanning Gamma API for BTC/ETH price-direction markets...
2026-04-30T15:57:25  INFO     [POLY] No BTC/ETH price-direction markets found within 24h (vol≥$10,000). Rescan in 120s. This is normal near daily UTC midnight when Polymarket's daily contracts have just settled and new ones are being created.
2026-04-30T15:59:25  INFO     [POLY] Scanning Gamma API for BTC/ETH price-direction markets...
2026-04-30T15:59:27  INFO     [POLY] No BTC/ETH price-direction markets found within 24h (vol≥$10,000). Rescan in 120s. This is normal near daily UTC midnight when Polymarket's daily contracts have just settled and new ones are being created.
2026-04-30T16:01:27  INFO     [POLY] Scanning Gamma API for BTC/ETH price-direction markets...
2026-04-30T16:01:28  INFO     [POLY] No BTC/ETH price-direction markets found within 24h (vol≥$10,000). Rescan in 120s. This is normal near daily UTC midnight when Polymarket's daily contracts have just settled and new ones are being created.
2026-04-30T16:03:28  INFO     [POLY] Scanning Gamma API for BTC/ETH price-direction markets...
2026-04-30T16:03:29  INFO     [POLY] No BTC/ETH price-direction markets found within 24h (vol≥$10,000). Rescan in 120s. This is normal near daily UTC midnight when Polymarket's daily contracts have just settled and new ones are being created.
2026-04-30T16:05:29  INFO     [POLY] Scanning Gamma API for BTC/ETH price-direction markets...
2026-04-30T16:05:31  INFO     [POLY] No BTC/ETH price-direction markets found within 24h (vol≥$10,000). Rescan in 120s. This is normal near daily UTC midnight when Polymarket's daily contracts have just settled and new ones are being created.
2026-04-30T16:07:31  INFO     [POLY] Scanning Gamma API for BTC/ETH price-direction markets...
2026-04-30T16:07:31  INFO     [POLY] No BTC/ETH price-direction markets found within 24h (vol≥$10,000). Rescan in 120s. This is normal near daily UTC midnight when Polymarket's daily contracts have just settled and new ones are being created.
2026-04-30T16:09:31  INFO     [POLY] Scanning Gamma API for BTC/ETH price-direction markets...
2026-04-30T16:09:32  INFO     [POLY] No BTC/ETH price-direction markets found within 24h (vol≥$10,000). Rescan in 120s. This is normal near daily UTC midnight when Polymarket's daily contracts have just settled and new ones are being created.
2026-04-30T16:11:32  INFO     [POLY] Scanning Gamma API for BTC/ETH price-direction markets...
2026-04-30T16:11:34  INFO     [POLY] No BTC/ETH price-direction markets found within 24h (vol≥$10,000). Rescan in 120s. This is normal near daily UTC midnight when Polymarket's daily contracts have just settled and new ones are being created.
2026-04-30T16:13:34  INFO     [POLY] Scanning Gamma API for BTC/ETH price-direction markets...
2026-04-30T16:13:35  INFO     [POLY] No BTC/ETH price-direction markets found within 24h (vol≥$10,000). Rescan in 120s. This is normal near daily UTC midnight when Polymarket's daily contracts have just settled and new ones are being created.
2026-04-30T16:15:35  INFO     [POLY] Scanning Gamma API for BTC/ETH price-direction markets...
2026-04-30T16:15:36  INFO     [POLY] No BTC/ETH price-direction markets found within 24h (vol≥$10,000). Rescan in 120s. This is normal near daily UTC midnight when Polymarket's daily contracts have just settled and new ones are being created.
2026-04-30T16:17:36  INFO     [POLY] Scanning Gamma API for BTC/ETH price-direction markets...
2026-04-30T16:17:38  INFO     [POLY] No BTC/ETH price-direction markets found within 24h (vol≥$10,000). Rescan in 120s. This is normal near daily UTC midnight when Polymarket's daily contracts have just settled and new ones are being created.
2026-04-30T16:19:38  INFO     [POLY] Scanning Gamma API for BTC/ETH price-direction markets...
2026-04-30T16:19:39  INFO     [POLY] No BTC/ETH price-direction markets found within 24h (vol≥$10,000). Rescan in 120s. This is normal near daily UTC midnight when Polymarket's daily contracts have just settled and new ones are being created.
2026-04-30T16:21:39  INFO     [POLY] Scanning Gamma API for BTC/ETH price-direction markets...
2026-04-30T16:21:40  INFO     [POLY] No BTC/ETH price-direction markets found within 24h (vol≥$10,000). Rescan in 120s. This is normal near daily UTC midnight when Polymarket's daily contracts have just settled and new ones are being created.
2026-04-30T16:23:05  INFO     Logging to /Users/jackson/kalshi-bot/polymarket.log
2026-04-30T16:23:05  INFO     =================================================================
2026-04-30T16:23:05  INFO     Kalshi Bot — Path D: Polymarket BTC Up/Down Latency Arb
2026-04-30T16:23:05  INFO     Mode:         PAPER
2026-04-30T16:23:05  INFO     Market:       btc-updown-5m-{window_ts}  (deterministic 5-min slug)
2026-04-30T16:23:05  INFO     BTC signal:   ≥0.3% move in 10s via Coinbase feed
2026-04-30T16:23:05  INFO     Stale check:  UP best_ask must not move >1¢ in 30s
2026-04-30T16:23:05  INFO     Poll rate:    every 2s | hard-close: last 30s of window
2026-04-30T16:23:05  INFO     Order size:   $50 USDC per trade
2026-04-30T16:23:05  INFO     Data:         Gamma API (slug lookup) + CLOB /book (order books) — public, no auth
2026-04-30T16:23:05  INFO     Trade log:    /Users/jackson/kalshi-bot/polymarket_trades.jsonl
2026-04-30T16:23:05  INFO     =================================================================
2026-04-30T16:23:05  INFO     Coinbase BTC/USD feed started
2026-04-30T16:23:05  INFO     Deriving Polymarket L2 credentials via L1 EIP-712 signing...
2026-04-30T16:23:05  WARNING  py_clob_client_v2 not installed — install with: pip install py_clob_client_v2
Live trading unavailable until installed.
2026-04-30T16:23:05  INFO     [POLY] Fetching market: btc-updown-5m-1777580400 (185s into window, 115s left)
2026-04-30T16:23:05  INFO     [POLY] ✓ Market loaded: 'Bitcoin Up or Down - April 30, 4:20PM-4:25PM ET'
         vol=$827.59 | UP  bid=0.9800 ask=0.9900 (99.0¢)
         DN  bid=0.0100 ask=0.0200 (2.0¢) | 115s left in window
2026-04-30T16:23:05  INFO     [POLY] ── Window: 'Bitcoin Up or Down - April 30, 4:20PM-4:25PM ET' | vol=$827.59 | 115s left
2026-04-30T16:23:05  INFO     [20:23:05] [POLY] UP bid=0.980 ask=0.990 | DN bid=0.010 ask=0.030 | BTC Δ+0.000% (10s) | 115s left
2026-04-30T16:23:07  INFO     [20:23:07] [POLY] UP bid=0.970 ask=0.980 | DN bid=0.020 ask=0.030 | BTC Δ+0.000% (10s) | 112s left
2026-04-30T16:23:10  INFO     [20:23:09] [POLY] UP bid=0.980 ask=0.990 | DN bid=0.010 ask=0.020 | BTC Δ-0.013% (10s) | 110s left
2026-04-30T16:23:12  INFO     [20:23:12] [POLY] UP bid=0.970 ask=0.980 | DN bid=0.020 ask=0.030 | BTC Δ-0.006% (10s) | 108s left
2026-04-30T16:23:14  INFO     [20:23:14] [POLY] UP bid=0.970 ask=0.980 | DN bid=0.020 ask=0.030 | BTC Δ-0.006% (10s) | 106s left
2026-04-30T16:23:16  INFO     [20:23:16] [POLY] UP bid=0.970 ask=0.980 | DN bid=0.020 ask=0.030 | BTC Δ-0.023% (10s) | 104s left
2026-04-30T16:23:18  INFO     [20:23:18] [POLY] UP bid=0.970 ask=0.980 | DN bid=0.020 ask=0.030 | BTC Δ-0.031% (10s) | 101s left
2026-04-30T16:23:21  INFO     [20:23:20] [POLY] UP bid=0.960 ask=0.970 | DN bid=0.030 ask=0.040 | BTC Δ-0.022% (10s) | 99s left
2026-04-30T16:23:23  INFO     [20:23:23] [POLY] UP bid=0.950 ask=0.970 | DN bid=0.040 ask=0.050 | BTC Δ-0.024% (10s) | 97s left
2026-04-30T16:23:25  INFO     [20:23:25] [POLY] UP bid=0.960 ask=0.970 | DN bid=0.030 ask=0.040 | BTC Δ-0.014% (10s) | 95s left
2026-04-30T16:23:27  INFO     [20:23:27] [POLY] UP bid=0.960 ask=0.970 | DN bid=0.030 ask=0.040 | BTC Δ-0.009% (10s) | 93s left
2026-04-30T16:23:29  INFO     [20:23:29] [POLY] UP bid=0.970 ask=0.980 | DN bid=0.020 ask=0.030 | BTC Δ-0.003% (10s) | 90s left
2026-04-30T16:23:32  INFO     [20:23:31] [POLY] UP bid=0.970 ask=0.980 | DN bid=0.020 ask=0.030 | BTC Δ+0.010% (10s) | 88s left
2026-04-30T16:23:34  INFO     [20:23:34] [POLY] UP bid=0.970 ask=0.980 | DN bid=0.020 ask=0.030 | BTC Δ+0.022% (10s) | 86s left
2026-04-30T16:23:36  INFO     [20:23:36] [POLY] UP bid=0.980 ask=0.990 | DN bid=0.010 ask=0.020 | BTC Δ+0.014% (10s) | 84s left
2026-04-30T16:23:40  INFO     [POLY] Scanning Gamma API for BTC/ETH price-direction markets...
2026-04-30T16:23:42  INFO     [POLY] No BTC/ETH price-direction markets found within 24h (vol≥$10,000). Rescan in 120s. This is normal near daily UTC midnight when Polymarket's daily contracts have just settled and new ones are being created.
2026-04-30T16:24:43  INFO     Logging to /Users/jackson/kalshi-bot/polymarket.log
2026-04-30T16:24:43  INFO     =================================================================
2026-04-30T16:24:43  INFO     Kalshi Bot — Path D: Polymarket BTC Up/Down Latency Arb
2026-04-30T16:24:43  INFO     Mode:         PAPER
2026-04-30T16:24:43  INFO     Market:       btc-updown-5m-{window_ts}  (deterministic 5-min slug)
2026-04-30T16:24:43  INFO     BTC signal:   ≥0.3% move in 10s via Coinbase feed
2026-04-30T16:24:43  INFO     Stale check:  UP best_ask must not move >1¢ in 30s
2026-04-30T16:24:43  INFO     Poll rate:    every 2s | hard-close: last 30s of window
2026-04-30T16:24:43  INFO     Order size:   $50 USDC per trade
2026-04-30T16:24:43  INFO     Data:         Gamma API (slug lookup) + CLOB /book (order books) — public, no auth
2026-04-30T16:24:43  INFO     Trade log:    /Users/jackson/kalshi-bot/polymarket_trades.jsonl
2026-04-30T16:24:43  INFO     =================================================================
2026-04-30T16:24:43  INFO     Coinbase BTC/USD feed started
2026-04-30T16:24:43  INFO     Deriving Polymarket L2 credentials via L1 EIP-712 signing...
2026-04-30T16:24:43  WARNING  py_clob_client_v2 not installed — install with: pip install py_clob_client_v2
Live trading unavailable until installed.
2026-04-30T16:24:43  INFO     [POLY] Fetching market: btc-updown-5m-1777580400 (283s into window, 17s left)
2026-04-30T16:24:43  WARNING  [POLY] Could not read order book for btc-updown-5m-1777580400
2026-04-30T16:24:43  INFO     [POLY] ── Window: 'Bitcoin Up or Down - April 30, 4:20PM-4:25PM ET' | vol=$827.59 | 17s left
2026-04-30T16:25:00  INFO     [20:25:00] [POLY] Window closed — no position held
2026-04-30T16:25:02  INFO     [POLY] Fetching market: btc-updown-5m-1777580700 (2s into window, 298s left)
2026-04-30T16:25:03  INFO     [POLY] ✓ Market loaded: 'Bitcoin Up or Down - April 30, 4:25PM-4:30PM ET'
         vol=$193.18 | UP  bid=0.4600 ask=0.4700 (47.0¢)
         DN  bid=0.5300 ask=0.5400 (54.0¢) | 298s left in window
2026-04-30T16:25:03  INFO     [POLY] ── Window: 'Bitcoin Up or Down - April 30, 4:25PM-4:30PM ET' | vol=$193.18 | 297s left
2026-04-30T16:25:03  INFO     [20:25:03] [POLY] UP bid=0.460 ask=0.470 | DN bid=0.510 ask=0.530 | BTC Δ-0.023% (10s) | 297s left
2026-04-30T16:25:05  INFO     [20:25:05] [POLY] UP bid=0.480 ask=0.490 | DN bid=0.510 ask=0.520 | BTC Δ-0.016% (10s) | 295s left
2026-04-30T16:25:07  INFO     [20:25:07] [POLY] UP bid=0.480 ask=0.490 | DN bid=0.510 ask=0.520 | BTC Δ-0.001% (10s) | 292s left
2026-04-30T16:25:09  INFO     [20:25:09] [POLY] UP bid=0.480 ask=0.490 | DN bid=0.510 ask=0.520 | BTC Δ-0.001% (10s) | 290s left
2026-04-30T16:25:12  INFO     [20:25:11] [POLY] UP bid=0.410 ask=0.420 | DN bid=0.590 ask=0.600 | BTC Δ-0.029% (10s) | 288s left
2026-04-30T16:25:14  INFO     [20:25:14] [POLY] UP bid=0.400 ask=0.410 | DN bid=0.590 ask=0.600 | BTC Δ-0.029% (10s) | 286s left
2026-04-30T16:25:16  INFO     [20:25:16] [POLY] UP bid=0.400 ask=0.410 | DN bid=0.590 ask=0.600 | BTC Δ-0.026% (10s) | 284s left
2026-04-30T16:25:18  INFO     [20:25:18] [POLY] UP bid=0.400 ask=0.410 | DN bid=0.590 ask=0.600 | BTC Δ-0.026% (10s) | 281s left
2026-04-30T16:25:20  INFO     [20:25:20] [POLY] UP bid=0.390 ask=0.400 | DN bid=0.600 ask=0.610 | BTC Δ+0.004% (10s) | 279s left
2026-04-30T16:25:23  INFO     [20:25:22] [POLY] UP bid=0.390 ask=0.400 | DN bid=0.600 ask=0.610 | BTC Δ+0.004% (10s) | 277s left
2026-04-30T16:25:25  INFO     [20:25:25] [POLY] UP bid=0.410 ask=0.420 | DN bid=0.580 ask=0.590 | BTC Δ+0.014% (10s) | 275s left
2026-04-30T16:25:27  INFO     [20:25:27] [POLY] UP bid=0.410 ask=0.420 | DN bid=0.580 ask=0.590 | BTC Δ+0.014% (10s) | 273s left
2026-04-30T16:25:29  INFO     [20:25:29] [POLY] UP bid=0.410 ask=0.420 | DN bid=0.580 ask=0.590 | BTC Δ+0.014% (10s) | 270s left
2026-04-30T16:25:31  INFO     [20:25:31] [POLY] UP bid=0.400 ask=0.410 | DN bid=0.590 ask=0.600 | BTC Δ+0.009% (10s) | 268s left
2026-04-30T16:25:34  INFO     [20:25:33] [POLY] UP bid=0.390 ask=0.400 | DN bid=0.600 ask=0.610 | BTC Δ-0.005% (10s) | 266s left
2026-04-30T16:25:36  INFO     [20:25:36] [POLY] UP bid=0.390 ask=0.400 | DN bid=0.600 ask=0.610 | BTC Δ-0.005% (10s) | 264s left
2026-04-30T16:25:38  INFO     [20:25:38] [POLY] UP bid=0.400 ask=0.410 | DN bid=0.590 ask=0.600 | BTC Δ-0.005% (10s) | 262s left
2026-04-30T16:25:40  INFO     [20:25:40] [POLY] UP bid=0.400 ask=0.410 | DN bid=0.580 ask=0.590 | BTC Δ+0.000% (10s) | 260s left
2026-04-30T16:25:42  INFO     [20:25:42] [POLY] UP bid=0.410 ask=0.420 | DN bid=0.580 ask=0.590 | BTC Δ+0.000% (10s) | 257s left
2026-04-30T16:25:45  INFO     [20:25:44] [POLY] UP bid=0.400 ask=0.410 | DN bid=0.590 ask=0.600 | BTC Δ+0.000% (10s) | 255s left
2026-04-30T16:25:47  INFO     [20:25:47] [POLY] UP bid=0.390 ask=0.400 | DN bid=0.600 ask=0.610 | BTC Δ+0.000% (10s) | 253s left
2026-04-30T16:25:49  INFO     [20:25:49] [POLY] UP bid=0.380 ask=0.390 | DN bid=0.610 ask=0.620 | BTC Δ+0.000% (10s) | 251s left
2026-04-30T16:25:51  INFO     [20:25:51] [POLY] UP bid=0.390 ask=0.400 | DN bid=0.600 ask=0.610 | BTC Δ+0.000% (10s) | 248s left
2026-04-30T16:25:53  INFO     [20:25:53] [POLY] UP bid=0.390 ask=0.400 | DN bid=0.610 ask=0.620 | BTC Δ+0.000% (10s) | 246s left
2026-04-30T16:25:56  INFO     [20:25:55] [POLY] UP bid=0.390 ask=0.400 | DN bid=0.600 ask=0.610 | BTC Δ+0.000% (10s) | 244s left
2026-04-30T16:25:58  INFO     [20:25:58] [POLY] UP bid=0.390 ask=0.400 | DN bid=0.600 ask=0.610 | BTC Δ+0.000% (10s) | 242s left
2026-04-30T16:26:00  INFO     [20:26:00] [POLY] UP bid=0.390 ask=0.400 | DN bid=0.590 ask=0.600 | BTC Δ+0.000% (10s) | 240s left
2026-04-30T16:26:02  INFO     [20:26:02] [POLY] UP bid=0.400 ask=0.410 | DN bid=0.590 ask=0.600 | BTC Δ+0.008% (10s) | 238s left
2026-04-30T16:26:04  INFO     [20:26:04] [POLY] UP bid=0.410 ask=0.420 | DN bid=0.580 ask=0.590 | BTC Δ+0.008% (10s) | 235s left
2026-04-30T16:26:07  INFO     [20:26:06] [POLY] UP bid=0.490 ask=0.500 | DN bid=0.500 ask=0.510 | BTC Δ+0.017% (10s) | 233s left
2026-04-30T16:26:09  INFO     [20:26:09] [POLY] UP bid=0.530 ask=0.540 | DN bid=0.460 ask=0.470 | BTC Δ+0.017% (10s) | 231s left
2026-04-30T16:26:11  INFO     [20:26:11] [POLY] UP bid=0.530 ask=0.540 | DN bid=0.460 ask=0.470 | BTC Δ+0.022% (10s) | 229s left
2026-04-30T16:26:13  INFO     [20:26:13] [POLY] UP bid=0.550 ask=0.560 | DN bid=0.410 ask=0.450 | BTC Δ+0.022% (10s) | 227s left
2026-04-30T16:26:15  INFO     [20:26:15] [POLY] UP bid=0.590 ask=0.600 | DN bid=0.400 ask=0.410 | BTC Δ+0.021% (10s) | 224s left
2026-04-30T16:26:18  INFO     [20:26:17] [POLY] UP bid=0.600 ask=0.610 | DN bid=0.390 ask=0.400 | BTC Δ+0.022% (10s) | 222s left
2026-04-30T16:26:20  INFO     [20:26:20] [POLY] UP bid=0.610 ask=0.620 | DN bid=0.380 ask=0.390 | BTC Δ+0.010% (10s) | 220s left
2026-04-30T16:26:22  INFO     [20:26:22] [POLY] UP bid=0.520 ask=0.530 | DN bid=0.470 ask=0.480 | BTC Δ-0.009% (10s) | 218s left
2026-04-30T16:26:24  INFO     [20:26:24] [POLY] UP bid=0.480 ask=0.490 | DN bid=0.510 ask=0.520 | BTC Δ-0.016% (10s) | 216s left
2026-04-30T16:26:26  INFO     [20:26:26] [POLY] UP bid=0.480 ask=0.490 | DN bid=0.510 ask=0.520 | BTC Δ-0.017% (10s) | 213s left
2026-04-30T16:26:29  INFO     [20:26:28] [POLY] UP bid=0.480 ask=0.490 | DN bid=0.510 ask=0.520 | BTC Δ-0.019% (10s) | 211s left
2026-04-30T16:26:31  INFO     [20:26:31] [POLY] UP bid=0.480 ask=0.490 | DN bid=0.510 ask=0.520 | BTC Δ-0.005% (10s) | 209s left
2026-04-30T16:26:33  INFO     [20:26:33] [POLY] UP bid=0.480 ask=0.490 | DN bid=0.510 ask=0.520 | BTC Δ-0.001% (10s) | 207s left
2026-04-30T16:26:35  INFO     [20:26:35] [POLY] UP bid=0.480 ask=0.490 | DN bid=0.510 ask=0.520 | BTC Δ+0.000% (10s) | 205s left
2026-04-30T16:26:37  INFO     [20:26:37] [POLY] UP bid=0.460 ask=0.470 | DN bid=0.530 ask=0.540 | BTC Δ-0.000% (10s) | 202s left
2026-04-30T16:26:40  INFO     [20:26:39] [POLY] UP bid=0.460 ask=0.470 | DN bid=0.530 ask=0.540 | BTC Δ-0.002% (10s) | 200s left
2026-04-30T16:26:42  INFO     [20:26:42] [POLY] UP bid=0.460 ask=0.470 | DN bid=0.530 ask=0.540 | BTC Δ-0.002% (10s) | 198s left
2026-04-30T16:26:44  INFO     [20:26:44] [POLY] UP bid=0.480 ask=0.500 | DN bid=0.500 ask=0.510 | BTC Δ-0.002% (10s) | 196s left
2026-04-30T16:26:46  INFO     [20:26:46] [POLY] UP bid=0.510 ask=0.520 | DN bid=0.480 ask=0.490 | BTC Δ+0.000% (10s) | 193s left
2026-04-30T16:26:48  INFO     [20:26:48] [POLY] UP bid=0.540 ask=0.550 | DN bid=0.450 ask=0.460 | BTC Δ+0.002% (10s) | 191s left
2026-04-30T16:26:51  INFO     [20:26:50] [POLY] UP bid=0.550 ask=0.560 | DN bid=0.440 ask=0.450 | BTC Δ+0.002% (10s) | 189s left
2026-04-30T16:26:53  INFO     [20:26:53] [POLY] UP bid=0.540 ask=0.550 | DN bid=0.450 ask=0.460 | BTC Δ+0.002% (10s) | 187s left
2026-04-30T16:26:55  INFO     [20:26:55] [POLY] UP bid=0.540 ask=0.550 | DN bid=0.450 ask=0.460 | BTC Δ+0.000% (10s) | 185s left
2026-04-30T16:26:57  INFO     [20:26:57] [POLY] UP bid=0.540 ask=0.550 | DN bid=0.450 ask=0.460 | BTC Δ+0.000% (10s) | 182s left
2026-04-30T16:26:59  INFO     [20:26:59] [POLY] UP bid=0.540 ask=0.550 | DN bid=0.450 ask=0.460 | BTC Δ+0.009% (10s) | 180s left
2026-04-30T16:27:02  INFO     [20:27:01] [POLY] UP bid=0.540 ask=0.550 | DN bid=0.450 ask=0.460 | BTC Δ+0.009% (10s) | 178s left
2026-04-30T16:27:04  INFO     [20:27:04] [POLY] UP bid=0.540 ask=0.550 | DN bid=0.450 ask=0.460 | BTC Δ+0.009% (10s) | 176s left
2026-04-30T16:27:06  INFO     [20:27:06] [POLY] UP bid=0.540 ask=0.550 | DN bid=0.450 ask=0.460 | BTC Δ+0.009% (10s) | 174s left
2026-04-30T16:27:08  INFO     [20:27:08] [POLY] UP bid=0.530 ask=0.540 | DN bid=0.460 ask=0.470 | BTC Δ+0.005% (10s) | 172s left
2026-04-30T16:27:10  INFO     [20:27:10] [POLY] UP bid=0.540 ask=0.550 | DN bid=0.450 ask=0.460 | BTC Δ-0.003% (10s) | 169s left
2026-04-30T16:27:13  INFO     [20:27:12] [POLY] UP bid=0.550 ask=0.560 | DN bid=0.440 ask=0.450 | BTC Δ-0.003% (10s) | 167s left
2026-04-30T16:27:15  INFO     [20:27:15] [POLY] UP bid=0.550 ask=0.560 | DN bid=0.440 ask=0.450 | BTC Δ-0.003% (10s) | 165s left
2026-04-30T16:27:17  INFO     [20:27:17] [POLY] UP bid=0.540 ask=0.550 | DN bid=0.450 ask=0.460 | BTC Δ-0.001% (10s) | 163s left
2026-04-30T16:27:19  INFO     [20:27:19] [POLY] UP bid=0.560 ask=0.570 | DN bid=0.430 ask=0.440 | BTC Δ+0.002% (10s) | 161s left
2026-04-30T16:27:21  INFO     [20:27:21] [POLY] UP bid=0.580 ask=0.590 | DN bid=0.400 ask=0.410 | BTC Δ+0.001% (10s) | 158s left
2026-04-30T16:27:24  INFO     [20:27:23] [POLY] UP bid=0.620 ask=0.630 | DN bid=0.370 ask=0.380 | BTC Δ+0.017% (10s) | 156s left
2026-04-30T16:27:26  INFO     [20:27:26] [POLY] UP bid=0.620 ask=0.630 | DN bid=0.370 ask=0.380 | BTC Δ+0.017% (10s) | 154s left
2026-04-30T16:27:28  INFO     [20:27:28] [POLY] UP bid=0.610 ask=0.620 | DN bid=0.380 ask=0.390 | BTC Δ+0.016% (10s) | 152s left
2026-04-30T16:27:30  INFO     [20:27:30] [POLY] UP bid=0.600 ask=0.610 | DN bid=0.390 ask=0.400 | BTC Δ+0.010% (10s) | 150s left
2026-04-30T16:27:32  INFO     [20:27:32] [POLY] UP bid=0.580 ask=0.590 | DN bid=0.410 ask=0.420 | BTC Δ-0.004% (10s) | 147s left
2026-04-30T16:27:35  INFO     [20:27:34] [POLY] UP bid=0.580 ask=0.590 | DN bid=0.410 ask=0.420 | BTC Δ-0.010% (10s) | 145s left
2026-04-30T16:27:37  INFO     [20:27:37] [POLY] UP bid=0.580 ask=0.590 | DN bid=0.410 ask=0.420 | BTC Δ-0.010% (10s) | 143s left
2026-04-30T16:27:39  INFO     [20:27:39] [POLY] UP bid=0.580 ask=0.590 | DN bid=0.410 ask=0.420 | BTC Δ-0.009% (10s) | 141s left
2026-04-30T16:27:41  INFO     [20:27:41] [POLY] UP bid=0.580 ask=0.590 | DN bid=0.410 ask=0.420 | BTC Δ+0.000% (10s) | 139s left
2026-04-30T16:27:43  INFO     [20:27:43] [POLY] UP bid=0.570 ask=0.580 | DN bid=0.420 ask=0.430 | BTC Δ-0.005% (10s) | 136s left
2026-04-30T16:27:46  INFO     [20:27:45] [POLY] UP bid=0.580 ask=0.590 | DN bid=0.410 ask=0.420 | BTC Δ+0.000% (10s) | 134s left
2026-04-30T16:27:48  INFO     [20:27:48] [POLY] UP bid=0.590 ask=0.600 | DN bid=0.400 ask=0.410 | BTC Δ+0.000% (10s) | 132s left
2026-04-30T16:27:50  INFO     [20:27:50] [POLY] UP bid=0.580 ask=0.590 | DN bid=0.410 ask=0.420 | BTC Δ+0.000% (10s) | 130s left
2026-04-30T16:27:52  INFO     [20:27:52] [POLY] UP bid=0.590 ask=0.600 | DN bid=0.400 ask=0.410 | BTC Δ+0.005% (10s) | 127s left
2026-04-30T16:27:54  INFO     [20:27:54] [POLY] UP bid=0.590 ask=0.600 | DN bid=0.400 ask=0.410 | BTC Δ+0.004% (10s) | 125s left
2026-04-30T16:27:57  INFO     [20:27:56] [POLY] UP bid=0.610 ask=0.620 | DN bid=0.380 ask=0.390 | BTC Δ+0.000% (10s) | 123s left
2026-04-30T16:27:59  INFO     [20:27:59] [POLY] UP bid=0.610 ask=0.620 | DN bid=0.370 ask=0.380 | BTC Δ+0.000% (10s) | 121s left
2026-04-30T16:28:01  INFO     [20:28:01] [POLY] UP bid=0.620 ask=0.630 | DN bid=0.370 ask=0.380 | BTC Δ+0.000% (10s) | 119s left
2026-04-30T16:28:03  INFO     [20:28:03] [POLY] UP bid=0.630 ask=0.640 | DN bid=0.360 ask=0.370 | BTC Δ+0.000% (10s) | 116s left
2026-04-30T16:28:05  INFO     [20:28:05] [POLY] UP bid=0.630 ask=0.640 | DN bid=0.360 ask=0.370 | BTC Δ+0.000% (10s) | 114s left
2026-04-30T16:28:08  INFO     [20:28:07] [POLY] UP bid=0.630 ask=0.640 | DN bid=0.360 ask=0.370 | BTC Δ+0.000% (10s) | 112s left
2026-04-30T16:28:10  INFO     [20:28:10] [POLY] UP bid=0.630 ask=0.640 | DN bid=0.360 ask=0.370 | BTC Δ+0.004% (10s) | 110s left
2026-04-30T16:28:12  INFO     [20:28:12] [POLY] UP bid=0.640 ask=0.650 | DN bid=0.350 ask=0.360 | BTC Δ+0.004% (10s) | 108s left
2026-04-30T16:28:14  INFO     [20:28:14] [POLY] UP bid=0.640 ask=0.650 | DN bid=0.350 ask=0.360 | BTC Δ+0.004% (10s) | 106s left
2026-04-30T16:28:16  INFO     [20:28:16] [POLY] UP bid=0.650 ask=0.660 | DN bid=0.340 ask=0.350 | BTC Δ+0.004% (10s) | 103s left
2026-04-30T16:28:19  INFO     [20:28:18] [POLY] UP bid=0.660 ask=0.670 | DN bid=0.330 ask=0.340 | BTC Δ+0.004% (10s) | 101s left
2026-04-30T16:28:21  INFO     [20:28:21] [POLY] UP bid=0.660 ask=0.670 | DN bid=0.330 ask=0.340 | BTC Δ+0.000% (10s) | 99s left
2026-04-30T16:28:23  INFO     [20:28:23] [POLY] UP bid=0.660 ask=0.670 | DN bid=0.330 ask=0.340 | BTC Δ+0.000% (10s) | 97s left
2026-04-30T16:28:25  INFO     [20:28:25] [POLY] UP bid=0.670 ask=0.680 | DN bid=0.320 ask=0.330 | BTC Δ+0.000% (10s) | 95s left
2026-04-30T16:28:27  INFO     [20:28:27] [POLY] UP bid=0.660 ask=0.670 | DN bid=0.330 ask=0.340 | BTC Δ+0.000% (10s) | 92s left
2026-04-30T16:28:30  INFO     [20:28:29] [POLY] UP bid=0.680 ask=0.690 | DN bid=0.310 ask=0.320 | BTC Δ+0.006% (10s) | 90s left
2026-04-30T16:28:32  INFO     [20:28:32] [POLY] UP bid=0.690 ask=0.700 | DN bid=0.300 ask=0.310 | BTC Δ+0.006% (10s) | 88s left
2026-04-30T16:28:34  INFO     [20:28:34] [POLY] UP bid=0.700 ask=0.710 | DN bid=0.290 ask=0.300 | BTC Δ+0.006% (10s) | 86s left
2026-04-30T16:28:36  INFO     [20:28:36] [POLY] UP bid=0.710 ask=0.720 | DN bid=0.280 ask=0.290 | BTC Δ+0.006% (10s) | 84s left
2026-04-30T16:28:38  INFO     [20:28:38] [POLY] UP bid=0.700 ask=0.710 | DN bid=0.290 ask=0.300 | BTC Δ+0.006% (10s) | 81s left
2026-04-30T16:28:41  INFO     [20:28:40] [POLY] UP bid=0.710 ask=0.720 | DN bid=0.280 ask=0.290 | BTC Δ+0.000% (10s) | 79s left
2026-04-30T16:28:43  INFO     [20:28:43] [POLY] UP bid=0.710 ask=0.720 | DN bid=0.280 ask=0.290 | BTC Δ+0.000% (10s) | 77s left
2026-04-30T16:28:45  INFO     [20:28:45] [POLY] UP bid=0.710 ask=0.720 | DN bid=0.280 ask=0.290 | BTC Δ-0.004% (10s) | 75s left
2026-04-30T16:28:47  INFO     [20:28:47] [POLY] UP bid=0.720 ask=0.730 | DN bid=0.270 ask=0.280 | BTC Δ-0.003% (10s) | 73s left
2026-04-30T16:28:49  INFO     [20:28:49] [POLY] UP bid=0.720 ask=0.730 | DN bid=0.270 ask=0.280 | BTC Δ-0.003% (10s) | 70s left
2026-04-30T16:28:52  INFO     [20:28:51] [POLY] UP bid=0.730 ask=0.740 | DN bid=0.260 ask=0.270 | BTC Δ-0.003% (10s) | 68s left
2026-04-30T16:28:54  INFO     [20:28:54] [POLY] UP bid=0.730 ask=0.740 | DN bid=0.260 ask=0.270 | BTC Δ+0.005% (10s) | 66s left
2026-04-30T16:28:56  INFO     [20:28:56] [POLY] UP bid=0.700 ask=0.710 | DN bid=0.300 ask=0.310 | BTC Δ-0.003% (10s) | 64s left
2026-04-30T16:28:58  INFO     [20:28:58] [POLY] UP bid=0.690 ask=0.700 | DN bid=0.300 ask=0.310 | BTC Δ-0.003% (10s) | 62s left
2026-04-30T16:29:00  INFO     [20:29:00] [POLY] UP bid=0.700 ask=0.710 | DN bid=0.290 ask=0.300 | BTC Δ-0.003% (10s) | 59s left
2026-04-30T16:29:02  INFO     [20:29:02] [POLY] UP bid=0.720 ask=0.730 | DN bid=0.270 ask=0.280 | BTC Δ-0.005% (10s) | 57s left
2026-04-30T16:29:05  INFO     [20:29:04] [POLY] UP bid=0.730 ask=0.750 | DN bid=0.250 ask=0.260 | BTC Δ-0.005% (10s) | 55s left
2026-04-30T16:29:07  INFO     [20:29:07] [POLY] UP bid=0.740 ask=0.750 | DN bid=0.250 ask=0.260 | BTC Δ+0.001% (10s) | 53s left
2026-04-30T16:29:09  INFO     [20:29:09] [POLY] UP bid=0.730 ask=0.740 | DN bid=0.260 ask=0.270 | BTC Δ+0.001% (10s) | 51s left
2026-04-30T16:29:11  INFO     [20:29:11] [POLY] UP bid=0.760 ask=0.770 | DN bid=0.230 ask=0.240 | BTC Δ+0.000% (10s) | 48s left
2026-04-30T16:29:13  INFO     [20:29:13] [POLY] UP bid=0.770 ask=0.780 | DN bid=0.220 ask=0.230 | BTC Δ+0.000% (10s) | 46s left
2026-04-30T16:29:16  INFO     [20:29:15] [POLY] UP bid=0.780 ask=0.790 | DN bid=0.210 ask=0.220 | BTC Δ+0.000% (10s) | 44s left
2026-04-30T16:29:18  INFO     [20:29:18] [POLY] UP bid=0.790 ask=0.800 | DN bid=0.200 ask=0.210 | BTC Δ+0.000% (10s) | 42s left
2026-04-30T16:29:20  INFO     [20:29:20] [POLY] UP bid=0.790 ask=0.800 | DN bid=0.190 ask=0.200 | BTC Δ+0.000% (10s) | 40s left
2026-04-30T16:29:22  INFO     [20:29:22] [POLY] UP bid=0.810 ask=0.820 | DN bid=0.180 ask=0.190 | BTC Δ+0.000% (10s) | 37s left
2026-04-30T16:29:24  INFO     [20:29:24] [POLY] UP bid=0.820 ask=0.830 | DN bid=0.170 ask=0.180 | BTC Δ+0.000% (10s) | 35s left
2026-04-30T16:29:27  INFO     [20:29:26] [POLY] UP bid=0.820 ask=0.830 | DN bid=0.170 ask=0.180 | BTC Δ+0.002% (10s) | 33s left
2026-04-30T16:29:29  INFO     [20:29:29] [POLY] UP bid=0.850 ask=0.860 | DN bid=0.140 ask=0.150 | BTC Δ+0.002% (10s) | 31s left
2026-04-30T16:29:31  INFO     [20:29:31] [POLY] WATCHING | UP bid=0.880 ask=0.890 | DN bid=0.110 ask=0.120 | 29s left
2026-04-30T16:29:33  INFO     [20:29:33] [POLY] WATCHING | UP bid=0.830 ask=0.840 | DN bid=0.160 ask=0.170 | 26s left
2026-04-30T16:29:35  INFO     [20:29:35] [POLY] WATCHING | UP bid=0.850 ask=0.860 | DN bid=0.140 ask=0.150 | 24s left
2026-04-30T16:29:38  INFO     [20:29:37] [POLY] WATCHING | UP bid=0.860 ask=0.870 | DN bid=0.130 ask=0.140 | 22s left
2026-04-30T16:29:40  INFO     [20:29:40] [POLY] WATCHING | UP bid=0.850 ask=0.870 | DN bid=0.140 ask=0.150 | 20s left
2026-04-30T16:29:42  INFO     [20:29:42] [POLY] WATCHING | UP bid=0.910 ask=0.920 | DN bid=0.070 ask=0.080 | 18s left
2026-04-30T16:29:44  INFO     [20:29:44] [POLY] WATCHING | UP bid=0.940 ask=0.950 | DN bid=0.050 ask=0.060 | 15s left
2026-04-30T16:29:46  INFO     [20:29:46] [POLY] WATCHING | UP bid=0.940 ask=0.950 | DN bid=0.050 ask=0.060 | 13s left
2026-04-30T16:29:49  INFO     [20:29:48] [POLY] WATCHING | UP bid=0.910 ask=0.920 | DN bid=0.070 ask=0.080 | 11s left
2026-04-30T16:29:51  INFO     [20:29:51] [POLY] WATCHING | UP bid=0.960 ask=0.970 | DN bid=0.030 ask=0.040 | 9s left
2026-04-30T16:29:53  INFO     [20:29:53] [POLY] WATCHING | UP bid=0.930 ask=0.940 | DN bid=0.060 ask=0.070 | 7s left
2026-04-30T16:29:55  INFO     [20:29:55] [POLY] WATCHING | UP bid=0.930 ask=0.950 | DN bid=0.060 ask=0.090 | 5s left
2026-04-30T16:30:02  INFO     [20:30:02] [POLY] Window closed — no position held
2026-04-30T16:30:04  INFO     [POLY] Fetching market: btc-updown-5m-1777581000 (4s into window, 296s left)
2026-04-30T16:30:04  INFO     [POLY] ✓ Market loaded: 'Bitcoin Up or Down - April 30, 4:30PM-4:35PM ET'
         vol=$164.82 | UP  bid=0.4600 ask=0.4700 (47.0¢)
         DN  bid=0.5300 ask=0.5400 (54.0¢) | 296s left in window
2026-04-30T16:30:04  INFO     [POLY] ── Window: 'Bitcoin Up or Down - April 30, 4:30PM-4:35PM ET' | vol=$164.82 | 296s left
2026-04-30T16:30:04  INFO     [20:30:04] [POLY] UP bid=0.460 ask=0.470 | DN bid=0.540 ask=0.550 | BTC Δ-0.013% (10s) | 296s left
2026-04-30T16:30:06  INFO     [20:30:06] [POLY] UP bid=0.430 ask=0.440 | DN bid=0.560 ask=0.570 | BTC Δ-0.019% (10s) | 293s left
2026-04-30T16:30:09  INFO     [20:30:08] [POLY] UP bid=0.420 ask=0.430 | DN bid=0.570 ask=0.580 | BTC Δ-0.016% (10s) | 291s left
2026-04-30T16:30:11  INFO     [20:30:11] [POLY] UP bid=0.390 ask=0.400 | DN bid=0.600 ask=0.610 | BTC Δ+0.009% (10s) | 289s left
2026-04-30T16:30:13  INFO     [20:30:13] [POLY] UP bid=0.460 ask=0.470 | DN bid=0.530 ask=0.540 | BTC Δ-0.002% (10s) | 287s left
2026-04-30T16:30:15  INFO     [20:30:15] [POLY] UP bid=0.430 ask=0.440 | DN bid=0.560 ask=0.570 | BTC Δ+0.002% (10s) | 284s left
2026-04-30T16:30:18  INFO     [20:30:17] [POLY] UP bid=0.460 ask=0.470 | DN bid=0.530 ask=0.540 | BTC Δ+0.013% (10s) | 282s left
2026-04-30T16:30:20  INFO     [20:30:20] [POLY] UP bid=0.360 ask=0.370 | DN bid=0.630 ask=0.640 | BTC Δ-0.002% (10s) | 280s left
2026-04-30T16:30:22  INFO     [20:30:22] [POLY] UP bid=0.450 ask=0.460 | DN bid=0.540 ask=0.550 | BTC Δ-0.004% (10s) | 278s left
2026-04-30T16:30:24  INFO     [20:30:24] [POLY] UP bid=0.450 ask=0.460 | DN bid=0.540 ask=0.550 | BTC Δ+0.005% (10s) | 276s left
2026-04-30T16:30:26  INFO     [20:30:26] [POLY] UP bid=0.450 ask=0.460 | DN bid=0.540 ask=0.550 | BTC Δ-0.015% (10s) | 273s left
2026-04-30T16:30:29  INFO     [20:30:28] [POLY] UP bid=0.370 ask=0.380 | DN bid=0.620 ask=0.630 | BTC Δ-0.012% (10s) | 271s left
2026-04-30T16:30:31  INFO     [20:30:31] [POLY] UP bid=0.380 ask=0.390 | DN bid=0.610 ask=0.620 | BTC Δ-0.012% (10s) | 269s left
2026-04-30T16:30:33  INFO     [20:30:33] [POLY] UP bid=0.390 ask=0.400 | DN bid=0.600 ask=0.610 | BTC Δ-0.012% (10s) | 267s left
2026-04-30T16:30:35  INFO     [20:30:35] [POLY] UP bid=0.380 ask=0.390 | DN bid=0.610 ask=0.620 | BTC Δ-0.012% (10s) | 265s left
2026-04-30T16:30:37  INFO     [20:30:37] [POLY] UP bid=0.420 ask=0.430 | DN bid=0.570 ask=0.580 | BTC Δ+0.016% (10s) | 262s left
2026-04-30T16:30:40  INFO     [20:30:39] [POLY] UP bid=0.420 ask=0.430 | DN bid=0.570 ask=0.580 | BTC Δ+0.012% (10s) | 260s left
2026-04-30T16:30:42  INFO     [20:30:42] [POLY] UP bid=0.470 ask=0.480 | DN bid=0.520 ask=0.530 | BTC Δ+0.022% (10s) | 258s left
2026-04-30T16:30:44  INFO     [20:30:44] [POLY] UP bid=0.470 ask=0.480 | DN bid=0.530 ask=0.540 | BTC Δ+0.009% (10s) | 256s left
2026-04-30T16:30:46  INFO     [20:30:46] [POLY] UP bid=0.450 ask=0.460 | DN bid=0.540 ask=0.550 | BTC Δ+0.012% (10s) | 254s left
2026-04-30T16:30:48  INFO     [20:30:48] [POLY] UP bid=0.430 ask=0.440 | DN bid=0.560 ask=0.570 | BTC Δ+0.000% (10s) | 251s left
2026-04-30T16:30:51  INFO     [20:30:50] [POLY] UP bid=0.440 ask=0.450 | DN bid=0.550 ask=0.560 | BTC Δ-0.004% (10s) | 249s left
2026-04-30T16:30:53  INFO     [20:30:53] [POLY] UP bid=0.480 ask=0.490 | DN bid=0.510 ask=0.520 | BTC Δ+0.007% (10s) | 247s left
2026-04-30T16:30:55  INFO     [20:30:55] [POLY] UP bid=0.560 ask=0.570 | DN bid=0.430 ask=0.440 | BTC Δ+0.019% (10s) | 245s left
2026-04-30T16:30:57  INFO     [20:30:57] [POLY] UP bid=0.510 ask=0.520 | DN bid=0.480 ask=0.490 | BTC Δ+0.013% (10s) | 243s left
2026-04-30T16:30:59  INFO     [20:30:59] [POLY] UP bid=0.510 ask=0.520 | DN bid=0.480 ask=0.490 | BTC Δ+0.009% (10s) | 240s left
2026-04-30T16:31:02  INFO     [20:31:01] [POLY] UP bid=0.530 ask=0.540 | DN bid=0.460 ask=0.470 | BTC Δ+0.022% (10s) | 238s left
2026-04-30T16:31:04  INFO     [20:31:04] [POLY] UP bid=0.580 ask=0.590 | DN bid=0.410 ask=0.420 | BTC Δ-0.000% (10s) | 236s left
2026-04-30T16:31:06  INFO     [20:31:06] [POLY] UP bid=0.570 ask=0.580 | DN bid=0.420 ask=0.440 | BTC Δ+0.005% (10s) | 234s left
2026-04-30T16:31:08  INFO     [20:31:08] [POLY] UP bid=0.520 ask=0.530 | DN bid=0.470 ask=0.480 | BTC Δ+0.007% (10s) | 232s left
2026-04-30T16:31:10  INFO     [20:31:10] [POLY] UP bid=0.510 ask=0.520 | DN bid=0.480 ask=0.490 | BTC Δ+0.004% (10s) | 229s left
2026-04-30T16:31:13  INFO     [20:31:12] [POLY] UP bid=0.530 ask=0.540 | DN bid=0.460 ask=0.470 | BTC Δ+0.003% (10s) | 227s left
2026-04-30T16:31:15  INFO     [20:31:15] [POLY] UP bid=0.530 ask=0.540 | DN bid=0.460 ask=0.470 | BTC Δ-0.013% (10s) | 225s left
2026-04-30T16:31:17  INFO     [20:31:17] [POLY] UP bid=0.530 ask=0.540 | DN bid=0.460 ask=0.470 | BTC Δ+0.000% (10s) | 223s left
2026-04-30T16:31:19  INFO     [20:31:19] [POLY] UP bid=0.530 ask=0.540 | DN bid=0.460 ask=0.470 | BTC Δ+0.000% (10s) | 221s left
2026-04-30T16:31:21  INFO     [20:31:21] [POLY] UP bid=0.530 ask=0.540 | DN bid=0.460 ask=0.470 | BTC Δ+0.004% (10s) | 218s left
2026-04-30T16:31:24  INFO     [20:31:23] [POLY] UP bid=0.530 ask=0.540 | DN bid=0.460 ask=0.470 | BTC Δ+0.000% (10s) | 216s left
2026-04-30T16:31:26  INFO     [20:31:26] [POLY] UP bid=0.460 ask=0.470 | DN bid=0.530 ask=0.540 | BTC Δ-0.007% (10s) | 214s left
2026-04-30T16:31:28  INFO     [20:31:28] [POLY] UP bid=0.470 ask=0.480 | DN bid=0.520 ask=0.530 | BTC Δ-0.009% (10s) | 212s left
2026-04-30T16:31:30  INFO     [20:31:30] [POLY] UP bid=0.480 ask=0.490 | DN bid=0.510 ask=0.520 | BTC Δ-0.009% (10s) | 210s left
2026-04-30T16:31:32  INFO     [20:31:32] [POLY] UP bid=0.480 ask=0.490 | DN bid=0.510 ask=0.520 | BTC Δ-0.009% (10s) | 207s left
2026-04-30T16:31:35  INFO     [20:31:34] [POLY] UP bid=0.460 ask=0.470 | DN bid=0.530 ask=0.540 | BTC Δ+0.004% (10s) | 205s left
2026-04-30T16:31:37  INFO     [20:31:37] [POLY] UP bid=0.440 ask=0.450 | DN bid=0.550 ask=0.560 | BTC Δ-0.008% (10s) | 203s left
2026-04-30T16:31:39  INFO     [20:31:39] [POLY] UP bid=0.420 ask=0.430 | DN bid=0.570 ask=0.580 | BTC Δ-0.009% (10s) | 201s left
2026-04-30T16:31:41  INFO     [20:31:41] [POLY] UP bid=0.420 ask=0.430 | DN bid=0.570 ask=0.580 | BTC Δ-0.007% (10s) | 199s left
2026-04-30T16:31:43  INFO     [20:31:43] [POLY] UP bid=0.430 ask=0.440 | DN bid=0.560 ask=0.570 | BTC Δ-0.007% (10s) | 196s left
2026-04-30T16:31:46  INFO     [20:31:45] [POLY] UP bid=0.430 ask=0.440 | DN bid=0.560 ask=0.570 | BTC Δ-0.007% (10s) | 194s left
2026-04-30T16:31:48  INFO     [20:31:48] [POLY] UP bid=0.430 ask=0.440 | DN bid=0.560 ask=0.570 | BTC Δ+0.002% (10s) | 192s left
2026-04-30T16:31:50  INFO     [20:31:50] [POLY] UP bid=0.420 ask=0.430 | DN bid=0.570 ask=0.580 | BTC Δ+0.000% (10s) | 190s left
2026-04-30T16:31:52  INFO     [20:31:52] [POLY] UP bid=0.430 ask=0.440 | DN bid=0.550 ask=0.560 | BTC Δ-0.000% (10s) | 187s left
2026-04-30T16:31:54  INFO     [20:31:54] [POLY] UP bid=0.470 ask=0.480 | DN bid=0.520 ask=0.530 | BTC Δ+0.007% (10s) | 185s left
2026-04-30T16:31:57  INFO     [20:31:56] [POLY] UP bid=0.470 ask=0.480 | DN bid=0.520 ask=0.530 | BTC Δ+0.011% (10s) | 183s left
2026-04-30T16:31:59  INFO     [20:31:59] [POLY] UP bid=0.490 ask=0.500 | DN bid=0.500 ask=0.510 | BTC Δ+0.011% (10s) | 181s left
2026-04-30T16:32:01  INFO     [20:32:01] [POLY] UP bid=0.560 ask=0.570 | DN bid=0.430 ask=0.440 | BTC Δ+0.014% (10s) | 179s left
2026-04-30T16:32:03  INFO     [20:32:03] [POLY] UP bid=0.530 ask=0.540 | DN bid=0.460 ask=0.470 | BTC Δ+0.009% (10s) | 176s left
2026-04-30T16:32:05  INFO     [20:32:05] [POLY] UP bid=0.530 ask=0.540 | DN bid=0.460 ask=0.470 | BTC Δ+0.004% (10s) | 174s left
2026-04-30T16:32:08  INFO     [20:32:07] [POLY] UP bid=0.490 ask=0.500 | DN bid=0.490 ask=0.500 | BTC Δ-0.001% (10s) | 172s left
2026-04-30T16:32:10  INFO     [20:32:10] [POLY] UP bid=0.500 ask=0.510 | DN bid=0.490 ask=0.500 | BTC Δ-0.001% (10s) | 170s left
2026-04-30T16:32:12  INFO     [20:32:12] [POLY] UP bid=0.500 ask=0.510 | DN bid=0.490 ask=0.500 | BTC Δ-0.004% (10s) | 168s left
2026-04-30T16:32:14  INFO     [20:32:14] [POLY] UP bid=0.500 ask=0.510 | DN bid=0.490 ask=0.500 | BTC Δ-0.002% (10s) | 166s left
2026-04-30T16:32:16  INFO     [20:32:16] [POLY] UP bid=0.500 ask=0.510 | DN bid=0.490 ask=0.500 | BTC Δ-0.001% (10s) | 163s left
2026-04-30T16:32:19  INFO     [20:32:18] [POLY] UP bid=0.590 ask=0.600 | DN bid=0.400 ask=0.410 | BTC Δ+0.011% (10s) | 161s left
2026-04-30T16:32:21  INFO     [20:32:21] [POLY] UP bid=0.600 ask=0.610 | DN bid=0.390 ask=0.400 | BTC Δ+0.011% (10s) | 159s left
2026-04-30T16:32:23  INFO     [20:32:23] [POLY] UP bid=0.610 ask=0.620 | DN bid=0.380 ask=0.390 | BTC Δ+0.017% (10s) | 157s left
2026-04-30T16:32:25  INFO     [20:32:25] [POLY] UP bid=0.620 ask=0.630 | DN bid=0.370 ask=0.380 | BTC Δ+0.015% (10s) | 155s left
2026-04-30T16:32:27  INFO     [20:32:27] [POLY] UP bid=0.610 ask=0.620 | DN bid=0.380 ask=0.390 | BTC Δ+0.013% (10s) | 152s left
2026-04-30T16:32:30  INFO     [20:32:29] [POLY] UP bid=0.600 ask=0.610 | DN bid=0.390 ask=0.400 | BTC Δ+0.001% (10s) | 150s left
2026-04-30T16:32:32  INFO     [20:32:32] [POLY] UP bid=0.590 ask=0.600 | DN bid=0.380 ask=0.390 | BTC Δ+0.000% (10s) | 148s left
2026-04-30T16:32:34  INFO     [20:32:34] [POLY] UP bid=0.630 ask=0.640 | DN bid=0.350 ask=0.360 | BTC Δ+0.001% (10s) | 146s left
2026-04-30T16:32:36  INFO     [20:32:36] [POLY] UP bid=0.650 ask=0.660 | DN bid=0.340 ask=0.350 | BTC Δ+0.001% (10s) | 143s left
2026-04-30T16:32:38  INFO     [20:32:38] [POLY] UP bid=0.660 ask=0.670 | DN bid=0.330 ask=0.340 | BTC Δ+0.001% (10s) | 141s left
2026-04-30T16:32:41  INFO     [20:32:40] [POLY] UP bid=0.630 ask=0.640 | DN bid=0.360 ask=0.370 | BTC Δ+0.001% (10s) | 139s left
2026-04-30T16:32:43  INFO     [20:32:43] [POLY] UP bid=0.730 ask=0.740 | DN bid=0.260 ask=0.270 | BTC Δ+0.014% (10s) | 137s left
2026-04-30T16:32:45  INFO     [20:32:45] [POLY] UP bid=0.740 ask=0.750 | DN bid=0.250 ask=0.260 | BTC Δ+0.014% (10s) | 135s left
2026-04-30T16:32:47  INFO     [20:32:47] [POLY] UP bid=0.660 ask=0.670 | DN bid=0.330 ask=0.340 | BTC Δ+0.005% (10s) | 133s left
2026-04-30T16:32:49  INFO     [20:32:49] [POLY] UP bid=0.660 ask=0.670 | DN bid=0.330 ask=0.340 | BTC Δ+0.005% (10s) | 130s left
2026-04-30T16:32:52  INFO     [20:32:51] [POLY] UP bid=0.670 ask=0.680 | DN bid=0.320 ask=0.330 | BTC Δ-0.008% (10s) | 128s left
2026-04-30T16:32:54  INFO     [20:32:54] [POLY] UP bid=0.580 ask=0.590 | DN bid=0.410 ask=0.430 | BTC Δ-0.015% (10s) | 126s left
2026-04-30T16:32:56  INFO     [20:32:56] [POLY] UP bid=0.580 ask=0.590 | DN bid=0.410 ask=0.420 | BTC Δ-0.011% (10s) | 124s left
2026-04-30T16:32:58  INFO     [20:32:58] [POLY] UP bid=0.590 ask=0.600 | DN bid=0.400 ask=0.410 | BTC Δ-0.009% (10s) | 122s left
2026-04-30T16:33:00  INFO     [20:33:00] [POLY] UP bid=0.600 ask=0.610 | DN bid=0.380 ask=0.390 | BTC Δ-0.007% (10s) | 119s left
2026-04-30T16:33:03  INFO     [20:33:02] [POLY] UP bid=0.710 ask=0.720 | DN bid=0.280 ask=0.290 | BTC Δ+0.011% (10s) | 117s left
2026-04-30T16:33:05  INFO     [20:33:05] [POLY] UP bid=0.730 ask=0.740 | DN bid=0.260 ask=0.270 | BTC Δ+0.017% (10s) | 115s left
2026-04-30T16:33:07  INFO     [20:33:07] [POLY] UP bid=0.740 ask=0.750 | DN bid=0.250 ask=0.260 | BTC Δ+0.017% (10s) | 113s left
2026-04-30T16:33:09  INFO     [20:33:09] [POLY] UP bid=0.810 ask=0.820 | DN bid=0.180 ask=0.190 | BTC Δ+0.022% (10s) | 111s left
2026-04-30T16:33:11  INFO     [20:33:11] [POLY] UP bid=0.810 ask=0.820 | DN bid=0.180 ask=0.190 | BTC Δ+0.025% (10s) | 108s left
2026-04-30T16:33:13  INFO     [20:33:13] [POLY] UP bid=0.730 ask=0.740 | DN bid=0.260 ask=0.270 | BTC Δ+0.001% (10s) | 106s left
2026-04-30T16:33:16  INFO     [20:33:15] [POLY] UP bid=0.730 ask=0.740 | DN bid=0.250 ask=0.260 | BTC Δ+0.000% (10s) | 104s left
2026-04-30T16:33:18  INFO     [20:33:18] [POLY] UP bid=0.740 ask=0.750 | DN bid=0.250 ask=0.260 | BTC Δ-0.012% (10s) | 102s left
2026-04-30T16:33:20  INFO     [20:33:20] [POLY] UP bid=0.770 ask=0.780 | DN bid=0.220 ask=0.230 | BTC Δ-0.010% (10s) | 100s left
2026-04-30T16:33:22  INFO     [20:33:22] [POLY] UP bid=0.830 ask=0.840 | DN bid=0.150 ask=0.160 | BTC Δ+0.011% (10s) | 97s left
2026-04-30T16:33:24  INFO     [20:33:24] [POLY] UP bid=0.850 ask=0.860 | DN bid=0.140 ask=0.150 | BTC Δ+0.011% (10s) | 95s left
2026-04-30T16:33:27  INFO     [20:33:26] [POLY] UP bid=0.840 ask=0.850 | DN bid=0.150 ask=0.160 | BTC Δ+0.006% (10s) | 93s left
2026-04-30T16:33:29  INFO     [20:33:29] [POLY] UP bid=0.840 ask=0.850 | DN bid=0.150 ask=0.160 | BTC Δ+0.006% (10s) | 91s left
2026-04-30T16:33:31  INFO     [20:33:31] [POLY] UP bid=0.840 ask=0.850 | DN bid=0.150 ask=0.160 | BTC Δ+0.006% (10s) | 89s left
2026-04-30T16:33:33  INFO     [20:33:33] [POLY] UP bid=0.850 ask=0.860 | DN bid=0.140 ask=0.150 | BTC Δ-0.002% (10s) | 86s left
2026-04-30T16:33:35  INFO     [20:33:35] [POLY] UP bid=0.850 ask=0.860 | DN bid=0.150 ask=0.160 | BTC Δ-0.003% (10s) | 84s left
2026-04-30T16:33:38  INFO     [20:33:37] [POLY] UP bid=0.860 ask=0.870 | DN bid=0.130 ask=0.140 | BTC Δ+0.000% (10s) | 82s left
2026-04-30T16:33:40  INFO     [20:33:40] [POLY] UP bid=0.890 ask=0.900 | DN bid=0.100 ask=0.110 | BTC Δ+0.000% (10s) | 80s left
2026-04-30T16:33:42  INFO     [20:33:42] [POLY] UP bid=0.890 ask=0.900 | DN bid=0.100 ask=0.110 | BTC Δ+0.000% (10s) | 78s left
2026-04-30T16:33:44  INFO     [20:33:44] [POLY] UP bid=0.900 ask=0.910 | DN bid=0.090 ask=0.100 | BTC Δ+0.000% (10s) | 75s left
2026-04-30T16:33:46  INFO     [20:33:46] [POLY] UP bid=0.870 ask=0.880 | DN bid=0.120 ask=0.130 | BTC Δ-0.000% (10s) | 73s left
2026-04-30T16:33:49  INFO     [20:33:48] [POLY] UP bid=0.890 ask=0.900 | DN bid=0.090 ask=0.100 | BTC Δ+0.000% (10s) | 71s left
2026-04-30T16:33:51  INFO     [20:33:51] [POLY] UP bid=0.900 ask=0.910 | DN bid=0.080 ask=0.100 | BTC Δ+0.000% (10s) | 69s left
2026-04-30T16:33:53  INFO     [20:33:53] [POLY] UP bid=0.900 ask=0.910 | DN bid=0.090 ask=0.100 | BTC Δ+0.000% (10s) | 67s left
2026-04-30T16:33:55  INFO     [20:33:55] [POLY] UP bid=0.920 ask=0.930 | DN bid=0.070 ask=0.080 | BTC Δ+0.010% (10s) | 64s left
2026-04-30T16:33:57  INFO     [20:33:57] [POLY] UP bid=0.910 ask=0.920 | DN bid=0.080 ask=0.090 | BTC Δ+0.006% (10s) | 62s left
2026-04-30T16:34:00  INFO     [20:33:59] [POLY] UP bid=0.920 ask=0.930 | DN bid=0.070 ask=0.080 | BTC Δ+0.006% (10s) | 60s left
2026-04-30T16:34:02  INFO     [20:34:02] [POLY] UP bid=0.920 ask=0.930 | DN bid=0.070 ask=0.080 | BTC Δ+0.006% (10s) | 58s left
2026-04-30T16:34:04  INFO     [20:34:04] [POLY] UP bid=0.930 ask=0.940 | DN bid=0.060 ask=0.070 | BTC Δ+0.001% (10s) | 56s left
2026-04-30T16:34:06  INFO     [20:34:06] [POLY] UP bid=0.930 ask=0.940 | DN bid=0.060 ask=0.070 | BTC Δ-0.001% (10s) | 53s left
2026-04-30T16:34:08  INFO     [20:34:08] [POLY] UP bid=0.930 ask=0.940 | DN bid=0.060 ask=0.070 | BTC Δ-0.001% (10s) | 51s left
2026-04-30T16:34:11  INFO     [20:34:10] [POLY] UP bid=0.930 ask=0.940 | DN bid=0.070 ask=0.080 | BTC Δ-0.012% (10s) | 49s left
2026-04-30T16:34:13  INFO     [20:34:13] [POLY] UP bid=0.870 ask=0.880 | DN bid=0.120 ask=0.130 | BTC Δ-0.015% (10s) | 47s left
2026-04-30T16:34:15  INFO     [20:34:15] [POLY] UP bid=0.840 ask=0.850 | DN bid=0.150 ask=0.160 | BTC Δ-0.021% (10s) | 45s left
2026-04-30T16:34:17  INFO     [20:34:17] [POLY] UP bid=0.840 ask=0.850 | DN bid=0.150 ask=0.160 | BTC Δ-0.021% (10s) | 42s left
2026-04-30T16:34:19  INFO     [20:34:19] [POLY] UP bid=0.830 ask=0.840 | DN bid=0.160 ask=0.170 | BTC Δ-0.022% (10s) | 40s left
2026-04-30T16:34:22  INFO     [20:34:21] [POLY] UP bid=0.800 ask=0.810 | DN bid=0.190 ask=0.200 | BTC Δ-0.012% (10s) | 38s left
2026-04-30T16:34:24  INFO     [20:34:24] [POLY] UP bid=0.740 ask=0.750 | DN bid=0.250 ask=0.260 | BTC Δ-0.005% (10s) | 36s left
2026-04-30T16:34:26  INFO     [20:34:26] [POLY] UP bid=0.800 ask=0.810 | DN bid=0.190 ask=0.200 | BTC Δ-0.005% (10s) | 34s left
2026-04-30T16:34:28  INFO     [20:34:28] [POLY] UP bid=0.810 ask=0.820 | DN bid=0.180 ask=0.190 | BTC Δ-0.007% (10s) | 31s left
2026-04-30T16:34:30  INFO     [20:34:30] [POLY] WATCHING | UP bid=0.820 ask=0.830 | DN bid=0.170 ask=0.180 | 29s left
2026-04-30T16:34:33  INFO     [20:34:32] [POLY] WATCHING | UP bid=0.840 ask=0.850 | DN bid=0.150 ask=0.160 | 27s left
2026-04-30T16:34:35  INFO     [20:34:35] [POLY] WATCHING | UP bid=0.860 ask=0.870 | DN bid=0.120 ask=0.130 | 25s left
2026-04-30T16:34:37  INFO     [20:34:37] [POLY] WATCHING | UP bid=0.870 ask=0.880 | DN bid=0.120 ask=0.130 | 23s left
2026-04-30T16:34:39  INFO     [20:34:39] [POLY] WATCHING | UP bid=0.890 ask=0.900 | DN bid=0.100 ask=0.110 | 20s left
2026-04-30T16:34:41  INFO     [20:34:41] [POLY] WATCHING | UP bid=0.890 ask=0.900 | DN bid=0.100 ask=0.110 | 18s left
2026-04-30T16:34:44  INFO     [20:34:43] [POLY] WATCHING | UP bid=0.920 ask=0.930 | DN bid=0.070 ask=0.080 | 16s left
2026-04-30T16:34:46  INFO     [20:34:46] [POLY] WATCHING | UP bid=0.870 ask=0.890 | DN bid=0.120 ask=0.140 | 14s left
2026-04-30T16:34:48  INFO     [20:34:48] [POLY] WATCHING | UP bid=0.790 ask=0.810 | DN bid=0.190 ask=0.210 | 12s left
2026-04-30T16:34:50  INFO     [20:34:50] [POLY] WATCHING | UP bid=0.930 ask=0.940 | DN bid=0.060 ask=0.070 | 9s left
2026-04-30T16:34:52  INFO     [20:34:52] [POLY] WATCHING | UP bid=0.890 ask=0.930 | DN bid=0.080 ask=0.220 | 7s left
2026-04-30T16:34:55  INFO     [20:34:54] [POLY] WATCHING | UP bid=0.460 ask=0.500 | DN bid=0.510 ask=0.530 | 5s left
2026-04-30T16:34:57  INFO     [20:34:57] [POLY] WATCHING | UP bid=0.490 ask=0.500 | DN bid=0.500 ask=0.510 | 3s left
2026-04-30T16:34:59  INFO     [20:34:59] [POLY] WATCHING | UP bid=0.700 ask=0.750 | DN bid=0.250 ask=0.270 | 1s left
2026-04-30T16:35:01  INFO     [20:35:01] [POLY] Window closed — no position held
2026-04-30T16:35:03  INFO     [POLY] Fetching market: btc-updown-5m-1777581300 (3s into window, 297s left)
2026-04-30T16:35:03  INFO     [POLY] ✓ Market loaded: 'Bitcoin Up or Down - April 30, 4:35PM-4:40PM ET'
         vol=$13.72 | UP  bid=0.4900 ask=0.5000 (50.0¢)
         DN  bid=0.5000 ask=0.5100 (51.0¢) | 297s left in window
2026-04-30T16:35:03  INFO     [POLY] ── Window: 'Bitcoin Up or Down - April 30, 4:35PM-4:40PM ET' | vol=$13.72 | 296s left
2026-04-30T16:35:04  INFO     [20:35:03] [POLY] UP bid=0.490 ask=0.500 | DN bid=0.490 ask=0.500 | BTC Δ+0.000% (10s) | 296s left
2026-04-30T16:35:06  INFO     [20:35:06] [POLY] UP bid=0.500 ask=0.510 | DN bid=0.490 ask=0.500 | BTC Δ+0.000% (10s) | 294s left
2026-04-30T16:35:08  INFO     [20:35:08] [POLY] UP bid=0.510 ask=0.520 | DN bid=0.480 ask=0.490 | BTC Δ+0.003% (10s) | 292s left
2026-04-30T16:35:10  INFO     [20:35:10] [POLY] UP bid=0.500 ask=0.510 | DN bid=0.490 ask=0.500 | BTC Δ+0.003% (10s) | 290s left
2026-04-30T16:35:12  INFO     [20:35:12] [POLY] UP bid=0.490 ask=0.500 | DN bid=0.500 ask=0.510 | BTC Δ+0.003% (10s) | 287s left
2026-04-30T16:35:15  INFO     [20:35:14] [POLY] UP bid=0.490 ask=0.500 | DN bid=0.500 ask=0.510 | BTC Δ+0.006% (10s) | 285s left
2026-04-30T16:35:17  INFO     [20:35:17] [POLY] UP bid=0.490 ask=0.500 | DN bid=0.500 ask=0.510 | BTC Δ+0.006% (10s) | 283s left
2026-04-30T16:35:19  INFO     [20:35:19] [POLY] UP bid=0.490 ask=0.500 | DN bid=0.530 ask=0.540 | BTC Δ+0.003% (10s) | 281s left
2026-04-30T16:35:21  INFO     [20:35:21] [POLY] UP bid=0.460 ask=0.470 | DN bid=0.530 ask=0.540 | BTC Δ+0.003% (10s) | 279s left
2026-04-30T16:35:23  INFO     [20:35:23] [POLY] UP bid=0.460 ask=0.470 | DN bid=0.530 ask=0.540 | BTC Δ+0.008% (10s) | 276s left
2026-04-30T16:35:25  INFO     [20:35:25] [POLY] UP bid=0.460 ask=0.470 | DN bid=0.530 ask=0.540 | BTC Δ+0.008% (10s) | 274s left
2026-04-30T16:35:28  INFO     [20:35:27] [POLY] UP bid=0.530 ask=0.540 | DN bid=0.460 ask=0.470 | BTC Δ+0.009% (10s) | 272s left
2026-04-30T16:35:30  INFO     [20:35:30] [POLY] UP bid=0.530 ask=0.540 | DN bid=0.460 ask=0.470 | BTC Δ+0.014% (10s) | 270s left
2026-04-30T16:35:32  INFO     [20:35:32] [POLY] UP bid=0.560 ask=0.570 | DN bid=0.430 ask=0.440 | BTC Δ+0.006% (10s) | 268s left
2026-04-30T16:35:34  INFO     [20:35:34] [POLY] UP bid=0.560 ask=0.570 | DN bid=0.430 ask=0.440 | BTC Δ+0.006% (10s) | 265s left
2026-04-30T16:35:36  INFO     [20:35:36] [POLY] UP bid=0.690 ask=0.700 | DN bid=0.300 ask=0.310 | BTC Δ+0.040% (10s) | 263s left
2026-04-30T16:35:39  INFO     [20:35:38] [POLY] UP bid=0.680 ask=0.690 | DN bid=0.310 ask=0.320 | BTC Δ+0.036% (10s) | 261s left
2026-04-30T16:35:41  INFO     [20:35:41] [POLY] UP bid=0.660 ask=0.670 | DN bid=0.330 ask=0.340 | BTC Δ+0.031% (10s) | 259s left
2026-04-30T16:35:43  INFO     [20:35:43] [POLY] UP bid=0.650 ask=0.660 | DN bid=0.340 ask=0.350 | BTC Δ+0.031% (10s) | 257s left
2026-04-30T16:35:45  INFO     [20:35:45] [POLY] UP bid=0.630 ask=0.640 | DN bid=0.360 ask=0.370 | BTC Δ-0.009% (10s) | 254s left
2026-04-30T16:35:47  INFO     [20:35:47] [POLY] UP bid=0.600 ask=0.610 | DN bid=0.390 ask=0.400 | BTC Δ-0.018% (10s) | 252s left
2026-04-30T16:35:50  INFO     [20:35:49] [POLY] UP bid=0.580 ask=0.590 | DN bid=0.410 ask=0.420 | BTC Δ-0.016% (10s) | 250s left
2026-04-30T16:35:52  INFO     [20:35:52] [POLY] UP bid=0.580 ask=0.590 | DN bid=0.410 ask=0.420 | BTC Δ-0.016% (10s) | 248s left
2026-04-30T16:35:54  INFO     [20:35:54] [POLY] UP bid=0.590 ask=0.600 | DN bid=0.400 ask=0.410 | BTC Δ-0.012% (10s) | 246s left
2026-04-30T16:35:56  INFO     [20:35:56] [POLY] UP bid=0.600 ask=0.610 | DN bid=0.390 ask=0.400 | BTC Δ-0.005% (10s) | 243s left
2026-04-30T16:35:58  INFO     [20:35:58] [POLY] UP bid=0.600 ask=0.610 | DN bid=0.390 ask=0.400 | BTC Δ-0.002% (10s) | 241s left
2026-04-30T16:36:01  INFO     [20:36:00] [POLY] UP bid=0.610 ask=0.620 | DN bid=0.380 ask=0.390 | BTC Δ-0.000% (10s) | 239s left
2026-04-30T16:36:03  INFO     [20:36:03] [POLY] UP bid=0.610 ask=0.620 | DN bid=0.380 ask=0.390 | BTC Δ+0.013% (10s) | 237s left
2026-04-30T16:36:05  INFO     [20:36:05] [POLY] UP bid=0.620 ask=0.630 | DN bid=0.370 ask=0.380 | BTC Δ+0.005% (10s) | 235s left
2026-04-30T16:36:07  INFO     [20:36:07] [POLY] UP bid=0.620 ask=0.630 | DN bid=0.370 ask=0.380 | BTC Δ+0.005% (10s) | 232s left
2026-04-30T16:36:10  INFO     [20:36:09] [POLY] UP bid=0.620 ask=0.630 | DN bid=0.370 ask=0.380 | BTC Δ+0.005% (10s) | 230s left
2026-04-30T16:36:12  INFO     [20:36:12] [POLY] UP bid=0.630 ask=0.640 | DN bid=0.360 ask=0.370 | BTC Δ+0.005% (10s) | 228s left
2026-04-30T16:36:14  INFO     [20:36:14] [POLY] UP bid=0.640 ask=0.650 | DN bid=0.350 ask=0.360 | BTC Δ+0.000% (10s) | 226s left
2026-04-30T16:36:16  INFO     [20:36:16] [POLY] UP bid=0.640 ask=0.650 | DN bid=0.350 ask=0.360 | BTC Δ+0.000% (10s) | 224s left
2026-04-30T16:36:18  INFO     [20:36:18] [POLY] UP bid=0.640 ask=0.650 | DN bid=0.350 ask=0.360 | BTC Δ+0.000% (10s) | 221s left
2026-04-30T16:36:21  INFO     [20:36:20] [POLY] UP bid=0.640 ask=0.650 | DN bid=0.350 ask=0.360 | BTC Δ+0.000% (10s) | 219s left
2026-04-30T16:36:23  INFO     [20:36:23] [POLY] UP bid=0.650 ask=0.660 | DN bid=0.340 ask=0.350 | BTC Δ+0.000% (10s) | 217s left
2026-04-30T16:36:25  INFO     [20:36:25] [POLY] UP bid=0.670 ask=0.680 | DN bid=0.320 ask=0.330 | BTC Δ+0.000% (10s) | 215s left
2026-04-30T16:36:27  INFO     [20:36:27] [POLY] UP bid=0.670 ask=0.680 | DN bid=0.320 ask=0.330 | BTC Δ+0.000% (10s) | 213s left
2026-04-30T16:36:29  INFO     [20:36:29] [POLY] UP bid=0.680 ask=0.690 | DN bid=0.310 ask=0.320 | BTC Δ+0.000% (10s) | 210s left
2026-04-30T16:36:32  INFO     [20:36:31] [POLY] UP bid=0.680 ask=0.690 | DN bid=0.310 ask=0.320 | BTC Δ+0.000% (10s) | 208s left
2026-04-30T16:36:34  INFO     [20:36:34] [POLY] UP bid=0.680 ask=0.690 | DN bid=0.310 ask=0.320 | BTC Δ+0.000% (10s) | 206s left
2026-04-30T16:36:36  INFO     [20:36:36] [POLY] UP bid=0.680 ask=0.690 | DN bid=0.310 ask=0.320 | BTC Δ+0.000% (10s) | 204s left
2026-04-30T16:36:38  INFO     [20:36:38] [POLY] UP bid=0.660 ask=0.670 | DN bid=0.330 ask=0.340 | BTC Δ+0.000% (10s) | 202s left
2026-04-30T16:36:40  INFO     [20:36:40] [POLY] UP bid=0.670 ask=0.680 | DN bid=0.320 ask=0.330 | BTC Δ+0.000% (10s) | 199s left
2026-04-30T16:36:43  INFO     [20:36:42] [POLY] UP bid=0.670 ask=0.680 | DN bid=0.320 ask=0.330 | BTC Δ+0.000% (10s) | 197s left
2026-04-30T16:36:45  INFO     [20:36:45] [POLY] UP bid=0.670 ask=0.680 | DN bid=0.320 ask=0.330 | BTC Δ-0.000% (10s) | 195s left
2026-04-30T16:36:47  INFO     [20:36:47] [POLY] UP bid=0.680 ask=0.690 | DN bid=0.310 ask=0.320 | BTC Δ+0.000% (10s) | 193s left
2026-04-30T16:36:49  INFO     [20:36:49] [POLY] UP bid=0.680 ask=0.690 | DN bid=0.310 ask=0.320 | BTC Δ+0.000% (10s) | 191s left
2026-04-30T16:36:51  INFO     [20:36:51] [POLY] UP bid=0.760 ask=0.770 | DN bid=0.230 ask=0.240 | BTC Δ+0.013% (10s) | 188s left
2026-04-30T16:36:54  INFO     [20:36:53] [POLY] UP bid=0.770 ask=0.780 | DN bid=0.220 ask=0.230 | BTC Δ+0.016% (10s) | 186s left
2026-04-30T16:36:56  INFO     [20:36:56] [POLY] UP bid=0.760 ask=0.770 | DN bid=0.230 ask=0.240 | BTC Δ+0.008% (10s) | 184s left
2026-04-30T16:36:58  INFO     [20:36:58] [POLY] UP bid=0.750 ask=0.760 | DN bid=0.240 ask=0.250 | BTC Δ+0.009% (10s) | 182s left
2026-04-30T16:37:00  INFO     [20:37:00] [POLY] UP bid=0.750 ask=0.760 | DN bid=0.240 ask=0.250 | BTC Δ-0.002% (10s) | 180s left
2026-04-30T16:37:02  INFO     [20:37:02] [POLY] UP bid=0.670 ask=0.680 | DN bid=0.320 ask=0.330 | BTC Δ-0.023% (10s) | 177s left
2026-04-30T16:37:05  INFO     [20:37:04] [POLY] UP bid=0.610 ask=0.620 | DN bid=0.380 ask=0.390 | BTC Δ-0.024% (10s) | 175s left
2026-04-30T16:37:07  INFO     [20:37:07] [POLY] UP bid=0.600 ask=0.610 | DN bid=0.390 ask=0.400 | BTC Δ-0.020% (10s) | 173s left
2026-04-30T16:37:09  INFO     [20:37:09] [POLY] UP bid=0.600 ask=0.610 | DN bid=0.390 ask=0.400 | BTC Δ-0.021% (10s) | 171s left
2026-04-30T16:37:11  INFO     [20:37:11] [POLY] UP bid=0.620 ask=0.630 | DN bid=0.370 ask=0.380 | BTC Δ-0.021% (10s) | 169s left
2026-04-30T16:37:13  INFO     [20:37:13] [POLY] UP bid=0.660 ask=0.670 | DN bid=0.330 ask=0.340 | BTC Δ-0.003% (10s) | 166s left
2026-04-30T16:37:15  INFO     [20:37:15] [POLY] UP bid=0.660 ask=0.670 | DN bid=0.330 ask=0.340 | BTC Δ+0.005% (10s) | 164s left
2026-04-30T16:37:18  INFO     [20:37:17] [POLY] UP bid=0.660 ask=0.670 | DN bid=0.330 ask=0.340 | BTC Δ+0.005% (10s) | 162s left
2026-04-30T16:37:20  INFO     [20:37:20] [POLY] UP bid=0.660 ask=0.670 | DN bid=0.320 ask=0.330 | BTC Δ+0.005% (10s) | 160s left
2026-04-30T16:37:22  INFO     [20:37:22] [POLY] UP bid=0.670 ask=0.680 | DN bid=0.320 ask=0.330 | BTC Δ+0.005% (10s) | 158s left
2026-04-30T16:37:24  INFO     [20:37:24] [POLY] UP bid=0.670 ask=0.680 | DN bid=0.320 ask=0.330 | BTC Δ+0.000% (10s) | 155s left
2026-04-30T16:37:26  INFO     [20:37:26] [POLY] UP bid=0.650 ask=0.660 | DN bid=0.340 ask=0.350 | BTC Δ+0.000% (10s) | 153s left
2026-04-30T16:37:29  INFO     [20:37:28] [POLY] UP bid=0.640 ask=0.650 | DN bid=0.350 ask=0.360 | BTC Δ-0.000% (10s) | 151s left
2026-04-30T16:37:31  INFO     [20:37:31] [POLY] UP bid=0.620 ask=0.630 | DN bid=0.370 ask=0.380 | BTC Δ-0.000% (10s) | 149s left
2026-04-30T16:37:33  INFO     [20:37:33] [POLY] UP bid=0.730 ask=0.790 | DN bid=0.230 ask=0.250 | BTC Δ+0.004% (10s) | 147s left
2026-04-30T16:37:35  INFO     [20:37:35] [POLY] UP bid=0.800 ask=0.810 | DN bid=0.190 ask=0.200 | BTC Δ+0.014% (10s) | 144s left
2026-04-30T16:37:37  INFO     [20:37:37] [POLY] UP bid=0.800 ask=0.810 | DN bid=0.190 ask=0.200 | BTC Δ+0.014% (10s) | 142s left
2026-04-30T16:37:40  INFO     [20:37:39] [POLY] UP bid=0.790 ask=0.800 | DN bid=0.200 ask=0.210 | BTC Δ+0.017% (10s) | 140s left
2026-04-30T16:37:42  INFO     [20:37:42] [POLY] UP bid=0.800 ask=0.810 | DN bid=0.190 ask=0.200 | BTC Δ+0.017% (10s) | 138s left
2026-04-30T16:37:44  INFO     [20:37:44] [POLY] UP bid=0.820 ask=0.830 | DN bid=0.170 ask=0.180 | BTC Δ+0.003% (10s) | 136s left
2026-04-30T16:37:46  INFO     [20:37:46] [POLY] UP bid=0.820 ask=0.830 | DN bid=0.170 ask=0.180 | BTC Δ+0.003% (10s) | 133s left
2026-04-30T16:37:48  INFO     [20:37:48] [POLY] UP bid=0.810 ask=0.820 | DN bid=0.180 ask=0.190 | BTC Δ+0.000% (10s) | 131s left
2026-04-30T16:37:51  INFO     [20:37:50] [POLY] UP bid=0.760 ask=0.770 | DN bid=0.230 ask=0.240 | BTC Δ-0.008% (10s) | 129s left
2026-04-30T16:37:53  INFO     [20:37:53] [POLY] UP bid=0.760 ask=0.770 | DN bid=0.230 ask=0.240 | BTC Δ-0.008% (10s) | 127s left
2026-04-30T16:37:55  INFO     [20:37:55] [POLY] UP bid=0.750 ask=0.760 | DN bid=0.240 ask=0.250 | BTC Δ-0.008% (10s) | 125s left
2026-04-30T16:37:57  INFO     [20:37:57] [POLY] UP bid=0.770 ask=0.780 | DN bid=0.220 ask=0.230 | BTC Δ-0.008% (10s) | 122s left
2026-04-30T16:37:59  INFO     [20:37:59] [POLY] UP bid=0.780 ask=0.790 | DN bid=0.210 ask=0.220 | BTC Δ-0.008% (10s) | 120s left
2026-04-30T16:38:02  INFO     [20:38:01] [POLY] UP bid=0.870 ask=0.880 | DN bid=0.120 ask=0.130 | BTC Δ+0.021% (10s) | 118s left
2026-04-30T16:38:04  INFO     [20:38:04] [POLY] UP bid=0.900 ask=0.910 | DN bid=0.090 ask=0.100 | BTC Δ+0.021% (10s) | 116s left
2026-04-30T16:38:06  INFO     [20:38:06] [POLY] UP bid=0.900 ask=0.910 | DN bid=0.090 ask=0.100 | BTC Δ+0.021% (10s) | 114s left
2026-04-30T16:38:08  INFO     [20:38:08] [POLY] UP bid=0.910 ask=0.920 | DN bid=0.080 ask=0.090 | BTC Δ+0.027% (10s) | 111s left
2026-04-30T16:38:10  INFO     [20:38:10] [POLY] UP bid=0.890 ask=0.900 | DN bid=0.100 ask=0.110 | BTC Δ+0.006% (10s) | 109s left
2026-04-30T16:38:13  INFO     [20:38:12] [POLY] UP bid=0.900 ask=0.910 | DN bid=0.090 ask=0.100 | BTC Δ+0.006% (10s) | 107s left
2026-04-30T16:38:15  INFO     [20:38:15] [POLY] UP bid=0.880 ask=0.890 | DN bid=0.110 ask=0.120 | BTC Δ-0.000% (10s) | 105s left
2026-04-30T16:38:17  INFO     [20:38:17] [POLY] UP bid=0.900 ask=0.910 | DN bid=0.090 ask=0.100 | BTC Δ-0.005% (10s) | 103s left
2026-04-30T16:38:19  INFO     [20:38:19] [POLY] UP bid=0.890 ask=0.900 | DN bid=0.100 ask=0.110 | BTC Δ-0.005% (10s) | 101s left
2026-04-30T16:38:21  INFO     [20:38:21] [POLY] UP bid=0.900 ask=0.910 | DN bid=0.090 ask=0.100 | BTC Δ-0.005% (10s) | 98s left
2026-04-30T16:38:24  INFO     [20:38:23] [POLY] UP bid=0.900 ask=0.910 | DN bid=0.090 ask=0.100 | BTC Δ+0.002% (10s) | 96s left
2026-04-30T16:38:26  INFO     [20:38:26] [POLY] UP bid=0.900 ask=0.910 | DN bid=0.090 ask=0.100 | BTC Δ+0.000% (10s) | 94s left
2026-04-30T16:38:28  INFO     [20:38:28] [POLY] UP bid=0.900 ask=0.910 | DN bid=0.090 ask=0.100 | BTC Δ+0.000% (10s) | 92s left
2026-04-30T16:38:30  INFO     [20:38:30] [POLY] UP bid=0.910 ask=0.920 | DN bid=0.080 ask=0.090 | BTC Δ+0.000% (10s) | 90s left
2026-04-30T16:38:32  INFO     [20:38:32] [POLY] UP bid=0.930 ask=0.940 | DN bid=0.060 ask=0.070 | BTC Δ+0.008% (10s) | 87s left
2026-04-30T16:38:35  INFO     [20:38:34] [POLY] UP bid=0.940 ask=0.950 | DN bid=0.050 ask=0.060 | BTC Δ+0.004% (10s) | 85s left
2026-04-30T16:38:37  INFO     [20:38:37] [POLY] UP bid=0.940 ask=0.950 | DN bid=0.050 ask=0.060 | BTC Δ+0.005% (10s) | 83s left
2026-04-30T16:38:39  INFO     [20:38:39] [POLY] UP bid=0.940 ask=0.950 | DN bid=0.050 ask=0.060 | BTC Δ+0.005% (10s) | 81s left
2026-04-30T16:38:41  INFO     [20:38:41] [POLY] UP bid=0.940 ask=0.950 | DN bid=0.050 ask=0.060 | BTC Δ+0.000% (10s) | 79s left
2026-04-30T16:38:43  INFO     [20:38:43] [POLY] UP bid=0.940 ask=0.950 | DN bid=0.050 ask=0.060 | BTC Δ-0.002% (10s) | 76s left
2026-04-30T16:38:46  INFO     [20:38:45] [POLY] UP bid=0.940 ask=0.950 | DN bid=0.050 ask=0.060 | BTC Δ-0.005% (10s) | 74s left
2026-04-30T16:38:48  INFO     [20:38:48] [POLY] UP bid=0.940 ask=0.950 | DN bid=0.050 ask=0.060 | BTC Δ-0.005% (10s) | 72s left
2026-04-30T16:38:50  INFO     [20:38:50] [POLY] UP bid=0.940 ask=0.950 | DN bid=0.050 ask=0.060 | BTC Δ-0.005% (10s) | 70s left
2026-04-30T16:38:52  INFO     [20:38:52] [POLY] UP bid=0.940 ask=0.950 | DN bid=0.050 ask=0.060 | BTC Δ-0.005% (10s) | 68s left
2026-04-30T16:38:54  INFO     [20:38:54] [POLY] UP bid=0.940 ask=0.950 | DN bid=0.050 ask=0.060 | BTC Δ-0.005% (10s) | 65s left
2026-04-30T16:38:56  INFO     [20:38:56] [POLY] UP bid=0.930 ask=0.940 | DN bid=0.060 ask=0.070 | BTC Δ+0.000% (10s) | 63s left
2026-04-30T16:38:59  INFO     [20:38:59] [POLY] UP bid=0.940 ask=0.950 | DN bid=0.050 ask=0.060 | BTC Δ+0.000% (10s) | 61s left
2026-04-30T16:39:01  INFO     [20:39:01] [POLY] UP bid=0.950 ask=0.960 | DN bid=0.040 ask=0.050 | BTC Δ+0.000% (10s) | 59s left
2026-04-30T16:39:03  INFO     [20:39:03] [POLY] UP bid=0.960 ask=0.970 | DN bid=0.030 ask=0.040 | BTC Δ+0.000% (10s) | 57s left
2026-04-30T16:39:05  INFO     [20:39:05] [POLY] UP bid=0.960 ask=0.970 | DN bid=0.030 ask=0.040 | BTC Δ+0.000% (10s) | 54s left
2026-04-30T16:39:07  INFO     [20:39:07] [POLY] UP bid=0.960 ask=0.970 | DN bid=0.030 ask=0.040 | BTC Δ+0.000% (10s) | 52s left
2026-04-30T16:39:10  INFO     [20:39:09] [POLY] UP bid=0.960 ask=0.970 | DN bid=0.030 ask=0.040 | BTC Δ+0.000% (10s) | 50s left
2026-04-30T16:39:12  INFO     [20:39:12] [POLY] UP bid=0.960 ask=0.970 | DN bid=0.030 ask=0.040 | BTC Δ+0.000% (10s) | 48s left
2026-04-30T16:39:14  INFO     [20:39:14] [POLY] UP bid=0.960 ask=0.970 | DN bid=0.030 ask=0.040 | BTC Δ+0.000% (10s) | 46s left
2026-04-30T16:39:16  INFO     [20:39:16] [POLY] UP bid=0.960 ask=0.970 | DN bid=0.030 ask=0.040 | BTC Δ+0.000% (10s) | 43s left
2026-04-30T16:39:18  INFO     [20:39:18] [POLY] UP bid=0.960 ask=0.970 | DN bid=0.030 ask=0.040 | BTC Δ+0.000% (10s) | 41s left
2026-04-30T16:39:21  INFO     [20:39:20] [POLY] UP bid=0.970 ask=0.980 | DN bid=0.020 ask=0.030 | BTC Δ+0.000% (10s) | 39s left
2026-04-30T16:39:23  INFO     [20:39:23] [POLY] UP bid=0.970 ask=0.980 | DN bid=0.020 ask=0.030 | BTC Δ+0.000% (10s) | 37s left
2026-04-30T16:39:25  INFO     [20:39:25] [POLY] UP bid=0.970 ask=0.980 | DN bid=0.020 ask=0.030 | BTC Δ+0.000% (10s) | 35s left
2026-04-30T16:39:27  INFO     [20:39:27] [POLY] UP bid=0.970 ask=0.990 | DN bid=0.030 ask=0.040 | BTC Δ+0.000% (10s) | 32s left
2026-04-30T16:39:29  INFO     [20:39:29] [POLY] UP bid=0.950 ask=0.960 | DN bid=0.040 ask=0.050 | BTC Δ+0.000% (10s) | 30s left
2026-04-30T16:39:32  INFO     [20:39:31] [POLY] WATCHING | UP bid=0.970 ask=0.980 | DN bid=0.020 ask=0.030 | 28s left
2026-04-30T16:39:34  INFO     [20:39:34] [POLY] WATCHING | UP bid=0.980 ask=0.990 | DN bid=0.010 ask=0.020 | 26s left
2026-04-30T16:39:36  INFO     [20:39:36] [POLY] WATCHING | UP bid=0.980 ask=0.990 | DN bid=0.010 ask=0.020 | 24s left
2026-04-30T16:39:38  INFO     [20:39:38] [POLY] WATCHING | UP bid=0.980 ask=0.990 | DN bid=0.010 ask=0.020 | 21s left
2026-04-30T16:39:41  INFO     [20:39:40] [POLY] WATCHING | UP bid=0.980 ask=0.990 | DN bid=0.010 ask=0.020 | 19s left
2026-04-30T16:39:43  INFO     [20:39:43] [POLY] WATCHING | UP bid=0.980 ask=0.990 | DN bid=0.010 ask=0.020 | 17s left
2026-04-30T16:39:54  INFO     [20:39:54] [POLY] WATCHING | UP bid=0.720 ask=0.890 | DN bid=0.130 ask=0.240 | 6s left
2026-04-30T16:39:56  INFO     [20:39:56] [POLY] WATCHING | UP bid=0.890 ask=0.900 | DN bid=0.100 ask=0.110 | 4s left
2026-04-30T16:39:58  INFO     [20:39:58] [POLY] WATCHING | UP bid=0.940 ask=0.950 | DN bid=0.050 ask=0.060 | 1s left
2026-04-30T16:40:00  INFO     [20:40:00] [POLY] Window closed — no position held
2026-04-30T16:40:02  INFO     [POLY] Fetching market: btc-updown-5m-1777581600 (2s into window, 298s left)
2026-04-30T16:40:03  INFO     [POLY] ✓ Market loaded: 'Bitcoin Up or Down - April 30, 4:40PM-4:45PM ET'
         vol=$25.09 | UP  bid=0.4800 ask=0.4900 (49.0¢)
         DN  bid=0.5100 ask=0.5200 (52.0¢) | 298s left in window
2026-04-30T16:40:03  INFO     [POLY] ── Window: 'Bitcoin Up or Down - April 30, 4:40PM-4:45PM ET' | vol=$25.09 | 297s left
2026-04-30T16:40:03  INFO     [20:40:03] [POLY] UP bid=0.480 ask=0.490 | DN bid=0.510 ask=0.520 | BTC Δ+0.000% (10s) | 297s left
2026-04-30T16:40:05  INFO     [20:40:05] [POLY] UP bid=0.490 ask=0.500 | DN bid=0.500 ask=0.510 | BTC Δ+0.000% (10s) | 295s left
2026-04-30T16:40:07  INFO     [20:40:07] [POLY] UP bid=0.490 ask=0.500 | DN bid=0.500 ask=0.510 | BTC Δ+0.000% (10s) | 292s left
2026-04-30T16:40:09  INFO     [20:40:09] [POLY] UP bid=0.470 ask=0.480 | DN bid=0.520 ask=0.530 | BTC Δ-0.000% (10s) | 290s left
2026-04-30T16:40:12  INFO     [20:40:11] [POLY] UP bid=0.470 ask=0.480 | DN bid=0.520 ask=0.530 | BTC Δ-0.000% (10s) | 288s left
2026-04-30T16:40:14  INFO     [20:40:14] [POLY] UP bid=0.460 ask=0.470 | DN bid=0.530 ask=0.540 | BTC Δ+0.000% (10s) | 286s left
2026-04-30T16:40:16  INFO     [20:40:16] [POLY] UP bid=0.480 ask=0.490 | DN bid=0.510 ask=0.520 | BTC Δ+0.000% (10s) | 284s left
2026-04-30T16:40:18  INFO     [20:40:18] [POLY] UP bid=0.480 ask=0.490 | DN bid=0.510 ask=0.520 | BTC Δ+0.000% (10s) | 281s left
2026-04-30T16:40:20  INFO     [20:40:20] [POLY] UP bid=0.480 ask=0.490 | DN bid=0.510 ask=0.520 | BTC Δ-0.000% (10s) | 279s left
2026-04-30T16:40:22  INFO     Logging to /Users/jackson/kalshi-bot/polymarket.log
2026-04-30T16:40:22  INFO     =================================================================
2026-04-30T16:40:22  INFO     Kalshi Bot — Path D: Polymarket BTC Up/Down Latency Arb
2026-04-30T16:40:22  INFO     Mode:         PAPER
2026-04-30T16:40:22  INFO     Market:       btc-updown-5m-{window_ts}  (deterministic 5-min slug)
2026-04-30T16:40:22  INFO     BTC signal:   ≥0.3% move in 10s via Coinbase feed
2026-04-30T16:40:22  INFO     Stale check:  UP best_ask must not move >1¢ in 30s
2026-04-30T16:40:22  INFO     Poll rate:    every 2s | hard-close: last 30s of window
2026-04-30T16:40:22  INFO     Order size:   $50 USDC per trade
2026-04-30T16:40:22  INFO     Data:         Gamma API (slug lookup) + CLOB /book (order books) — public, no auth
2026-04-30T16:40:22  INFO     Trade log:    /Users/jackson/kalshi-bot/polymarket_trades.jsonl
2026-04-30T16:40:22  INFO     Telegram:     chat_id=8635383789
2026-04-30T16:40:22  INFO     =================================================================
2026-04-30T16:40:22  INFO     Coinbase BTC/USD feed started
2026-04-30T16:40:22  INFO     Deriving Polymarket L2 credentials via L1 EIP-712 signing...
2026-04-30T16:40:22  WARNING  py_clob_client_v2 not installed — install with: pip install py_clob_client_v2
Live trading unavailable until installed.
2026-04-30T16:40:22  INFO     [POLY] Fetching market: btc-updown-5m-1777581600 (22s into window, 278s left)
2026-04-30T16:40:22  INFO     [POLY] ✓ Market loaded: 'Bitcoin Up or Down - April 30, 4:40PM-4:45PM ET'
         vol=$25.09 | UP  bid=0.4800 ask=0.4900 (49.0¢)
         DN  bid=0.5100 ask=0.5200 (52.0¢) | 278s left in window
2026-04-30T16:40:22  INFO     [POLY] ── Window: 'Bitcoin Up or Down - April 30, 4:40PM-4:45PM ET' | vol=$25.09 | 277s left
2026-04-30T16:40:23  INFO     [20:40:22] [POLY] UP bid=0.480 ask=0.490 | DN bid=0.510 ask=0.520 | BTC Δ+0.000% (10s) | 277s left
2026-04-30T16:40:23  INFO     [20:40:22] [POLY] UP bid=0.480 ask=0.490 | DN bid=0.510 ask=0.520 | BTC Δ+0.000% (10s) | 277s left
2026-04-30T16:40:25  INFO     [20:40:25] [POLY] UP bid=0.490 ask=0.500 | DN bid=0.500 ask=0.510 | BTC Δ+0.000% (10s) | 275s left
2026-04-30T16:40:25  INFO     [20:40:25] [POLY] UP bid=0.490 ask=0.500 | DN bid=0.500 ask=0.510 | BTC Δ+0.000% (10s) | 275s left
2026-04-30T16:40:27  INFO     [20:40:27] [POLY] UP bid=0.490 ask=0.500 | DN bid=0.500 ask=0.510 | BTC Δ+0.000% (10s) | 273s left
2026-04-30T16:40:27  INFO     [20:40:27] [POLY] UP bid=0.490 ask=0.500 | DN bid=0.500 ask=0.510 | BTC Δ+0.000% (10s) | 273s left
2026-04-30T16:40:29  INFO     [20:40:29] [POLY] UP bid=0.490 ask=0.500 | DN bid=0.500 ask=0.510 | BTC Δ+0.000% (10s) | 270s left
2026-04-30T16:40:29  INFO     [20:40:29] [POLY] UP bid=0.490 ask=0.500 | DN bid=0.500 ask=0.510 | BTC Δ+0.000% (10s) | 270s left
2026-04-30T16:40:31  INFO     [20:40:31] [POLY] UP bid=0.480 ask=0.490 | DN bid=0.510 ask=0.520 | BTC Δ+0.000% (10s) | 268s left
2026-04-30T16:40:32  INFO     [20:40:31] [POLY] UP bid=0.480 ask=0.490 | DN bid=0.510 ask=0.520 | BTC Δ+0.000% (10s) | 268s left
2026-04-30T16:40:34  INFO     [20:40:33] [POLY] UP bid=0.480 ask=0.490 | DN bid=0.510 ask=0.520 | BTC Δ+0.000% (10s) | 266s left
2026-04-30T16:40:34  INFO     [20:40:34] [POLY] UP bid=0.480 ask=0.490 | DN bid=0.510 ask=0.520 | BTC Δ+0.000% (10s) | 266s left
2026-04-30T16:40:36  INFO     [20:40:36] [POLY] UP bid=0.320 ask=0.330 | DN bid=0.670 ask=0.680 | BTC Δ-0.022% (10s) | 264s left
2026-04-30T16:40:36  INFO     [20:40:36] [POLY] UP bid=0.320 ask=0.330 | DN bid=0.670 ask=0.680 | BTC Δ-0.026% (10s) | 264s left
2026-04-30T16:40:38  INFO     [20:40:38] [POLY] UP bid=0.350 ask=0.360 | DN bid=0.640 ask=0.650 | BTC Δ-0.016% (10s) | 262s left
2026-04-30T16:40:38  INFO     [20:40:38] [POLY] UP bid=0.350 ask=0.360 | DN bid=0.640 ask=0.650 | BTC Δ-0.016% (10s) | 261s left
2026-04-30T16:40:40  INFO     [20:40:40] [POLY] UP bid=0.340 ask=0.350 | DN bid=0.650 ask=0.660 | BTC Δ-0.023% (10s) | 259s left
2026-04-30T16:40:40  INFO     [20:40:40] [POLY] UP bid=0.340 ask=0.350 | DN bid=0.650 ask=0.660 | BTC Δ-0.023% (10s) | 259s left
2026-04-30T16:40:42  INFO     [20:40:42] [POLY] UP bid=0.340 ask=0.350 | DN bid=0.650 ask=0.660 | BTC Δ-0.023% (10s) | 257s left
2026-04-30T16:40:43  INFO     [20:40:42] [POLY] UP bid=0.340 ask=0.350 | DN bid=0.650 ask=0.660 | BTC Δ-0.023% (10s) | 257s left
2026-04-30T16:40:45  INFO     [20:40:44] [POLY] UP bid=0.340 ask=0.350 | DN bid=0.650 ask=0.660 | BTC Δ-0.002% (10s) | 255s left
2026-04-30T16:40:45  INFO     [20:40:45] [POLY] UP bid=0.340 ask=0.350 | DN bid=0.650 ask=0.660 | BTC Δ+0.003% (10s) | 255s left
2026-04-30T16:40:47  INFO     [20:40:47] [POLY] UP bid=0.370 ask=0.380 | DN bid=0.630 ask=0.640 | BTC Δ+0.000% (10s) | 253s left
2026-04-30T16:40:47  INFO     [20:40:47] [POLY] UP bid=0.360 ask=0.370 | DN bid=0.650 ask=0.660 | BTC Δ-0.008% (10s) | 253s left
2026-04-30T16:40:49  INFO     [20:40:49] [POLY] UP bid=0.320 ask=0.330 | DN bid=0.670 ask=0.680 | BTC Δ-0.008% (10s) | 251s left
2026-04-30T16:40:49  INFO     [20:40:49] [POLY] UP bid=0.310 ask=0.320 | DN bid=0.680 ask=0.690 | BTC Δ-0.003% (10s) | 250s left
2026-04-30T16:40:51  INFO     [20:40:51] [POLY] UP bid=0.290 ask=0.300 | DN bid=0.700 ask=0.710 | BTC Δ-0.002% (10s) | 248s left
2026-04-30T16:40:52  INFO     [20:40:51] [POLY] UP bid=0.290 ask=0.300 | DN bid=0.700 ask=0.710 | BTC Δ-0.002% (10s) | 248s left
2026-04-30T16:40:53  INFO     [20:40:53] [POLY] UP bid=0.300 ask=0.310 | DN bid=0.690 ask=0.700 | BTC Δ-0.002% (10s) | 246s left
2026-04-30T16:40:56  INFO     [20:40:55] [POLY] UP bid=0.290 ask=0.300 | DN bid=0.690 ask=0.710 | BTC Δ-0.008% (10s) | 244s left
2026-04-30T16:40:58  INFO     [20:40:58] [POLY] UP bid=0.300 ask=0.310 | DN bid=0.690 ask=0.700 | BTC Δ+0.000% (10s) | 242s left
2026-04-30T16:41:00  INFO     [20:41:00] [POLY] UP bid=0.280 ask=0.290 | DN bid=0.710 ask=0.720 | BTC Δ+0.000% (10s) | 240s left
2026-04-30T16:41:02  INFO     [20:41:02] [POLY] UP bid=0.290 ask=0.300 | DN bid=0.710 ask=0.720 | BTC Δ+0.000% (10s) | 237s left
2026-04-30T16:41:04  INFO     [20:41:04] [POLY] UP bid=0.280 ask=0.290 | DN bid=0.710 ask=0.720 | BTC Δ+0.000% (10s) | 235s left
2026-04-30T16:41:07  INFO     [20:41:06] [POLY] UP bid=0.270 ask=0.280 | DN bid=0.720 ask=0.730 | BTC Δ+0.003% (10s) | 233s left
2026-04-30T16:41:09  INFO     [20:41:09] [POLY] UP bid=0.430 ask=0.440 | DN bid=0.560 ask=0.570 | BTC Δ+0.012% (10s) | 231s left
2026-04-30T16:41:11  INFO     [20:41:11] [POLY] UP bid=0.420 ask=0.430 | DN bid=0.570 ask=0.580 | BTC Δ+0.018% (10s) | 229s left
2026-04-30T16:41:13  INFO     [20:41:13] [POLY] UP bid=0.410 ask=0.420 | DN bid=0.580 ask=0.590 | BTC Δ+0.018% (10s) | 226s left
2026-04-30T16:41:15  INFO     [20:41:15] [POLY] UP bid=0.400 ask=0.410 | DN bid=0.590 ask=0.600 | BTC Δ+0.023% (10s) | 224s left
2026-04-30T16:41:18  INFO     [20:41:17] [POLY] UP bid=0.440 ask=0.450 | DN bid=0.550 ask=0.560 | BTC Δ+0.012% (10s) | 222s left
2026-04-30T16:41:20  INFO     [20:41:20] [POLY] UP bid=0.460 ask=0.470 | DN bid=0.530 ask=0.540 | BTC Δ+0.008% (10s) | 220s left
2026-04-30T16:41:22  INFO     [20:41:22] [POLY] UP bid=0.500 ask=0.510 | DN bid=0.490 ask=0.500 | BTC Δ+0.008% (10s) | 218s left
2026-04-30T16:41:24  INFO     [20:41:24] [POLY] UP bid=0.510 ask=0.520 | DN bid=0.480 ask=0.490 | BTC Δ+0.011% (10s) | 215s left
2026-04-30T16:41:26  INFO     [20:41:26] [POLY] UP bid=0.510 ask=0.520 | DN bid=0.480 ask=0.490 | BTC Δ+0.010% (10s) | 213s left
2026-04-30T16:41:29  INFO     [20:41:28] [POLY] UP bid=0.510 ask=0.520 | DN bid=0.480 ask=0.490 | BTC Δ+0.009% (10s) | 211s left
2026-04-30T16:41:31  INFO     [20:41:31] [POLY] UP bid=0.500 ask=0.510 | DN bid=0.490 ask=0.500 | BTC Δ+0.009% (10s) | 209s left
2026-04-30T16:41:33  INFO     [20:41:33] [POLY] UP bid=0.480 ask=0.490 | DN bid=0.510 ask=0.520 | BTC Δ+0.003% (10s) | 207s left
2026-04-30T16:41:35  INFO     [20:41:35] [POLY] UP bid=0.480 ask=0.490 | DN bid=0.510 ask=0.520 | BTC Δ-0.001% (10s) | 204s left
2026-04-30T16:41:37  INFO     [20:41:37] [POLY] UP bid=0.490 ask=0.500 | DN bid=0.500 ask=0.510 | BTC Δ-0.005% (10s) | 202s left
2026-04-30T16:41:40  INFO     [20:41:39] [POLY] UP bid=0.480 ask=0.490 | DN bid=0.510 ask=0.520 | BTC Δ-0.005% (10s) | 200s left
2026-04-30T16:41:42  INFO     [20:41:42] [POLY] UP bid=0.480 ask=0.490 | DN bid=0.510 ask=0.520 | BTC Δ-0.002% (10s) | 198s left
2026-04-30T16:41:44  INFO     [20:41:44] [POLY] UP bid=0.490 ask=0.500 | DN bid=0.500 ask=0.510 | BTC Δ+0.000% (10s) | 196s left
2026-04-30T16:41:46  INFO     [20:41:46] [POLY] UP bid=0.490 ask=0.500 | DN bid=0.500 ask=0.510 | BTC Δ+0.000% (10s) | 193s left
2026-04-30T16:41:48  INFO     [20:41:48] [POLY] UP bid=0.480 ask=0.490 | DN bid=0.510 ask=0.520 | BTC Δ+0.000% (10s) | 191s left
2026-04-30T16:41:51  INFO     [20:41:50] [POLY] UP bid=0.480 ask=0.490 | DN bid=0.510 ask=0.520 | BTC Δ+0.003% (10s) | 189s left
2026-04-30T16:41:53  INFO     [20:41:53] [POLY] UP bid=0.500 ask=0.510 | DN bid=0.490 ask=0.500 | BTC Δ+0.003% (10s) | 187s left
2026-04-30T16:41:55  INFO     [20:41:55] [POLY] UP bid=0.400 ask=0.470 | DN bid=0.550 ask=0.590 | BTC Δ-0.007% (10s) | 185s left
2026-04-30T16:41:57  INFO     [20:41:57] [POLY] UP bid=0.450 ask=0.460 | DN bid=0.540 ask=0.550 | BTC Δ-0.007% (10s) | 183s left
2026-04-30T16:41:59  INFO     [20:41:59] [POLY] UP bid=0.450 ask=0.460 | DN bid=0.540 ask=0.550 | BTC Δ-0.007% (10s) | 180s left
2026-04-30T16:42:02  INFO     [20:42:01] [POLY] UP bid=0.460 ask=0.470 | DN bid=0.530 ask=0.540 | BTC Δ-0.010% (10s) | 178s left
2026-04-30T16:42:04  INFO     [20:42:04] [POLY] UP bid=0.460 ask=0.470 | DN bid=0.530 ask=0.540 | BTC Δ-0.008% (10s) | 176s left
2026-04-30T16:42:06  INFO     [20:42:06] [POLY] UP bid=0.460 ask=0.470 | DN bid=0.530 ask=0.540 | BTC Δ+0.000% (10s) | 174s left
2026-04-30T16:42:08  INFO     [20:42:08] [POLY] UP bid=0.460 ask=0.470 | DN bid=0.530 ask=0.540 | BTC Δ+0.000% (10s) | 172s left
2026-04-30T16:42:10  INFO     [20:42:10] [POLY] UP bid=0.450 ask=0.460 | DN bid=0.550 ask=0.560 | BTC Δ+0.000% (10s) | 169s left
2026-04-30T16:42:13  INFO     [20:42:12] [POLY] UP bid=0.440 ask=0.450 | DN bid=0.550 ask=0.560 | BTC Δ+0.000% (10s) | 167s left
2026-04-30T16:42:15  INFO     [20:42:15] [POLY] UP bid=0.440 ask=0.450 | DN bid=0.550 ask=0.560 | BTC Δ+0.000% (10s) | 165s left
2026-04-30T16:42:17  INFO     [20:42:17] [POLY] UP bid=0.440 ask=0.450 | DN bid=0.550 ask=0.560 | BTC Δ+0.000% (10s) | 163s left
2026-04-30T16:42:19  INFO     [20:42:19] [POLY] UP bid=0.440 ask=0.450 | DN bid=0.550 ask=0.560 | BTC Δ+0.000% (10s) | 161s left
2026-04-30T16:42:21  INFO     [20:42:21] [POLY] UP bid=0.440 ask=0.450 | DN bid=0.550 ask=0.560 | BTC Δ+0.000% (10s) | 158s left
2026-04-30T16:42:24  INFO     [20:42:23] [POLY] UP bid=0.450 ask=0.460 | DN bid=0.540 ask=0.550 | BTC Δ+0.000% (10s) | 156s left
2026-04-30T16:42:26  INFO     [20:42:26] [POLY] UP bid=0.430 ask=0.440 | DN bid=0.560 ask=0.570 | BTC Δ-0.000% (10s) | 154s left
2026-04-30T16:42:28  INFO     [20:42:28] [POLY] UP bid=0.440 ask=0.450 | DN bid=0.540 ask=0.550 | BTC Δ-0.000% (10s) | 152s left
2026-04-30T16:42:30  INFO     [20:42:30] [POLY] UP bid=0.450 ask=0.460 | DN bid=0.550 ask=0.560 | BTC Δ+0.000% (10s) | 150s left
2026-04-30T16:42:32  INFO     [20:42:32] [POLY] UP bid=0.440 ask=0.450 | DN bid=0.550 ask=0.560 | BTC Δ+0.000% (10s) | 147s left
2026-04-30T16:42:35  INFO     [20:42:34] [POLY] UP bid=0.420 ask=0.430 | DN bid=0.570 ask=0.580 | BTC Δ+0.000% (10s) | 145s left
2026-04-30T16:42:37  INFO     [20:42:37] [POLY] UP bid=0.420 ask=0.430 | DN bid=0.570 ask=0.580 | BTC Δ+0.000% (10s) | 143s left
2026-04-30T16:42:39  INFO     [20:42:39] [POLY] UP bid=0.410 ask=0.420 | DN bid=0.580 ask=0.590 | BTC Δ+0.000% (10s) | 141s left
2026-04-30T16:42:41  INFO     [20:42:41] [POLY] UP bid=0.410 ask=0.420 | DN bid=0.580 ask=0.590 | BTC Δ+0.000% (10s) | 139s left
2026-04-30T16:42:43  INFO     [20:42:43] [POLY] UP bid=0.430 ask=0.440 | DN bid=0.560 ask=0.570 | BTC Δ+0.000% (10s) | 136s left
2026-04-30T16:42:45  INFO     [20:42:45] [POLY] UP bid=0.470 ask=0.480 | DN bid=0.520 ask=0.530 | BTC Δ+0.000% (10s) | 134s left
2026-04-30T16:42:47  INFO     Logging to /Users/jackson/kalshi-bot/polymarket.log
2026-04-30T16:42:47  INFO     =================================================================
2026-04-30T16:42:47  INFO     Kalshi Bot — Path D: Polymarket BTC Up/Down Latency Arb
2026-04-30T16:42:47  INFO     Mode:         PAPER
2026-04-30T16:42:47  INFO     Market:       btc-updown-5m-{window_ts}  (deterministic 5-min slug)
2026-04-30T16:42:47  INFO     BTC signal:   ≥0.3% move in 10s via Coinbase feed
2026-04-30T16:42:47  INFO     Stale check:  UP best_ask must not move >1¢ in 30s
2026-04-30T16:42:47  INFO     Poll rate:    every 2s | hard-close: last 30s of window
2026-04-30T16:42:47  INFO     Order size:   $50 USDC per trade
2026-04-30T16:42:47  INFO     Data:         Gamma API (slug lookup) + CLOB /book (order books) — public, no auth
2026-04-30T16:42:47  INFO     Trade log:    /Users/jackson/kalshi-bot/polymarket_trades.jsonl
2026-04-30T16:42:47  INFO     Telegram:     chat_id=8635383789
2026-04-30T16:42:47  INFO     =================================================================
2026-04-30T16:42:47  INFO     Coinbase BTC/USD feed started
2026-04-30T16:42:47  INFO     Deriving Polymarket L2 credentials via L1 EIP-712 signing...
2026-04-30T16:42:47  WARNING  py_clob_client_v2 not installed — install with: pip install py_clob_client_v2
Live trading unavailable until installed.
2026-04-30T16:42:47  INFO     [POLY] Fetching market: btc-updown-5m-1777581600 (167s into window, 133s left)
2026-04-30T16:42:47  INFO     [POLY] ✓ Market loaded: 'Bitcoin Up or Down - April 30, 4:40PM-4:45PM ET'
         vol=$1,514.35 | UP  bid=0.4800 ask=0.4900 (49.0¢)
         DN  bid=0.5100 ask=0.5200 (52.0¢) | 133s left in window
2026-04-30T16:42:47  INFO     [POLY] ── Window: 'Bitcoin Up or Down - April 30, 4:40PM-4:45PM ET' | vol=$1,514.35 | 132s left
2026-04-30T16:42:48  INFO     [20:42:47] [POLY] UP bid=0.480 ask=0.490 | DN bid=0.510 ask=0.520 | BTC Δ+0.000% (10s) | 132s left
2026-04-30T16:42:50  INFO     [20:42:50] [POLY] UP bid=0.440 ask=0.450 | DN bid=0.550 ask=0.560 | BTC Δ+0.000% (10s) | 130s left
2026-04-30T16:42:52  INFO     [20:42:52] [POLY] UP bid=0.440 ask=0.450 | DN bid=0.550 ask=0.560 | BTC Δ+0.000% (10s) | 128s left
2026-04-30T16:42:54  INFO     [20:42:54] [POLY] UP bid=0.420 ask=0.430 | DN bid=0.570 ask=0.580 | BTC Δ+0.000% (10s) | 125s left
2026-04-30T16:42:57  INFO     [20:42:56] [POLY] UP bid=0.460 ask=0.470 | DN bid=0.520 ask=0.530 | BTC Δ+0.000% (10s) | 123s left
2026-04-30T16:42:59  INFO     [20:42:59] [POLY] UP bid=0.490 ask=0.500 | DN bid=0.500 ask=0.510 | BTC Δ+0.000% (10s) | 121s left
2026-04-30T16:43:01  INFO     [20:43:01] [POLY] UP bid=0.480 ask=0.490 | DN bid=0.510 ask=0.520 | BTC Δ+0.005% (10s) | 119s left
2026-04-30T16:43:03  INFO     [20:43:03] [POLY] UP bid=0.500 ask=0.510 | DN bid=0.490 ask=0.500 | BTC Δ+0.005% (10s) | 116s left
2026-04-30T16:43:06  INFO     [20:43:05] [POLY] UP bid=0.500 ask=0.510 | DN bid=0.490 ask=0.500 | BTC Δ+0.005% (10s) | 114s left
2026-04-30T16:43:08  INFO     [20:43:08] [POLY] UP bid=0.460 ask=0.470 | DN bid=0.530 ask=0.540 | BTC Δ+0.005% (10s) | 112s left
2026-04-30T16:43:10  INFO     [20:43:10] [POLY] UP bid=0.450 ask=0.460 | DN bid=0.540 ask=0.550 | BTC Δ+0.000% (10s) | 110s left
2026-04-30T16:43:12  INFO     [20:43:12] [POLY] UP bid=0.450 ask=0.460 | DN bid=0.540 ask=0.550 | BTC Δ+0.000% (10s) | 108s left
2026-04-30T16:43:14  INFO     [20:43:14] [POLY] UP bid=0.450 ask=0.460 | DN bid=0.530 ask=0.540 | BTC Δ+0.000% (10s) | 105s left
2026-04-30T16:43:17  INFO     [20:43:16] [POLY] UP bid=0.460 ask=0.470 | DN bid=0.530 ask=0.540 | BTC Δ+0.000% (10s) | 103s left
2026-04-30T16:43:19  INFO     [20:43:19] [POLY] UP bid=0.520 ask=0.530 | DN bid=0.470 ask=0.480 | BTC Δ+0.004% (10s) | 101s left
2026-04-30T16:43:21  INFO     [20:43:21] [POLY] UP bid=0.790 ask=0.800 | DN bid=0.200 ask=0.210 | BTC Δ+0.032% (10s) | 99s left
2026-04-30T16:43:23  INFO     [20:43:23] [POLY] UP bid=0.770 ask=0.780 | DN bid=0.220 ask=0.230 | BTC Δ+0.028% (10s) | 96s left
2026-04-30T16:43:26  INFO     [20:43:25] [POLY] UP bid=0.740 ask=0.750 | DN bid=0.250 ask=0.260 | BTC Δ+0.028% (10s) | 94s left
2026-04-30T16:43:28  INFO     [20:43:28] [POLY] UP bid=0.780 ask=0.790 | DN bid=0.210 ask=0.220 | BTC Δ+0.028% (10s) | 92s left
2026-04-30T16:43:30  INFO     [20:43:30] [POLY] UP bid=0.770 ask=0.780 | DN bid=0.220 ask=0.230 | BTC Δ-0.003% (10s) | 90s left
2026-04-30T16:43:32  INFO     [20:43:32] [POLY] UP bid=0.620 ask=0.630 | DN bid=0.370 ask=0.380 | BTC Δ-0.004% (10s) | 87s left
2026-04-30T16:43:34  INFO     [20:43:34] [POLY] UP bid=0.640 ask=0.650 | DN bid=0.350 ask=0.360 | BTC Δ-0.006% (10s) | 85s left
2026-04-30T16:43:37  INFO     [20:43:36] [POLY] UP bid=0.370 ask=0.380 | DN bid=0.600 ask=0.620 | BTC Δ-0.038% (10s) | 83s left
2026-04-30T16:43:39  INFO     [20:43:39] [POLY] UP bid=0.400 ask=0.410 | DN bid=0.600 ask=0.610 | BTC Δ-0.038% (10s) | 81s left
2026-04-30T16:43:41  INFO     [20:43:41] [POLY] UP bid=0.400 ask=0.410 | DN bid=0.590 ask=0.600 | BTC Δ-0.030% (10s) | 79s left
2026-04-30T16:43:43  INFO     [20:43:43] [POLY] UP bid=0.520 ask=0.530 | DN bid=0.470 ask=0.480 | BTC Δ-0.019% (10s) | 76s left
2026-04-30T16:43:46  INFO     [20:43:45] [POLY] UP bid=0.550 ask=0.560 | DN bid=0.450 ask=0.460 | BTC Δ+0.012% (10s) | 74s left
2026-04-30T16:43:48  INFO     [20:43:48] [POLY] UP bid=0.610 ask=0.620 | DN bid=0.380 ask=0.390 | BTC Δ+0.022% (10s) | 72s left
2026-04-30T16:43:50  INFO     [20:43:50] [POLY] UP bid=0.660 ask=0.670 | DN bid=0.330 ask=0.340 | BTC Δ+0.020% (10s) | 70s left
2026-04-30T16:43:52  INFO     [20:43:52] [POLY] UP bid=0.660 ask=0.670 | DN bid=0.330 ask=0.340 | BTC Δ+0.004% (10s) | 67s left
2026-04-30T16:43:55  INFO     [20:43:54] [POLY] UP bid=0.610 ask=0.620 | DN bid=0.380 ask=0.390 | BTC Δ+0.005% (10s) | 65s left
2026-04-30T16:43:57  INFO     [20:43:57] [POLY] UP bid=0.620 ask=0.630 | DN bid=0.370 ask=0.380 | BTC Δ-0.005% (10s) | 63s left
2026-04-30T16:43:59  INFO     [20:43:59] [POLY] UP bid=0.680 ask=0.690 | DN bid=0.310 ask=0.320 | BTC Δ-0.000% (10s) | 61s left
2026-04-30T16:44:01  INFO     [20:44:01] [POLY] UP bid=0.460 ask=0.470 | DN bid=0.530 ask=0.540 | BTC Δ-0.007% (10s) | 58s left
2026-04-30T16:44:04  INFO     [20:44:03] [POLY] UP bid=0.450 ask=0.460 | DN bid=0.510 ask=0.530 | BTC Δ-0.007% (10s) | 56s left
2026-04-30T16:44:06  INFO     [20:44:06] [POLY] UP bid=0.440 ask=0.450 | DN bid=0.550 ask=0.560 | BTC Δ-0.007% (10s) | 54s left
2026-04-30T16:44:08  INFO     [20:44:08] [POLY] UP bid=0.330 ask=0.340 | DN bid=0.660 ask=0.670 | BTC Δ-0.016% (10s) | 52s left
2026-04-30T16:44:10  INFO     [20:44:10] [POLY] UP bid=0.480 ask=0.490 | DN bid=0.510 ask=0.520 | BTC Δ-0.008% (10s) | 49s left
2026-04-30T16:44:13  INFO     [20:44:12] [POLY] UP bid=0.650 ask=0.660 | DN bid=0.340 ask=0.350 | BTC Δ+0.000% (10s) | 47s left
2026-04-30T16:44:15  INFO     [20:44:15] [POLY] UP bid=0.660 ask=0.690 | DN bid=0.330 ask=0.340 | BTC Δ+0.006% (10s) | 45s left
2026-04-30T16:44:17  INFO     [20:44:17] [POLY] UP bid=0.680 ask=0.690 | DN bid=0.290 ask=0.300 | BTC Δ+0.011% (10s) | 43s left
2026-04-30T16:44:19  INFO     [20:44:19] [POLY] UP bid=0.650 ask=0.660 | DN bid=0.340 ask=0.350 | BTC Δ+0.015% (10s) | 40s left
2026-04-30T16:44:21  INFO     [20:44:21] [POLY] UP bid=0.680 ask=0.690 | DN bid=0.320 ask=0.330 | BTC Δ+0.016% (10s) | 38s left
2026-04-30T16:44:24  INFO     [20:44:23] [POLY] UP bid=0.750 ask=0.760 | DN bid=0.240 ask=0.250 | BTC Δ+0.009% (10s) | 36s left
2026-04-30T16:44:26  INFO     [20:44:26] [POLY] UP bid=0.700 ask=0.710 | DN bid=0.290 ask=0.300 | BTC Δ+0.006% (10s) | 34s left
2026-04-30T16:44:28  INFO     [20:44:28] [POLY] UP bid=0.630 ask=0.640 | DN bid=0.360 ask=0.370 | BTC Δ-0.007% (10s) | 32s left
2026-04-30T16:44:30  INFO     [20:44:30] [POLY] WATCHING | UP bid=0.610 ask=0.630 | DN bid=0.380 ask=0.400 | 29s left
2026-04-30T16:44:33  INFO     [20:44:32] [POLY] WATCHING | UP bid=0.620 ask=0.630 | DN bid=0.370 ask=0.380 | 27s left
2026-04-30T16:44:35  INFO     [20:44:35] [POLY] WATCHING | UP bid=0.640 ask=0.650 | DN bid=0.350 ask=0.360 | 25s left
2026-04-30T16:44:37  INFO     [20:44:37] [POLY] WATCHING | UP bid=0.640 ask=0.650 | DN bid=0.350 ask=0.360 | 23s left
2026-04-30T16:44:39  INFO     [20:44:39] [POLY] WATCHING | UP bid=0.680 ask=0.690 | DN bid=0.310 ask=0.320 | 20s left
2026-04-30T16:44:41  INFO     [20:44:41] [POLY] WATCHING | UP bid=0.740 ask=0.750 | DN bid=0.250 ask=0.260 | 18s left
2026-04-30T16:44:44  INFO     [20:44:43] [POLY] WATCHING | UP bid=0.760 ask=0.770 | DN bid=0.230 ask=0.240 | 16s left
2026-04-30T16:44:46  INFO     [20:44:46] [POLY] WATCHING | UP bid=0.720 ask=0.760 | DN bid=0.260 ask=0.270 | 14s left
2026-04-30T16:44:48  INFO     [20:44:48] [POLY] WATCHING | UP bid=0.400 ask=0.410 | DN bid=0.590 ask=0.600 | 12s left
2026-04-30T16:44:50  INFO     [20:44:50] [POLY] WATCHING | UP bid=0.510 ask=0.520 | DN bid=0.450 ask=0.460 | 9s left
2026-04-30T16:44:53  INFO     [20:44:52] [POLY] WATCHING | UP bid=0.710 ask=0.720 | DN bid=0.280 ask=0.290 | 7s left
2026-04-30T16:44:55  INFO     [20:44:55] [POLY] WATCHING | UP bid=0.700 ask=0.730 | DN bid=0.270 ask=0.300 | 5s left
2026-04-30T16:44:57  INFO     [20:44:57] [POLY] WATCHING | UP bid=0.740 ask=0.750 | DN bid=0.310 ask=0.390 | 3s left
2026-04-30T16:44:59  INFO     [20:44:59] [POLY] WATCHING | UP bid=0.500 ask=0.510 | DN bid=0.490 ask=0.500 | 0s left
2026-04-30T16:45:01  INFO     [20:45:01] [POLY] Window closed — no position held
2026-04-30T16:45:03  INFO     [POLY] Fetching market: btc-updown-5m-1777581900 (3s into window, 297s left)
2026-04-30T16:45:04  INFO     [POLY] ✓ Market loaded: 'Bitcoin Up or Down - April 30, 4:45PM-4:50PM ET'
         vol=$29.11 | UP  bid=0.4700 ask=0.4800 (48.0¢)
         DN  bid=0.5200 ask=0.5300 (53.0¢) | 297s left in window
2026-04-30T16:45:04  INFO     [POLY] ── Window: 'Bitcoin Up or Down - April 30, 4:45PM-4:50PM ET' | vol=$29.11 | 296s left
2026-04-30T16:45:04  INFO     [20:45:04] [POLY] UP bid=0.470 ask=0.480 | DN bid=0.520 ask=0.530 | BTC Δ-0.010% (10s) | 296s left
2026-04-30T16:45:06  INFO     [20:45:06] [POLY] UP bid=0.470 ask=0.480 | DN bid=0.520 ask=0.530 | BTC Δ-0.005% (10s) | 294s left
2026-04-30T16:45:08  INFO     [20:45:08] [POLY] UP bid=0.490 ask=0.500 | DN bid=0.500 ask=0.510 | BTC Δ+0.006% (10s) | 292s left
2026-04-30T16:45:10  INFO     [20:45:10] [POLY] UP bid=0.490 ask=0.500 | DN bid=0.500 ask=0.510 | BTC Δ+0.010% (10s) | 289s left
2026-04-30T16:45:13  INFO     [20:45:12] [POLY] UP bid=0.490 ask=0.500 | DN bid=0.500 ask=0.510 | BTC Δ+0.000% (10s) | 287s left
2026-04-30T16:45:15  INFO     [20:45:15] [POLY] UP bid=0.490 ask=0.500 | DN bid=0.500 ask=0.510 | BTC Δ+0.000% (10s) | 285s left
2026-04-30T16:45:17  INFO     [20:45:17] [POLY] UP bid=0.490 ask=0.500 | DN bid=0.500 ask=0.510 | BTC Δ+0.000% (10s) | 283s left
2026-04-30T16:45:19  INFO     [20:45:19] [POLY] UP bid=0.490 ask=0.500 | DN bid=0.500 ask=0.510 | BTC Δ-0.011% (10s) | 280s left
2026-04-30T16:45:22  INFO     [20:45:21] [POLY] UP bid=0.500 ask=0.510 | DN bid=0.490 ask=0.500 | BTC Δ+0.000% (10s) | 278s left
2026-04-30T16:45:24  INFO     [20:45:24] [POLY] UP bid=0.500 ask=0.510 | DN bid=0.490 ask=0.500 | BTC Δ+0.000% (10s) | 276s left
2026-04-30T16:45:26  INFO     [20:45:26] [POLY] UP bid=0.500 ask=0.510 | DN bid=0.490 ask=0.500 | BTC Δ+0.000% (10s) | 274s left
2026-04-30T16:45:28  INFO     [20:45:28] [POLY] UP bid=0.500 ask=0.510 | DN bid=0.490 ask=0.500 | BTC Δ-0.000% (10s) | 271s left
2026-04-30T16:45:30  INFO     [20:45:30] [POLY] UP bid=0.540 ask=0.550 | DN bid=0.450 ask=0.460 | BTC Δ+0.003% (10s) | 269s left
2026-04-30T16:45:33  INFO     [20:45:32] [POLY] UP bid=0.550 ask=0.560 | DN bid=0.440 ask=0.450 | BTC Δ+0.003% (10s) | 267s left
2026-04-30T16:45:35  INFO     [20:45:35] [POLY] UP bid=0.580 ask=0.590 | DN bid=0.410 ask=0.420 | BTC Δ+0.013% (10s) | 265s left
2026-04-30T16:45:37  INFO     [20:45:37] [POLY] UP bid=0.580 ask=0.590 | DN bid=0.410 ask=0.420 | BTC Δ+0.013% (10s) | 263s left
2026-04-30T16:45:39  INFO     [20:45:39] [POLY] UP bid=0.590 ask=0.600 | DN bid=0.400 ask=0.410 | BTC Δ+0.010% (10s) | 260s left
2026-04-30T16:45:42  INFO     [20:45:41] [POLY] UP bid=0.590 ask=0.600 | DN bid=0.400 ask=0.410 | BTC Δ+0.010% (10s) | 258s left
2026-04-30T16:45:44  INFO     [20:45:44] [POLY] UP bid=0.600 ask=0.610 | DN bid=0.390 ask=0.400 | BTC Δ+0.001% (10s) | 256s left
2026-04-30T16:45:46  INFO     [20:45:46] [POLY] UP bid=0.620 ask=0.630 | DN bid=0.370 ask=0.380 | BTC Δ+0.000% (10s) | 254s left
2026-04-30T16:45:48  INFO     [20:45:48] [POLY] UP bid=0.630 ask=0.640 | DN bid=0.360 ask=0.370 | BTC Δ+0.000% (10s) | 251s left
2026-04-30T16:45:50  INFO     [20:45:50] [POLY] UP bid=0.630 ask=0.640 | DN bid=0.360 ask=0.370 | BTC Δ+0.000% (10s) | 249s left
2026-04-30T16:45:53  INFO     [20:45:52] [POLY] UP bid=0.520 ask=0.530 | DN bid=0.480 ask=0.490 | BTC Δ-0.009% (10s) | 247s left
2026-04-30T16:45:55  INFO     [20:45:55] [POLY] UP bid=0.510 ask=0.520 | DN bid=0.480 ask=0.490 | BTC Δ-0.012% (10s) | 245s left
2026-04-30T16:45:57  INFO     [20:45:57] [POLY] UP bid=0.500 ask=0.510 | DN bid=0.490 ask=0.500 | BTC Δ-0.012% (10s) | 243s left
2026-04-30T16:45:59  INFO     [20:45:59] [POLY] UP bid=0.500 ask=0.510 | DN bid=0.490 ask=0.500 | BTC Δ-0.012% (10s) | 240s left
2026-04-30T16:46:02  INFO     [20:46:01] [POLY] UP bid=0.540 ask=0.550 | DN bid=0.450 ask=0.460 | BTC Δ-0.002% (10s) | 238s left
2026-04-30T16:46:04  INFO     [20:46:04] [POLY] UP bid=0.530 ask=0.540 | DN bid=0.460 ask=0.470 | BTC Δ+0.006% (10s) | 236s left
2026-04-30T16:46:06  INFO     [20:46:06] [POLY] UP bid=0.520 ask=0.530 | DN bid=0.480 ask=0.490 | BTC Δ+0.006% (10s) | 234s left
2026-04-30T16:46:08  INFO     [20:46:08] [POLY] UP bid=0.500 ask=0.510 | DN bid=0.490 ask=0.500 | BTC Δ+0.006% (10s) | 231s left
2026-04-30T16:46:11  INFO     [20:46:10] [POLY] UP bid=0.500 ask=0.510 | DN bid=0.490 ask=0.500 | BTC Δ+0.006% (10s) | 229s left
2026-04-30T16:46:13  INFO     [20:46:13] [POLY] UP bid=0.500 ask=0.510 | DN bid=0.490 ask=0.500 | BTC Δ-0.000% (10s) | 227s left
2026-04-30T16:46:15  INFO     [20:46:15] [POLY] UP bid=0.500 ask=0.510 | DN bid=0.490 ask=0.500 | BTC Δ+0.000% (10s) | 225s left
2026-04-30T16:46:17  INFO     [20:46:17] [POLY] UP bid=0.500 ask=0.510 | DN bid=0.490 ask=0.500 | BTC Δ+0.000% (10s) | 223s left
2026-04-30T16:46:19  INFO     [20:46:19] [POLY] UP bid=0.500 ask=0.510 | DN bid=0.490 ask=0.500 | BTC Δ-0.000% (10s) | 220s left
2026-04-30T16:46:22  INFO     [20:46:21] [POLY] UP bid=0.470 ask=0.480 | DN bid=0.520 ask=0.530 | BTC Δ-0.013% (10s) | 218s left
2026-04-30T16:46:24  INFO     [20:46:24] [POLY] UP bid=0.460 ask=0.470 | DN bid=0.530 ask=0.540 | BTC Δ-0.010% (10s) | 216s left
2026-04-30T16:46:26  INFO     [20:46:26] [POLY] UP bid=0.450 ask=0.460 | DN bid=0.540 ask=0.550 | BTC Δ-0.010% (10s) | 214s left
2026-04-30T16:46:28  INFO     [20:46:28] [POLY] UP bid=0.450 ask=0.460 | DN bid=0.540 ask=0.550 | BTC Δ-0.010% (10s) | 211s left
2026-04-30T16:46:31  INFO     [20:46:30] [POLY] UP bid=0.450 ask=0.460 | DN bid=0.540 ask=0.550 | BTC Δ-0.003% (10s) | 209s left
2026-04-30T16:46:33  INFO     [20:46:33] [POLY] UP bid=0.470 ask=0.480 | DN bid=0.520 ask=0.530 | BTC Δ+0.002% (10s) | 207s left
2026-04-30T16:46:35  INFO     [20:46:35] [POLY] UP bid=0.470 ask=0.480 | DN bid=0.520 ask=0.530 | BTC Δ+0.003% (10s) | 205s left
2026-04-30T16:46:37  INFO     [20:46:37] [POLY] UP bid=0.480 ask=0.490 | DN bid=0.510 ask=0.520 | BTC Δ+0.002% (10s) | 202s left
2026-04-30T16:46:39  INFO     [20:46:39] [POLY] UP bid=0.460 ask=0.470 | DN bid=0.530 ask=0.540 | BTC Δ+0.002% (10s) | 200s left
2026-04-30T16:46:42  INFO     [20:46:41] [POLY] UP bid=0.450 ask=0.460 | DN bid=0.530 ask=0.540 | BTC Δ+0.002% (10s) | 198s left
2026-04-30T16:46:44  INFO     [20:46:44] [POLY] UP bid=0.460 ask=0.470 | DN bid=0.530 ask=0.540 | BTC Δ-0.000% (10s) | 196s left
2026-04-30T16:46:46  INFO     [20:46:46] [POLY] UP bid=0.460 ask=0.470 | DN bid=0.530 ask=0.540 | BTC Δ-0.000% (10s) | 194s left
2026-04-30T16:46:48  INFO     [20:46:48] [POLY] UP bid=0.460 ask=0.470 | DN bid=0.530 ask=0.540 | BTC Δ-0.000% (10s) | 191s left
2026-04-30T16:46:51  INFO     [20:46:50] [POLY] UP bid=0.460 ask=0.470 | DN bid=0.530 ask=0.540 | BTC Δ+0.000% (10s) | 189s left
2026-04-30T16:46:53  INFO     [20:46:53] [POLY] UP bid=0.460 ask=0.470 | DN bid=0.530 ask=0.540 | BTC Δ+0.000% (10s) | 187s left
2026-04-30T16:46:55  INFO     [20:46:55] [POLY] UP bid=0.460 ask=0.470 | DN bid=0.530 ask=0.540 | BTC Δ+0.000% (10s) | 185s left
2026-04-30T16:46:57  INFO     [20:46:57] [POLY] UP bid=0.460 ask=0.470 | DN bid=0.530 ask=0.540 | BTC Δ+0.000% (10s) | 182s left
2026-04-30T16:46:59  INFO     [20:46:59] [POLY] UP bid=0.470 ask=0.480 | DN bid=0.520 ask=0.530 | BTC Δ+0.000% (10s) | 180s left
2026-04-30T16:47:02  INFO     [20:47:01] [POLY] UP bid=0.340 ask=0.350 | DN bid=0.650 ask=0.660 | BTC Δ-0.014% (10s) | 178s left
2026-04-30T16:47:04  INFO     [20:47:04] [POLY] UP bid=0.450 ask=0.460 | DN bid=0.540 ask=0.550 | BTC Δ+0.002% (10s) | 176s left
2026-04-30T16:47:06  INFO     [20:47:06] [POLY] UP bid=0.490 ask=0.500 | DN bid=0.500 ask=0.510 | BTC Δ+0.002% (10s) | 174s left
2026-04-30T16:47:08  INFO     [20:47:08] [POLY] UP bid=0.450 ask=0.460 | DN bid=0.540 ask=0.550 | BTC Δ+0.002% (10s) | 171s left
2026-04-30T16:47:11  INFO     [20:47:10] [POLY] UP bid=0.460 ask=0.470 | DN bid=0.530 ask=0.540 | BTC Δ+0.016% (10s) | 169s left
2026-04-30T16:47:13  INFO     [20:47:13] [POLY] UP bid=0.490 ask=0.500 | DN bid=0.510 ask=0.520 | BTC Δ+0.016% (10s) | 167s left
2026-04-30T16:47:15  INFO     [20:47:15] [POLY] UP bid=0.550 ask=0.560 | DN bid=0.440 ask=0.450 | BTC Δ+0.000% (10s) | 165s left
2026-04-30T16:47:17  INFO     [20:47:17] [POLY] UP bid=0.540 ask=0.550 | DN bid=0.440 ask=0.450 | BTC Δ+0.000% (10s) | 162s left
2026-04-30T16:47:19  INFO     [20:47:19] [POLY] UP bid=0.550 ask=0.560 | DN bid=0.440 ask=0.450 | BTC Δ+0.000% (10s) | 160s left
2026-04-30T16:47:22  INFO     [20:47:21] [POLY] UP bid=0.560 ask=0.570 | DN bid=0.450 ask=0.460 | BTC Δ+0.000% (10s) | 158s left
2026-04-30T16:47:24  INFO     [20:47:24] [POLY] UP bid=0.530 ask=0.540 | DN bid=0.460 ask=0.470 | BTC Δ+0.000% (10s) | 156s left
2026-04-30T16:47:26  INFO     [20:47:26] [POLY] UP bid=0.510 ask=0.520 | DN bid=0.480 ask=0.490 | BTC Δ+0.000% (10s) | 154s left
2026-04-30T16:47:28  INFO     [20:47:28] [POLY] UP bid=0.510 ask=0.520 | DN bid=0.480 ask=0.490 | BTC Δ+0.000% (10s) | 151s left
2026-04-30T16:47:31  INFO     [20:47:30] [POLY] UP bid=0.590 ask=0.600 | DN bid=0.420 ask=0.440 | BTC Δ+0.000% (10s) | 149s left
2026-04-30T16:47:33  INFO     [20:47:33] [POLY] UP bid=0.550 ask=0.560 | DN bid=0.440 ask=0.450 | BTC Δ+0.000% (10s) | 147s left
2026-04-30T16:47:35  INFO     [20:47:35] [POLY] UP bid=0.530 ask=0.540 | DN bid=0.460 ask=0.470 | BTC Δ+0.000% (10s) | 145s left
2026-04-30T16:47:37  INFO     [20:47:37] [POLY] UP bid=0.530 ask=0.540 | DN bid=0.460 ask=0.470 | BTC Δ+0.000% (10s) | 142s left
2026-04-30T16:47:40  INFO     [20:47:39] [POLY] UP bid=0.550 ask=0.560 | DN bid=0.440 ask=0.450 | BTC Δ+0.000% (10s) | 140s left
2026-04-30T16:47:42  INFO     [20:47:42] [POLY] UP bid=0.570 ask=0.580 | DN bid=0.420 ask=0.430 | BTC Δ+0.001% (10s) | 138s left
2026-04-30T16:47:44  INFO     [20:47:44] [POLY] UP bid=0.580 ask=0.590 | DN bid=0.410 ask=0.420 | BTC Δ+0.001% (10s) | 136s left
2026-04-30T16:47:46  INFO     [20:47:46] [POLY] UP bid=0.560 ask=0.570 | DN bid=0.430 ask=0.440 | BTC Δ+0.001% (10s) | 133s left
2026-04-30T16:47:49  INFO     [20:47:48] [POLY] UP bid=0.570 ask=0.580 | DN bid=0.420 ask=0.430 | BTC Δ+0.009% (10s) | 131s left
2026-04-30T16:47:51  INFO     [20:47:51] [POLY] UP bid=0.560 ask=0.570 | DN bid=0.430 ask=0.440 | BTC Δ+0.008% (10s) | 129s left
2026-04-30T16:47:53  INFO     [20:47:53] [POLY] UP bid=0.570 ask=0.580 | DN bid=0.420 ask=0.430 | BTC Δ+0.008% (10s) | 127s left
2026-04-30T16:47:55  INFO     [20:47:55] [POLY] UP bid=0.570 ask=0.580 | DN bid=0.420 ask=0.430 | BTC Δ+0.008% (10s) | 125s left
2026-04-30T16:47:57  INFO     [20:47:57] [POLY] UP bid=0.580 ask=0.590 | DN bid=0.410 ask=0.420 | BTC Δ+0.000% (10s) | 122s left
2026-04-30T16:48:00  INFO     [20:47:59] [POLY] UP bid=0.580 ask=0.590 | DN bid=0.410 ask=0.420 | BTC Δ+0.000% (10s) | 120s left
2026-04-30T16:48:02  INFO     [20:48:02] [POLY] UP bid=0.600 ask=0.610 | DN bid=0.390 ask=0.400 | BTC Δ+0.000% (10s) | 118s left
2026-04-30T16:48:04  INFO     [20:48:04] [POLY] UP bid=0.590 ask=0.600 | DN bid=0.400 ask=0.410 | BTC Δ+0.000% (10s) | 116s left
2026-04-30T16:48:06  INFO     [20:48:06] [POLY] UP bid=0.570 ask=0.580 | DN bid=0.420 ask=0.430 | BTC Δ-0.003% (10s) | 113s left
2026-04-30T16:48:09  INFO     [20:48:08] [POLY] UP bid=0.580 ask=0.590 | DN bid=0.410 ask=0.420 | BTC Δ-0.003% (10s) | 111s left
2026-04-30T16:48:11  INFO     [20:48:11] [POLY] UP bid=0.570 ask=0.580 | DN bid=0.420 ask=0.430 | BTC Δ-0.003% (10s) | 109s left
2026-04-30T16:48:13  INFO     [20:48:13] [POLY] UP bid=0.580 ask=0.590 | DN bid=0.410 ask=0.420 | BTC Δ+0.004% (10s) | 107s left
2026-04-30T16:48:15  INFO     [20:48:15] [POLY] UP bid=0.570 ask=0.580 | DN bid=0.420 ask=0.430 | BTC Δ+0.007% (10s) | 105s left
2026-04-30T16:48:17  INFO     [20:48:17] [POLY] UP bid=0.570 ask=0.580 | DN bid=0.440 ask=0.450 | BTC Δ+0.000% (10s) | 102s left
2026-04-30T16:48:20  INFO     [20:48:19] [POLY] UP bid=0.550 ask=0.560 | DN bid=0.440 ask=0.450 | BTC Δ+0.001% (10s) | 100s left
2026-04-30T16:48:22  INFO     [20:48:22] [POLY] UP bid=0.560 ask=0.570 | DN bid=0.420 ask=0.430 | BTC Δ+0.004% (10s) | 98s left
2026-04-30T16:48:24  INFO     [20:48:24] [POLY] UP bid=0.570 ask=0.580 | DN bid=0.420 ask=0.430 | BTC Δ-0.004% (10s) | 96s left
2026-04-30T16:48:26  INFO     [20:48:26] [POLY] UP bid=0.590 ask=0.600 | DN bid=0.400 ask=0.410 | BTC Δ-0.003% (10s) | 93s left
2026-04-30T16:48:29  INFO     [20:48:28] [POLY] UP bid=0.590 ask=0.600 | DN bid=0.400 ask=0.410 | BTC Δ+0.006% (10s) | 91s left
2026-04-30T16:48:31  INFO     [20:48:31] [POLY] UP bid=0.590 ask=0.600 | DN bid=0.400 ask=0.410 | BTC Δ+0.000% (10s) | 89s left
2026-04-30T16:48:33  INFO     [20:48:33] [POLY] UP bid=0.590 ask=0.600 | DN bid=0.400 ask=0.410 | BTC Δ+0.000% (10s) | 87s left
2026-04-30T16:48:35  INFO     [20:48:35] [POLY] UP bid=0.590 ask=0.600 | DN bid=0.400 ask=0.410 | BTC Δ+0.000% (10s) | 84s left
2026-04-30T16:48:37  INFO     [20:48:37] [POLY] UP bid=0.590 ask=0.600 | DN bid=0.400 ask=0.410 | BTC Δ+0.000% (10s) | 82s left
2026-04-30T16:48:40  INFO     [20:48:39] [POLY] UP bid=0.590 ask=0.600 | DN bid=0.400 ask=0.410 | BTC Δ+0.000% (10s) | 80s left
2026-04-30T16:48:42  INFO     [20:48:42] [POLY] UP bid=0.590 ask=0.600 | DN bid=0.400 ask=0.410 | BTC Δ+0.000% (10s) | 78s left
2026-04-30T16:48:44  INFO     [20:48:44] [POLY] UP bid=0.590 ask=0.600 | DN bid=0.400 ask=0.410 | BTC Δ+0.000% (10s) | 76s left
2026-04-30T16:48:46  INFO     [20:48:46] [POLY] UP bid=0.610 ask=0.620 | DN bid=0.100 ask=0.320 | BTC Δ+0.009% (10s) | 73s left
2026-04-30T16:48:49  INFO     [20:48:48] [POLY] UP bid=0.880 ask=0.890 | DN bid=0.110 ask=0.120 | BTC Δ+0.024% (10s) | 71s left
2026-04-30T16:48:51  INFO     [20:48:51] [POLY] UP bid=0.900 ask=0.910 | DN bid=0.080 ask=0.090 | BTC Δ+0.023% (10s) | 69s left
2026-04-30T16:48:53  INFO     [20:48:53] [POLY] UP bid=0.950 ask=0.960 | DN bid=0.040 ask=0.050 | BTC Δ+0.044% (10s) | 67s left
2026-04-30T16:48:55  INFO     [20:48:55] [POLY] UP bid=0.940 ask=0.950 | DN bid=0.050 ask=0.060 | BTC Δ+0.038% (10s) | 64s left
2026-04-30T16:48:57  INFO     [20:48:57] [POLY] UP bid=0.930 ask=0.940 | DN bid=0.060 ask=0.070 | BTC Δ+0.016% (10s) | 62s left
2026-04-30T16:49:00  INFO     [20:48:59] [POLY] UP bid=0.950 ask=0.960 | DN bid=0.040 ask=0.050 | BTC Δ+0.012% (10s) | 60s left
2026-04-30T16:49:02  INFO     [20:49:02] [POLY] UP bid=0.960 ask=0.970 | DN bid=0.030 ask=0.040 | BTC Δ-0.004% (10s) | 58s left
2026-04-30T16:49:04  INFO     [20:49:04] [POLY] UP bid=0.960 ask=0.970 | DN bid=0.030 ask=0.040 | BTC Δ-0.003% (10s) | 56s left
2026-04-30T16:49:06  INFO     [20:49:06] [POLY] UP bid=0.930 ask=0.940 | DN bid=0.060 ask=0.070 | BTC Δ-0.003% (10s) | 53s left
2026-04-30T16:49:09  INFO     [20:49:08] [POLY] UP bid=0.930 ask=0.940 | DN bid=0.060 ask=0.070 | BTC Δ+0.000% (10s) | 51s left
2026-04-30T16:49:11  INFO     [20:49:11] [POLY] UP bid=0.970 ask=0.980 | DN bid=0.020 ask=0.030 | BTC Δ+0.030% (10s) | 49s left
2026-04-30T16:49:13  INFO     [20:49:13] [POLY] UP bid=0.950 ask=0.960 | DN bid=0.040 ask=0.050 | BTC Δ+0.013% (10s) | 47s left
2026-04-30T16:49:15  INFO     [20:49:15] [POLY] UP bid=0.970 ask=0.980 | DN bid=0.020 ask=0.030 | BTC Δ+0.013% (10s) | 44s left
2026-04-30T16:49:17  INFO     [20:49:17] [POLY] UP bid=0.970 ask=0.980 | DN bid=0.020 ask=0.030 | BTC Δ+0.002% (10s) | 42s left
2026-04-30T16:49:20  INFO     [20:49:19] [POLY] UP bid=0.970 ask=0.980 | DN bid=0.020 ask=0.030 | BTC Δ-0.021% (10s) | 40s left
2026-04-30T16:49:22  INFO     [20:49:22] [POLY] UP bid=0.980 ask=0.990 | DN bid=0.010 ask=0.020 | BTC Δ-0.027% (10s) | 38s left
2026-04-30T16:49:24  INFO     [20:49:24] [POLY] UP bid=0.980 ask=0.990 | DN bid=0.010 ask=0.020 | BTC Δ-0.010% (10s) | 36s left
2026-04-30T16:49:26  INFO     [20:49:26] [POLY] UP bid=0.980 ask=0.990 | DN bid=0.010 ask=0.020 | BTC Δ+0.000% (10s) | 33s left
2026-04-30T16:49:29  INFO     [20:49:28] [POLY] UP bid=0.980 ask=0.990 | DN bid=0.010 ask=0.020 | BTC Δ+0.000% (10s) | 31s left
2026-04-30T16:49:31  INFO     [20:49:31] [POLY] WATCHING | UP bid=0.980 ask=0.990 | DN bid=0.010 ask=0.020 | 29s left
2026-04-30T16:49:33  INFO     [20:49:33] [POLY] WATCHING | UP bid=0.980 ask=0.990 | DN bid=0.010 ask=0.020 | 27s left
2026-04-30T16:49:35  INFO     [20:49:35] [POLY] WATCHING | UP bid=0.980 ask=0.990 | DN bid=0.010 ask=0.020 | 24s left
2026-04-30T16:49:38  INFO     [20:49:37] [POLY] WATCHING | UP bid=0.980 ask=0.990 | DN bid=0.010 ask=0.020 | 22s left
2026-04-30T16:49:40  INFO     [20:49:40] [POLY] WATCHING | UP bid=0.980 ask=0.990 | DN bid=0.010 ask=0.020 | 20s left
2026-04-30T16:49:53  INFO     [20:49:53] [POLY] WATCHING | UP bid=0.200 ask=0.220 | DN bid=0.710 ask=0.740 | 7s left
2026-04-30T16:49:55  INFO     [20:49:55] [POLY] WATCHING | UP bid=0.740 ask=0.750 | DN bid=0.250 ask=0.260 | 4s left
2026-04-30T16:49:58  INFO     [20:49:57] [POLY] WATCHING | UP bid=0.890 ask=0.900 | DN bid=0.100 ask=0.110 | 2s left
2026-04-30T16:50:00  INFO     [20:50:00] [POLY] Window closed — no position held
2026-04-30T16:50:02  INFO     [POLY] Fetching market: btc-updown-5m-1777582200 (2s into window, 298s left)
2026-04-30T16:50:02  INFO     [POLY] ✓ Market loaded: 'Bitcoin Up or Down - April 30, 4:50PM-4:55PM ET'
         vol=$319.13 | UP  bid=0.4700 ask=0.4800 (48.0¢)
         DN  bid=0.5200 ask=0.5300 (53.0¢) | 298s left in window
2026-04-30T16:50:02  INFO     [POLY] ── Window: 'Bitcoin Up or Down - April 30, 4:50PM-4:55PM ET' | vol=$319.13 | 298s left
2026-04-30T16:50:02  INFO     [20:50:02] [POLY] UP bid=0.470 ask=0.480 | DN bid=0.520 ask=0.530 | BTC Δ-0.005% (10s) | 298s left
2026-04-30T16:50:04  INFO     [20:50:04] [POLY] UP bid=0.470 ask=0.480 | DN bid=0.520 ask=0.530 | BTC Δ-0.000% (10s) | 295s left
2026-04-30T16:50:07  INFO     [20:50:06] [POLY] UP bid=0.470 ask=0.480 | DN bid=0.520 ask=0.530 | BTC Δ-0.000% (10s) | 293s left
2026-04-30T16:50:09  INFO     [20:50:09] [POLY] UP bid=0.470 ask=0.480 | DN bid=0.520 ask=0.530 | BTC Δ-0.000% (10s) | 291s left
2026-04-30T16:50:11  INFO     [20:50:11] [POLY] UP bid=0.470 ask=0.480 | DN bid=0.520 ask=0.530 | BTC Δ-0.000% (10s) | 289s left
2026-04-30T16:50:13  INFO     [20:50:13] [POLY] UP bid=0.380 ask=0.390 | DN bid=0.610 ask=0.620 | BTC Δ-0.012% (10s) | 287s left
2026-04-30T16:50:15  INFO     [20:50:15] [POLY] UP bid=0.370 ask=0.380 | DN bid=0.620 ask=0.630 | BTC Δ-0.013% (10s) | 284s left
2026-04-30T16:50:18  INFO     [20:50:17] [POLY] UP bid=0.370 ask=0.380 | DN bid=0.620 ask=0.630 | BTC Δ-0.019% (10s) | 282s left
2026-04-30T16:50:20  INFO     [20:50:20] [POLY] UP bid=0.380 ask=0.390 | DN bid=0.610 ask=0.620 | BTC Δ-0.016% (10s) | 280s left
2026-04-30T16:50:22  INFO     [20:50:22] [POLY] UP bid=0.380 ask=0.390 | DN bid=0.610 ask=0.620 | BTC Δ-0.003% (10s) | 278s left
2026-04-30T16:50:24  INFO     [20:50:24] [POLY] UP bid=0.400 ask=0.410 | DN bid=0.590 ask=0.600 | BTC Δ-0.003% (10s) | 275s left
2026-04-30T16:50:26  INFO     [20:50:26] [POLY] UP bid=0.400 ask=0.410 | DN bid=0.590 ask=0.600 | BTC Δ-0.003% (10s) | 273s left
2026-04-30T16:50:29  INFO     [20:50:28] [POLY] UP bid=0.400 ask=0.410 | DN bid=0.590 ask=0.600 | BTC Δ-0.001% (10s) | 271s left
2026-04-30T16:50:31  INFO     [20:50:31] [POLY] UP bid=0.400 ask=0.410 | DN bid=0.590 ask=0.600 | BTC Δ+0.000% (10s) | 269s left
2026-04-30T16:50:33  INFO     [20:50:33] [POLY] UP bid=0.400 ask=0.410 | DN bid=0.590 ask=0.600 | BTC Δ+0.000% (10s) | 267s left
2026-04-30T16:50:35  INFO     [20:50:35] [POLY] UP bid=0.390 ask=0.400 | DN bid=0.600 ask=0.610 | BTC Δ+0.000% (10s) | 264s left
2026-04-30T16:50:38  INFO     [20:50:37] [POLY] UP bid=0.400 ask=0.410 | DN bid=0.590 ask=0.600 | BTC Δ+0.001% (10s) | 262s left
2026-04-30T16:50:40  INFO     [20:50:40] [POLY] UP bid=0.390 ask=0.400 | DN bid=0.600 ask=0.610 | BTC Δ+0.001% (10s) | 260s left
2026-04-30T16:50:42  INFO     [20:50:42] [POLY] UP bid=0.380 ask=0.390 | DN bid=0.610 ask=0.620 | BTC Δ+0.001% (10s) | 258s left
2026-04-30T16:50:44  INFO     [20:50:44] [POLY] UP bid=0.320 ask=0.330 | DN bid=0.670 ask=0.680 | BTC Δ-0.013% (10s) | 255s left
2026-04-30T16:50:47  INFO     [20:50:46] [POLY] UP bid=0.280 ask=0.290 | DN bid=0.710 ask=0.720 | BTC Δ-0.013% (10s) | 253s left
2026-04-30T16:50:49  INFO     [20:50:49] [POLY] UP bid=0.280 ask=0.290 | DN bid=0.710 ask=0.720 | BTC Δ-0.014% (10s) | 251s left
2026-04-30T16:50:51  INFO     [20:50:51] [POLY] UP bid=0.280 ask=0.290 | DN bid=0.710 ask=0.720 | BTC Δ-0.014% (10s) | 249s left
2026-04-30T16:50:53  INFO     [20:50:53] [POLY] UP bid=0.280 ask=0.290 | DN bid=0.710 ask=0.720 | BTC Δ+0.001% (10s) | 247s left
2026-04-30T16:50:55  INFO     [20:50:55] [POLY] UP bid=0.300 ask=0.310 | DN bid=0.680 ask=0.690 | BTC Δ+0.007% (10s) | 244s left
2026-04-30T16:50:58  INFO     [20:50:57] [POLY] UP bid=0.300 ask=0.310 | DN bid=0.690 ask=0.700 | BTC Δ+0.000% (10s) | 242s left
2026-04-30T16:51:00  INFO     [20:51:00] [POLY] UP bid=0.300 ask=0.310 | DN bid=0.690 ask=0.700 | BTC Δ+0.000% (10s) | 240s left
2026-04-30T16:51:02  INFO     [20:51:02] [POLY] UP bid=0.290 ask=0.300 | DN bid=0.700 ask=0.710 | BTC Δ+0.000% (10s) | 238s left
2026-04-30T16:51:04  INFO     [20:51:04] [POLY] UP bid=0.280 ask=0.290 | DN bid=0.710 ask=0.720 | BTC Δ+0.000% (10s) | 235s left
2026-04-30T16:51:07  INFO     [20:51:06] [POLY] UP bid=0.290 ask=0.300 | DN bid=0.700 ask=0.710 | BTC Δ+0.000% (10s) | 233s left
2026-04-30T16:51:09  INFO     [20:51:09] [POLY] UP bid=0.270 ask=0.280 | DN bid=0.720 ask=0.730 | BTC Δ-0.007% (10s) | 231s left
2026-04-30T16:51:11  INFO     [20:51:11] [POLY] UP bid=0.260 ask=0.270 | DN bid=0.730 ask=0.740 | BTC Δ-0.007% (10s) | 229s left
2026-04-30T16:51:13  INFO     [20:51:13] [POLY] UP bid=0.260 ask=0.270 | DN bid=0.730 ask=0.740 | BTC Δ-0.007% (10s) | 226s left
2026-04-30T16:51:15  INFO     [20:51:15] [POLY] UP bid=0.260 ask=0.270 | DN bid=0.730 ask=0.740 | BTC Δ-0.011% (10s) | 224s left
2026-04-30T16:51:18  INFO     [20:51:17] [POLY] UP bid=0.270 ask=0.280 | DN bid=0.720 ask=0.730 | BTC Δ-0.011% (10s) | 222s left
2026-04-30T16:51:20  INFO     [20:51:20] [POLY] UP bid=0.270 ask=0.280 | DN bid=0.720 ask=0.730 | BTC Δ+0.000% (10s) | 220s left
2026-04-30T16:51:22  INFO     [20:51:22] [POLY] UP bid=0.280 ask=0.290 | DN bid=0.710 ask=0.720 | BTC Δ+0.000% (10s) | 218s left
2026-04-30T16:51:24  INFO     [20:51:24] [POLY] UP bid=0.290 ask=0.300 | DN bid=0.700 ask=0.710 | BTC Δ+0.005% (10s) | 215s left
2026-04-30T16:51:27  INFO     [20:51:26] [POLY] UP bid=0.280 ask=0.290 | DN bid=0.710 ask=0.720 | BTC Δ+0.005% (10s) | 213s left
2026-04-30T16:51:29  INFO     [20:51:29] [POLY] UP bid=0.290 ask=0.300 | DN bid=0.700 ask=0.710 | BTC Δ+0.005% (10s) | 211s left
2026-04-30T16:51:31  INFO     [20:51:31] [POLY] UP bid=0.290 ask=0.300 | DN bid=0.700 ask=0.710 | BTC Δ+0.001% (10s) | 209s left
2026-04-30T16:51:33  INFO     [20:51:33] [POLY] UP bid=0.290 ask=0.300 | DN bid=0.700 ask=0.710 | BTC Δ+0.001% (10s) | 206s left
2026-04-30T16:51:35  INFO     [20:51:35] [POLY] UP bid=0.280 ask=0.290 | DN bid=0.710 ask=0.720 | BTC Δ+0.000% (10s) | 204s left
2026-04-30T16:51:38  INFO     [20:51:37] [POLY] UP bid=0.270 ask=0.280 | DN bid=0.720 ask=0.730 | BTC Δ+0.000% (10s) | 202s left
2026-04-30T16:51:40  INFO     [20:51:40] [POLY] UP bid=0.260 ask=0.270 | DN bid=0.730 ask=0.740 | BTC Δ+0.000% (10s) | 200s left
2026-04-30T16:51:42  INFO     [20:51:42] [POLY] UP bid=0.260 ask=0.270 | DN bid=0.730 ask=0.740 | BTC Δ+0.000% (10s) | 198s left
2026-04-30T16:51:44  INFO     [20:51:44] [POLY] UP bid=0.250 ask=0.260 | DN bid=0.730 ask=0.740 | BTC Δ+0.000% (10s) | 195s left
2026-04-30T16:51:47  INFO     [20:51:46] [POLY] UP bid=0.270 ask=0.280 | DN bid=0.720 ask=0.730 | BTC Δ+0.000% (10s) | 193s left
2026-04-30T16:51:49  INFO     [20:51:49] [POLY] UP bid=0.270 ask=0.280 | DN bid=0.720 ask=0.730 | BTC Δ+0.000% (10s) | 191s left
2026-04-30T16:51:51  INFO     [20:51:51] [POLY] UP bid=0.270 ask=0.280 | DN bid=0.720 ask=0.730 | BTC Δ+0.000% (10s) | 189s left
2026-04-30T16:51:53  INFO     [20:51:53] [POLY] UP bid=0.350 ask=0.360 | DN bid=0.640 ask=0.650 | BTC Δ+0.016% (10s) | 186s left
2026-04-30T16:51:56  INFO     [20:51:55] [POLY] UP bid=0.350 ask=0.360 | DN bid=0.640 ask=0.650 | BTC Δ+0.016% (10s) | 184s left
2026-04-30T16:51:58  INFO     [20:51:58] [POLY] UP bid=0.330 ask=0.340 | DN bid=0.660 ask=0.670 | BTC Δ+0.016% (10s) | 182s left
2026-04-30T16:52:00  INFO     [20:52:00] [POLY] UP bid=0.330 ask=0.340 | DN bid=0.660 ask=0.670 | BTC Δ+0.016% (10s) | 180s left
2026-04-30T16:52:02  INFO     [20:52:02] [POLY] UP bid=0.290 ask=0.300 | DN bid=0.700 ask=0.710 | BTC Δ-0.008% (10s) | 178s left
2026-04-30T16:52:04  INFO     [20:52:04] [POLY] UP bid=0.280 ask=0.290 | DN bid=0.710 ask=0.720 | BTC Δ-0.012% (10s) | 175s left
2026-04-30T16:52:07  INFO     [20:52:06] [POLY] UP bid=0.290 ask=0.300 | DN bid=0.700 ask=0.710 | BTC Δ-0.012% (10s) | 173s left
2026-04-30T16:52:09  INFO     [20:52:09] [POLY] UP bid=0.280 ask=0.290 | DN bid=0.710 ask=0.720 | BTC Δ-0.012% (10s) | 171s left
2026-04-30T16:52:11  INFO     [20:52:11] [POLY] UP bid=0.280 ask=0.290 | DN bid=0.710 ask=0.720 | BTC Δ-0.012% (10s) | 169s left
2026-04-30T16:52:13  INFO     [20:52:13] [POLY] UP bid=0.280 ask=0.290 | DN bid=0.710 ask=0.720 | BTC Δ-0.004% (10s) | 166s left
2026-04-30T16:52:16  INFO     [20:52:15] [POLY] UP bid=0.260 ask=0.270 | DN bid=0.730 ask=0.740 | BTC Δ+0.000% (10s) | 164s left
2026-04-30T16:52:18  INFO     [20:52:18] [POLY] UP bid=0.260 ask=0.270 | DN bid=0.730 ask=0.740 | BTC Δ+0.000% (10s) | 162s left
2026-04-30T16:52:20  INFO     [20:52:20] [POLY] UP bid=0.260 ask=0.270 | DN bid=0.730 ask=0.740 | BTC Δ+0.000% (10s) | 160s left
2026-04-30T16:52:22  INFO     [20:52:22] [POLY] UP bid=0.260 ask=0.270 | DN bid=0.730 ask=0.740 | BTC Δ+0.000% (10s) | 158s left
2026-04-30T16:52:24  INFO     [20:52:24] [POLY] UP bid=0.260 ask=0.270 | DN bid=0.730 ask=0.740 | BTC Δ+0.003% (10s) | 155s left
2026-04-30T16:52:27  INFO     [20:52:26] [POLY] UP bid=0.260 ask=0.270 | DN bid=0.730 ask=0.740 | BTC Δ+0.003% (10s) | 153s left
2026-04-30T16:52:29  INFO     [20:52:29] [POLY] UP bid=0.260 ask=0.270 | DN bid=0.730 ask=0.740 | BTC Δ+0.003% (10s) | 151s left
2026-04-30T16:52:31  INFO     [20:52:31] [POLY] UP bid=0.250 ask=0.260 | DN bid=0.740 ask=0.750 | BTC Δ+0.003% (10s) | 149s left
2026-04-30T16:52:33  INFO     [20:52:33] [POLY] UP bid=0.240 ask=0.250 | DN bid=0.750 ask=0.760 | BTC Δ+0.001% (10s) | 146s left
2026-04-30T16:52:36  INFO     [20:52:35] [POLY] UP bid=0.240 ask=0.250 | DN bid=0.750 ask=0.760 | BTC Δ+0.001% (10s) | 144s left
2026-04-30T16:52:38  INFO     [20:52:38] [POLY] UP bid=0.240 ask=0.250 | DN bid=0.760 ask=0.770 | BTC Δ+0.001% (10s) | 142s left
2026-04-30T16:52:40  INFO     [20:52:40] [POLY] UP bid=0.230 ask=0.240 | DN bid=0.760 ask=0.770 | BTC Δ+0.001% (10s) | 140s left
2026-04-30T16:52:42  INFO     [20:52:42] [POLY] UP bid=0.210 ask=0.220 | DN bid=0.780 ask=0.790 | BTC Δ+0.001% (10s) | 137s left
2026-04-30T16:52:44  INFO     [20:52:44] [POLY] UP bid=0.200 ask=0.210 | DN bid=0.790 ask=0.800 | BTC Δ-0.000% (10s) | 135s left
2026-04-30T16:52:47  INFO     [20:52:46] [POLY] UP bid=0.160 ask=0.170 | DN bid=0.830 ask=0.840 | BTC Δ-0.014% (10s) | 133s left
2026-04-30T16:52:49  INFO     [20:52:49] [POLY] UP bid=0.140 ask=0.150 | DN bid=0.850 ask=0.860 | BTC Δ-0.019% (10s) | 131s left
2026-04-30T16:52:51  INFO     [20:52:51] [POLY] UP bid=0.130 ask=0.140 | DN bid=0.860 ask=0.870 | BTC Δ-0.019% (10s) | 129s left
2026-04-30T16:52:53  INFO     [20:52:53] [POLY] UP bid=0.130 ask=0.140 | DN bid=0.860 ask=0.870 | BTC Δ-0.019% (10s) | 126s left
2026-04-30T16:52:56  INFO     [20:52:55] [POLY] UP bid=0.150 ask=0.160 | DN bid=0.840 ask=0.850 | BTC Δ-0.008% (10s) | 124s left
2026-04-30T16:52:58  INFO     [20:52:58] [POLY] UP bid=0.150 ask=0.160 | DN bid=0.840 ask=0.850 | BTC Δ+0.009% (10s) | 122s left
2026-04-30T16:53:00  INFO     [20:53:00] [POLY] UP bid=0.150 ask=0.160 | DN bid=0.840 ask=0.850 | BTC Δ+0.009% (10s) | 120s left
2026-04-30T16:53:02  INFO     [20:53:02] [POLY] UP bid=0.150 ask=0.160 | DN bid=0.840 ask=0.850 | BTC Δ+0.009% (10s) | 117s left
2026-04-30T16:53:04  INFO     [20:53:04] [POLY] UP bid=0.150 ask=0.160 | DN bid=0.840 ask=0.850 | BTC Δ+0.009% (10s) | 115s left
2026-04-30T16:53:07  INFO     [20:53:06] [POLY] UP bid=0.150 ask=0.160 | DN bid=0.840 ask=0.850 | BTC Δ+0.000% (10s) | 113s left
2026-04-30T16:53:09  INFO     [20:53:09] [POLY] UP bid=0.140 ask=0.150 | DN bid=0.850 ask=0.860 | BTC Δ+0.000% (10s) | 111s left
2026-04-30T16:53:11  INFO     [20:53:11] [POLY] UP bid=0.130 ask=0.140 | DN bid=0.860 ask=0.870 | BTC Δ-0.000% (10s) | 109s left
2026-04-30T16:53:13  INFO     [20:53:13] [POLY] UP bid=0.120 ask=0.130 | DN bid=0.870 ask=0.880 | BTC Δ+0.000% (10s) | 106s left
2026-04-30T16:53:16  INFO     [20:53:15] [POLY] UP bid=0.120 ask=0.130 | DN bid=0.870 ask=0.880 | BTC Δ+0.000% (10s) | 104s left
2026-04-30T16:53:18  INFO     [20:53:18] [POLY] UP bid=0.100 ask=0.110 | DN bid=0.890 ask=0.900 | BTC Δ-0.009% (10s) | 102s left
2026-04-30T16:53:20  INFO     [20:53:20] [POLY] UP bid=0.060 ask=0.070 | DN bid=0.930 ask=0.940 | BTC Δ-0.015% (10s) | 100s left
2026-04-30T16:53:22  INFO     [20:53:22] [POLY] UP bid=0.060 ask=0.070 | DN bid=0.930 ask=0.940 | BTC Δ-0.018% (10s) | 97s left
2026-04-30T16:53:25  INFO     [20:53:24] [POLY] UP bid=0.060 ask=0.070 | DN bid=0.920 ask=0.930 | BTC Δ-0.018% (10s) | 95s left
2026-04-30T16:53:27  INFO     [20:53:27] [POLY] UP bid=0.080 ask=0.090 | DN bid=0.910 ask=0.920 | BTC Δ-0.007% (10s) | 93s left
2026-04-30T16:53:29  INFO     [20:53:29] [POLY] UP bid=0.080 ask=0.090 | DN bid=0.910 ask=0.920 | BTC Δ+0.002% (10s) | 91s left
2026-04-30T16:53:31  INFO     [20:53:31] [POLY] UP bid=0.150 ask=0.170 | DN bid=0.840 ask=0.850 | BTC Δ+0.024% (10s) | 89s left
2026-04-30T16:53:33  INFO     [20:53:33] [POLY] UP bid=0.160 ask=0.170 | DN bid=0.830 ask=0.840 | BTC Δ+0.026% (10s) | 86s left
2026-04-30T16:53:36  INFO     [20:53:35] [POLY] UP bid=0.160 ask=0.170 | DN bid=0.830 ask=0.840 | BTC Δ+0.026% (10s) | 84s left
2026-04-30T16:53:38  INFO     [20:53:38] [POLY] UP bid=0.160 ask=0.170 | DN bid=0.830 ask=0.840 | BTC Δ+0.022% (10s) | 82s left
2026-04-30T16:53:40  INFO     [20:53:40] [POLY] UP bid=0.180 ask=0.190 | DN bid=0.810 ask=0.820 | BTC Δ+0.009% (10s) | 80s left
2026-04-30T16:53:42  INFO     [20:53:42] [POLY] UP bid=0.180 ask=0.190 | DN bid=0.810 ask=0.820 | BTC Δ+0.001% (10s) | 77s left
2026-04-30T16:53:45  INFO     [20:53:44] [POLY] UP bid=0.160 ask=0.170 | DN bid=0.830 ask=0.840 | BTC Δ+0.001% (10s) | 75s left
2026-04-30T16:53:47  INFO     [20:53:47] [POLY] UP bid=0.150 ask=0.160 | DN bid=0.840 ask=0.850 | BTC Δ+0.000% (10s) | 73s left
2026-04-30T16:53:49  INFO     [20:53:49] [POLY] UP bid=0.110 ask=0.120 | DN bid=0.880 ask=0.890 | BTC Δ-0.009% (10s) | 71s left
2026-04-30T16:53:51  INFO     [20:53:51] [POLY] UP bid=0.110 ask=0.120 | DN bid=0.880 ask=0.890 | BTC Δ-0.008% (10s) | 68s left
2026-04-30T16:53:53  INFO     [20:53:53] [POLY] UP bid=0.100 ask=0.110 | DN bid=0.890 ask=0.900 | BTC Δ-0.005% (10s) | 66s left
2026-04-30T16:53:56  INFO     [20:53:55] [POLY] UP bid=0.070 ask=0.080 | DN bid=0.920 ask=0.930 | BTC Δ-0.011% (10s) | 64s left
2026-04-30T16:53:58  INFO     [20:53:58] [POLY] UP bid=0.070 ask=0.080 | DN bid=0.920 ask=0.930 | BTC Δ-0.002% (10s) | 62s left
2026-04-30T16:54:00  INFO     [20:54:00] [POLY] UP bid=0.070 ask=0.080 | DN bid=0.920 ask=0.930 | BTC Δ-0.003% (10s) | 60s left
2026-04-30T16:54:02  INFO     [20:54:02] [POLY] UP bid=0.060 ask=0.070 | DN bid=0.930 ask=0.940 | BTC Δ-0.002% (10s) | 57s left
2026-04-30T16:54:05  INFO     [20:54:04] [POLY] UP bid=0.060 ask=0.070 | DN bid=0.930 ask=0.940 | BTC Δ-0.005% (10s) | 55s left
2026-04-30T16:54:07  INFO     [20:54:07] [POLY] UP bid=0.070 ask=0.080 | DN bid=0.920 ask=0.930 | BTC Δ+0.001% (10s) | 53s left
2026-04-30T16:54:09  INFO     [20:54:09] [POLY] UP bid=0.070 ask=0.080 | DN bid=0.920 ask=0.930 | BTC Δ+0.004% (10s) | 51s left
2026-04-30T16:54:11  INFO     [20:54:11] [POLY] UP bid=0.050 ask=0.060 | DN bid=0.940 ask=0.950 | BTC Δ-0.000% (10s) | 49s left
2026-04-30T16:54:13  INFO     [20:54:13] [POLY] UP bid=0.050 ask=0.060 | DN bid=0.940 ask=0.950 | BTC Δ-0.001% (10s) | 46s left
2026-04-30T16:54:16  INFO     [20:54:15] [POLY] UP bid=0.050 ask=0.060 | DN bid=0.940 ask=0.950 | BTC Δ-0.001% (10s) | 44s left
2026-04-30T16:54:18  INFO     [20:54:18] [POLY] UP bid=0.070 ask=0.080 | DN bid=0.920 ask=0.930 | BTC Δ-0.004% (10s) | 42s left
2026-04-30T16:54:20  INFO     [20:54:20] [POLY] UP bid=0.070 ask=0.080 | DN bid=0.920 ask=0.930 | BTC Δ+0.003% (10s) | 40s left
2026-04-30T16:54:22  INFO     [20:54:22] [POLY] UP bid=0.080 ask=0.100 | DN bid=0.900 ask=0.910 | BTC Δ+0.010% (10s) | 37s left
2026-04-30T16:54:25  INFO     [20:54:24] [POLY] UP bid=0.090 ask=0.100 | DN bid=0.900 ask=0.910 | BTC Δ+0.011% (10s) | 35s left
2026-04-30T16:54:27  INFO     [20:54:27] [POLY] UP bid=0.080 ask=0.090 | DN bid=0.910 ask=0.920 | BTC Δ+0.014% (10s) | 33s left
2026-04-30T16:54:29  INFO     [20:54:29] [POLY] UP bid=0.060 ask=0.070 | DN bid=0.930 ask=0.940 | BTC Δ+0.013% (10s) | 31s left
2026-04-30T16:54:31  INFO     [20:54:31] [POLY] WATCHING | UP bid=0.050 ask=0.060 | DN bid=0.940 ask=0.950 | 29s left
2026-04-30T16:54:33  INFO     [20:54:33] [POLY] WATCHING | UP bid=0.050 ask=0.060 | DN bid=0.940 ask=0.950 | 26s left
2026-04-30T16:54:36  INFO     [20:54:35] [POLY] WATCHING | UP bid=0.040 ask=0.050 | DN bid=0.880 ask=0.950 | 24s left
2026-04-30T16:54:38  INFO     [20:54:38] [POLY] WATCHING | UP bid=0.050 ask=0.060 | DN bid=0.940 ask=0.950 | 22s left
2026-04-30T16:54:40  INFO     [20:54:40] [POLY] WATCHING | UP bid=0.050 ask=0.060 | DN bid=0.940 ask=0.950 | 20s left
2026-04-30T16:54:42  INFO     [20:54:42] [POLY] WATCHING | UP bid=0.040 ask=0.050 | DN bid=0.950 ask=0.960 | 17s left
2026-04-30T16:54:45  INFO     [20:54:44] [POLY] WATCHING | UP bid=0.040 ask=0.050 | DN bid=0.950 ask=0.960 | 15s left
2026-04-30T16:54:47  INFO     [20:54:47] [POLY] WATCHING | UP bid=0.030 ask=0.040 | DN bid=0.960 ask=0.970 | 13s left
2026-04-30T16:54:49  INFO     [20:54:49] [POLY] WATCHING | UP bid=0.020 ask=0.030 | DN bid=0.970 ask=0.980 | 11s left
2026-04-30T16:54:51  INFO     [20:54:51] [POLY] WATCHING | UP bid=0.020 ask=0.030 | DN bid=0.970 ask=0.980 | 9s left
2026-04-30T16:54:53  INFO     [20:54:53] [POLY] WATCHING | UP bid=0.090 ask=0.110 | DN bid=0.890 ask=0.990 | 6s left
2026-04-30T16:54:56  INFO     [20:54:55] [POLY] WATCHING | UP bid=0.020 ask=0.030 | DN bid=0.970 ask=0.980 | 4s left
2026-04-30T16:55:00  INFO     [20:55:00] [POLY] Window closed — no position held
2026-04-30T16:55:02  INFO     [POLY] Fetching market: btc-updown-5m-1777582500 (2s into window, 298s left)
2026-04-30T16:55:02  INFO     [POLY] ✓ Market loaded: 'Bitcoin Up or Down - April 30, 4:55PM-5:00PM ET'
         vol=$199.66 | UP  bid=0.5100 ask=0.5200 (52.0¢)
         DN  bid=0.4800 ask=0.4900 (49.0¢) | 298s left in window
2026-04-30T16:55:02  INFO     [POLY] ── Window: 'Bitcoin Up or Down - April 30, 4:55PM-5:00PM ET' | vol=$199.66 | 297s left
2026-04-30T16:55:02  INFO     [20:55:02] [POLY] UP bid=0.510 ask=0.520 | DN bid=0.480 ask=0.490 | BTC Δ+0.000% (10s) | 297s left
2026-04-30T16:55:05  INFO     [20:55:04] [POLY] UP bid=0.500 ask=0.510 | DN bid=0.490 ask=0.500 | BTC Δ+0.000% (10s) | 295s left
2026-04-30T16:55:07  INFO     [20:55:07] [POLY] UP bid=0.510 ask=0.520 | DN bid=0.480 ask=0.490 | BTC Δ+0.000% (10s) | 293s left
2026-04-30T16:55:09  INFO     [20:55:09] [POLY] UP bid=0.510 ask=0.520 | DN bid=0.480 ask=0.490 | BTC Δ+0.000% (10s) | 291s left
2026-04-30T16:55:11  INFO     [20:55:11] [POLY] UP bid=0.500 ask=0.510 | DN bid=0.490 ask=0.500 | BTC Δ+0.001% (10s) | 288s left
2026-04-30T16:55:14  INFO     [20:55:13] [POLY] UP bid=0.510 ask=0.520 | DN bid=0.480 ask=0.490 | BTC Δ+0.001% (10s) | 286s left
2026-04-30T16:55:16  INFO     [20:55:16] [POLY] UP bid=0.510 ask=0.520 | DN bid=0.480 ask=0.490 | BTC Δ+0.001% (10s) | 284s left
2026-04-30T16:55:18  INFO     [20:55:18] [POLY] UP bid=0.500 ask=0.510 | DN bid=0.490 ask=0.500 | BTC Δ-0.004% (10s) | 282s left
2026-04-30T16:55:20  INFO     [20:55:20] [POLY] UP bid=0.510 ask=0.520 | DN bid=0.490 ask=0.500 | BTC Δ-0.000% (10s) | 279s left
2026-04-30T16:55:22  INFO     [20:55:22] [POLY] UP bid=0.500 ask=0.510 | DN bid=0.490 ask=0.500 | BTC Δ-0.001% (10s) | 277s left
2026-04-30T16:55:25  INFO     [20:55:24] [POLY] UP bid=0.520 ask=0.530 | DN bid=0.470 ask=0.480 | BTC Δ-0.002% (10s) | 275s left
2026-04-30T16:55:27  INFO     [20:55:27] [POLY] UP bid=0.530 ask=0.540 | DN bid=0.470 ask=0.480 | BTC Δ+0.004% (10s) | 273s left
2026-04-30T16:55:29  INFO     [20:55:29] [POLY] UP bid=0.510 ask=0.520 | DN bid=0.480 ask=0.490 | BTC Δ+0.000% (10s) | 271s left
2026-04-30T16:55:31  INFO     [20:55:31] [POLY] UP bid=0.510 ask=0.520 | DN bid=0.480 ask=0.490 | BTC Δ-0.005% (10s) | 268s left
2026-04-30T16:55:34  INFO     [20:55:33] [POLY] UP bid=0.530 ask=0.540 | DN bid=0.460 ask=0.470 | BTC Δ+0.001% (10s) | 266s left
2026-04-30T16:55:36  INFO     [20:55:36] [POLY] UP bid=0.510 ask=0.520 | DN bid=0.480 ask=0.490 | BTC Δ+0.000% (10s) | 264s left
2026-04-30T16:55:38  INFO     [20:55:38] [POLY] UP bid=0.480 ask=0.490 | DN bid=0.510 ask=0.520 | BTC Δ-0.012% (10s) | 262s left
2026-04-30T16:55:40  INFO     [20:55:40] [POLY] UP bid=0.480 ask=0.490 | DN bid=0.510 ask=0.520 | BTC Δ-0.012% (10s) | 259s left
2026-04-30T16:55:42  INFO     [20:55:42] [POLY] UP bid=0.480 ask=0.490 | DN bid=0.510 ask=0.520 | BTC Δ-0.012% (10s) | 257s left
2026-04-30T16:55:45  INFO     [20:55:44] [POLY] UP bid=0.490 ask=0.500 | DN bid=0.500 ask=0.510 | BTC Δ-0.013% (10s) | 255s left
2026-04-30T16:55:47  INFO     [20:55:47] [POLY] UP bid=0.490 ask=0.500 | DN bid=0.500 ask=0.510 | BTC Δ+0.000% (10s) | 253s left
2026-04-30T16:55:49  INFO     [20:55:49] [POLY] UP bid=0.490 ask=0.500 | DN bid=0.500 ask=0.510 | BTC Δ+0.000% (10s) | 251s left
2026-04-30T16:55:51  INFO     [20:55:51] [POLY] UP bid=0.490 ask=0.500 | DN bid=0.500 ask=0.510 | BTC Δ+0.000% (10s) | 248s left
2026-04-30T16:55:54  INFO     [20:55:53] [POLY] UP bid=0.490 ask=0.500 | DN bid=0.500 ask=0.510 | BTC Δ+0.000% (10s) | 246s left
2026-04-30T16:55:56  INFO     [20:55:56] [POLY] UP bid=0.480 ask=0.490 | DN bid=0.520 ask=0.530 | BTC Δ+0.000% (10s) | 244s left
2026-04-30T16:55:58  INFO     [20:55:58] [POLY] UP bid=0.470 ask=0.480 | DN bid=0.520 ask=0.530 | BTC Δ+0.000% (10s) | 242s left
2026-04-30T16:56:00  INFO     [20:56:00] [POLY] UP bid=0.470 ask=0.480 | DN bid=0.520 ask=0.530 | BTC Δ+0.004% (10s) | 239s left
2026-04-30T16:56:03  INFO     [20:56:02] [POLY] UP bid=0.470 ask=0.480 | DN bid=0.520 ask=0.530 | BTC Δ+0.001% (10s) | 237s left
2026-04-30T16:56:05  INFO     [20:56:05] [POLY] UP bid=0.410 ask=0.420 | DN bid=0.580 ask=0.590 | BTC Δ-0.006% (10s) | 235s left
2026-04-30T16:56:07  INFO     [20:56:07] [POLY] UP bid=0.400 ask=0.410 | DN bid=0.590 ask=0.600 | BTC Δ-0.006% (10s) | 233s left
2026-04-30T16:56:09  INFO     [20:56:09] [POLY] UP bid=0.480 ask=0.490 | DN bid=0.510 ask=0.520 | BTC Δ-0.003% (10s) | 231s left
2026-04-30T16:56:11  INFO     [20:56:11] [POLY] UP bid=0.480 ask=0.490 | DN bid=0.510 ask=0.520 | BTC Δ+0.000% (10s) | 228s left
2026-04-30T16:56:14  INFO     [20:56:13] [POLY] UP bid=0.480 ask=0.490 | DN bid=0.510 ask=0.520 | BTC Δ+0.008% (10s) | 226s left
2026-04-30T16:56:16  INFO     [20:56:16] [POLY] UP bid=0.480 ask=0.490 | DN bid=0.510 ask=0.520 | BTC Δ+0.007% (10s) | 224s left
2026-04-30T16:56:18  INFO     [20:56:18] [POLY] UP bid=0.480 ask=0.490 | DN bid=0.510 ask=0.520 | BTC Δ+0.000% (10s) | 222s left
2026-04-30T16:56:20  INFO     [20:56:20] [POLY] UP bid=0.480 ask=0.490 | DN bid=0.510 ask=0.520 | BTC Δ+0.000% (10s) | 219s left
2026-04-30T16:56:23  INFO     [20:56:22] [POLY] UP bid=0.480 ask=0.490 | DN bid=0.510 ask=0.520 | BTC Δ+0.000% (10s) | 217s left
2026-04-30T16:56:25  INFO     [20:56:25] [POLY] UP bid=0.470 ask=0.480 | DN bid=0.520 ask=0.530 | BTC Δ+0.004% (10s) | 215s left
2026-04-30T16:56:27  INFO     [20:56:27] [POLY] UP bid=0.470 ask=0.480 | DN bid=0.520 ask=0.530 | BTC Δ+0.004% (10s) | 213s left
2026-04-30T16:56:29  INFO     [20:56:29] [POLY] UP bid=0.460 ask=0.470 | DN bid=0.530 ask=0.540 | BTC Δ+0.004% (10s) | 210s left
2026-04-30T16:56:31  INFO     [20:56:31] [POLY] UP bid=0.470 ask=0.480 | DN bid=0.520 ask=0.530 | BTC Δ+0.004% (10s) | 208s left
2026-04-30T16:56:34  INFO     [20:56:33] [POLY] UP bid=0.480 ask=0.490 | DN bid=0.510 ask=0.520 | BTC Δ+0.004% (10s) | 206s left
2026-04-30T16:56:36  INFO     [20:56:36] [POLY] UP bid=0.480 ask=0.490 | DN bid=0.510 ask=0.520 | BTC Δ+0.000% (10s) | 204s left
2026-04-30T16:56:38  INFO     [20:56:38] [POLY] UP bid=0.480 ask=0.490 | DN bid=0.510 ask=0.520 | BTC Δ+0.000% (10s) | 202s left
2026-04-30T16:56:40  INFO     [20:56:40] [POLY] UP bid=0.470 ask=0.480 | DN bid=0.520 ask=0.530 | BTC Δ+0.000% (10s) | 199s left
2026-04-30T16:56:43  INFO     [20:56:42] [POLY] UP bid=0.470 ask=0.480 | DN bid=0.520 ask=0.530 | BTC Δ+0.000% (10s) | 197s left
2026-04-30T16:56:45  INFO     [20:56:45] [POLY] UP bid=0.470 ask=0.480 | DN bid=0.520 ask=0.530 | BTC Δ+0.000% (10s) | 195s left
2026-04-30T16:56:47  INFO     [20:56:47] [POLY] UP bid=0.470 ask=0.480 | DN bid=0.520 ask=0.530 | BTC Δ+0.000% (10s) | 193s left
2026-04-30T16:56:49  INFO     [20:56:49] [POLY] UP bid=0.480 ask=0.490 | DN bid=0.510 ask=0.520 | BTC Δ+0.000% (10s) | 191s left
2026-04-30T16:56:51  INFO     [20:56:51] [POLY] UP bid=0.490 ask=0.500 | DN bid=0.500 ask=0.510 | BTC Δ+0.000% (10s) | 188s left
2026-04-30T16:56:54  INFO     [20:56:53] [POLY] UP bid=0.490 ask=0.500 | DN bid=0.500 ask=0.510 | BTC Δ+0.000% (10s) | 186s left
2026-04-30T16:56:56  INFO     [20:56:56] [POLY] UP bid=0.490 ask=0.500 | DN bid=0.500 ask=0.510 | BTC Δ+0.000% (10s) | 184s left
2026-04-30T16:56:58  INFO     [20:56:58] [POLY] UP bid=0.410 ask=0.420 | DN bid=0.580 ask=0.590 | BTC Δ-0.014% (10s) | 182s left
2026-04-30T16:57:00  INFO     [20:57:00] [POLY] UP bid=0.410 ask=0.420 | DN bid=0.580 ask=0.590 | BTC Δ-0.009% (10s) | 179s left
2026-04-30T16:57:03  INFO     [20:57:02] [POLY] UP bid=0.400 ask=0.410 | DN bid=0.590 ask=0.600 | BTC Δ-0.009% (10s) | 177s left
2026-04-30T16:57:05  INFO     [20:57:05] [POLY] UP bid=0.410 ask=0.420 | DN bid=0.580 ask=0.590 | BTC Δ-0.009% (10s) | 175s left
2026-04-30T16:57:07  INFO     [20:57:07] [POLY] UP bid=0.410 ask=0.420 | DN bid=0.580 ask=0.590 | BTC Δ-0.009% (10s) | 173s left
2026-04-30T16:57:09  INFO     [20:57:09] [POLY] UP bid=0.440 ask=0.450 | DN bid=0.560 ask=0.570 | BTC Δ+0.000% (10s) | 171s left
2026-04-30T16:57:11  INFO     [20:57:11] [POLY] UP bid=0.420 ask=0.430 | DN bid=0.570 ask=0.580 | BTC Δ+0.000% (10s) | 168s left
2026-04-30T16:57:14  INFO     [20:57:13] [POLY] UP bid=0.420 ask=0.430 | DN bid=0.570 ask=0.580 | BTC Δ+0.000% (10s) | 166s left
2026-04-30T16:57:16  INFO     [20:57:16] [POLY] UP bid=0.420 ask=0.430 | DN bid=0.570 ask=0.580 | BTC Δ+0.002% (10s) | 164s left
2026-04-30T16:57:18  INFO     [20:57:18] [POLY] UP bid=0.420 ask=0.430 | DN bid=0.570 ask=0.580 | BTC Δ+0.002% (10s) | 162s left
2026-04-30T16:57:20  INFO     [20:57:20] [POLY] UP bid=0.420 ask=0.430 | DN bid=0.570 ask=0.580 | BTC Δ+0.002% (10s) | 159s left
2026-04-30T16:57:23  INFO     [20:57:22] [POLY] UP bid=0.420 ask=0.430 | DN bid=0.570 ask=0.580 | BTC Δ+0.002% (10s) | 157s left
2026-04-30T16:57:25  INFO     [20:57:25] [POLY] UP bid=0.420 ask=0.430 | DN bid=0.570 ask=0.580 | BTC Δ+0.000% (10s) | 155s left
2026-04-30T16:57:27  INFO     [20:57:27] [POLY] UP bid=0.420 ask=0.430 | DN bid=0.570 ask=0.580 | BTC Δ+0.000% (10s) | 153s left
2026-04-30T16:57:29  INFO     [20:57:29] [POLY] UP bid=0.390 ask=0.400 | DN bid=0.600 ask=0.610 | BTC Δ+0.000% (10s) | 151s left
2026-04-30T16:57:31  INFO     [20:57:31] [POLY] UP bid=0.390 ask=0.400 | DN bid=0.600 ask=0.610 | BTC Δ-0.003% (10s) | 148s left
2026-04-30T16:57:34  INFO     [20:57:33] [POLY] UP bid=0.400 ask=0.410 | DN bid=0.590 ask=0.600 | BTC Δ-0.003% (10s) | 146s left
2026-04-30T16:57:36  INFO     [20:57:36] [POLY] UP bid=0.310 ask=0.320 | DN bid=0.680 ask=0.690 | BTC Δ-0.005% (10s) | 144s left
2026-04-30T16:57:38  INFO     [20:57:38] [POLY] UP bid=0.430 ask=0.440 | DN bid=0.560 ask=0.570 | BTC Δ-0.001% (10s) | 142s left
2026-04-30T16:57:40  INFO     [20:57:40] [POLY] UP bid=0.400 ask=0.410 | DN bid=0.590 ask=0.600 | BTC Δ+0.002% (10s) | 139s left
2026-04-30T16:57:43  INFO     [20:57:42] [POLY] UP bid=0.370 ask=0.380 | DN bid=0.620 ask=0.630 | BTC Δ+0.002% (10s) | 137s left
2026-04-30T16:57:45  INFO     [20:57:45] [POLY] UP bid=0.380 ask=0.390 | DN bid=0.610 ask=0.620 | BTC Δ+0.002% (10s) | 135s left
2026-04-30T16:57:47  INFO     [20:57:47] [POLY] UP bid=0.380 ask=0.390 | DN bid=0.610 ask=0.620 | BTC Δ-0.000% (10s) | 133s left
2026-04-30T16:57:49  INFO     [20:57:49] [POLY] UP bid=0.380 ask=0.390 | DN bid=0.630 ask=0.640 | BTC Δ-0.000% (10s) | 130s left
2026-04-30T16:57:52  INFO     [20:57:51] [POLY] UP bid=0.350 ask=0.360 | DN bid=0.640 ask=0.650 | BTC Δ-0.000% (10s) | 128s left
2026-04-30T16:57:54  INFO     [20:57:54] [POLY] UP bid=0.340 ask=0.350 | DN bid=0.650 ask=0.660 | BTC Δ-0.004% (10s) | 126s left
2026-04-30T16:57:56  INFO     [20:57:56] [POLY] UP bid=0.270 ask=0.280 | DN bid=0.720 ask=0.730 | BTC Δ-0.010% (10s) | 124s left
2026-04-30T16:57:58  INFO     [20:57:58] [POLY] UP bid=0.270 ask=0.280 | DN bid=0.720 ask=0.730 | BTC Δ-0.010% (10s) | 122s left
2026-04-30T16:58:00  INFO     [20:58:00] [POLY] UP bid=0.260 ask=0.270 | DN bid=0.720 ask=0.730 | BTC Δ-0.010% (10s) | 119s left
2026-04-30T16:58:03  INFO     [20:58:02] [POLY] UP bid=0.170 ask=0.180 | DN bid=0.820 ask=0.830 | BTC Δ-0.018% (10s) | 117s left
2026-04-30T16:58:05  INFO     [20:58:05] [POLY] UP bid=0.210 ask=0.290 | DN bid=0.710 ask=0.780 | BTC Δ+0.004% (10s) | 115s left
2026-04-30T16:58:07  INFO     [20:58:07] [POLY] UP bid=0.280 ask=0.290 | DN bid=0.710 ask=0.720 | BTC Δ+0.004% (10s) | 113s left
2026-04-30T16:58:09  INFO     [20:58:09] [POLY] UP bid=0.310 ask=0.320 | DN bid=0.670 ask=0.680 | BTC Δ+0.004% (10s) | 110s left
2026-04-30T16:58:12  INFO     [20:58:11] [POLY] UP bid=0.370 ask=0.380 | DN bid=0.620 ask=0.630 | BTC Δ+0.019% (10s) | 108s left
2026-04-30T16:58:14  INFO     [20:58:14] [POLY] UP bid=0.410 ask=0.420 | DN bid=0.580 ask=0.590 | BTC Δ+0.014% (10s) | 106s left
2026-04-30T16:58:16  INFO     [20:58:16] [POLY] UP bid=0.420 ask=0.430 | DN bid=0.560 ask=0.570 | BTC Δ+0.009% (10s) | 104s left
2026-04-30T16:58:18  INFO     [20:58:18] [POLY] UP bid=0.440 ask=0.460 | DN bid=0.550 ask=0.560 | BTC Δ+0.013% (10s) | 101s left
2026-04-30T16:58:21  INFO     [20:58:20] [POLY] UP bid=0.400 ask=0.410 | DN bid=0.590 ask=0.600 | BTC Δ+0.011% (10s) | 99s left
2026-04-30T16:58:23  INFO     [20:58:23] [POLY] UP bid=0.410 ask=0.420 | DN bid=0.580 ask=0.590 | BTC Δ+0.004% (10s) | 97s left
2026-04-30T16:58:25  INFO     [20:58:25] [POLY] UP bid=0.410 ask=0.420 | DN bid=0.580 ask=0.600 | BTC Δ+0.003% (10s) | 95s left
2026-04-30T16:58:27  INFO     [20:58:27] [POLY] UP bid=0.410 ask=0.420 | DN bid=0.580 ask=0.590 | BTC Δ+0.000% (10s) | 93s left
2026-04-30T16:58:29  INFO     [20:58:29] [POLY] UP bid=0.280 ask=0.290 | DN bid=0.710 ask=0.720 | BTC Δ-0.009% (10s) | 90s left
2026-04-30T16:58:32  INFO     [20:58:31] [POLY] UP bid=0.270 ask=0.280 | DN bid=0.720 ask=0.730 | BTC Δ-0.012% (10s) | 88s left
2026-04-30T16:58:34  INFO     [20:58:34] [POLY] UP bid=0.260 ask=0.270 | DN bid=0.730 ask=0.740 | BTC Δ-0.014% (10s) | 86s left
2026-04-30T16:58:36  INFO     [20:58:36] [POLY] UP bid=0.250 ask=0.260 | DN bid=0.740 ask=0.750 | BTC Δ-0.014% (10s) | 84s left
2026-04-30T16:58:38  INFO     [20:58:38] [POLY] UP bid=0.130 ask=0.140 | DN bid=0.860 ask=0.870 | BTC Δ-0.024% (10s) | 81s left
2026-04-30T16:58:41  INFO     [20:58:40] [POLY] UP bid=0.160 ask=0.170 | DN bid=0.830 ask=0.840 | BTC Δ-0.012% (10s) | 79s left
2026-04-30T16:58:43  INFO     [20:58:43] [POLY] UP bid=0.170 ask=0.180 | DN bid=0.820 ask=0.830 | BTC Δ-0.010% (10s) | 77s left
2026-04-30T16:58:45  INFO     [20:58:45] [POLY] UP bid=0.140 ask=0.150 | DN bid=0.850 ask=0.860 | BTC Δ-0.009% (10s) | 75s left
2026-04-30T16:58:47  INFO     [20:58:47] [POLY] UP bid=0.150 ask=0.160 | DN bid=0.840 ask=0.850 | BTC Δ+0.013% (10s) | 73s left
2026-04-30T16:58:49  INFO     [20:58:49] [POLY] UP bid=0.150 ask=0.160 | DN bid=0.840 ask=0.850 | BTC Δ+0.001% (10s) | 70s left
2026-04-30T16:58:52  INFO     [20:58:51] [POLY] UP bid=0.090 ask=0.100 | DN bid=0.920 ask=0.930 | BTC Δ-0.009% (10s) | 68s left
2026-04-30T16:58:54  INFO     [20:58:54] [POLY] UP bid=0.070 ask=0.080 | DN bid=0.920 ask=0.930 | BTC Δ-0.014% (10s) | 66s left
2026-04-30T16:58:56  INFO     [20:58:56] [POLY] UP bid=0.060 ask=0.070 | DN bid=0.930 ask=0.940 | BTC Δ-0.014% (10s) | 64s left
2026-04-30T16:58:58  INFO     [20:58:58] [POLY] UP bid=0.040 ask=0.050 | DN bid=0.950 ask=0.960 | BTC Δ-0.037% (10s) | 61s left
2026-04-30T16:59:01  INFO     [20:59:00] [POLY] UP bid=0.020 ask=0.030 | DN bid=0.970 ask=0.980 | BTC Δ-0.030% (10s) | 59s left
2026-04-30T16:59:03  INFO     [20:59:03] [POLY] UP bid=0.010 ask=0.020 | DN bid=0.980 ask=0.990 | BTC Δ-0.026% (10s) | 57s left
2026-04-30T16:59:05  INFO     [20:59:05] [POLY] UP bid=0.010 ask=0.020 | DN bid=0.980 ask=0.990 | BTC Δ-0.022% (10s) | 55s left
2026-04-30T16:59:07  INFO     [20:59:07] [POLY] UP bid=0.010 ask=0.020 | DN bid=0.980 ask=0.990 | BTC Δ-0.007% (10s) | 52s left
2026-04-30T16:59:58  INFO     [20:59:58] [POLY] WATCHING | UP bid=0.500 ask=0.510 | DN bid=0.490 ask=0.500 | 1s left
2026-04-30T17:00:00  INFO     [21:00:00] [POLY] Window closed — no position held
2026-04-30T17:00:02  INFO     [POLY] Fetching market: btc-updown-5m-1777582800 (2s into window, 298s left)
2026-04-30T17:00:03  INFO     [POLY] ✓ Market loaded: 'Bitcoin Up or Down - April 30, 5:00PM-5:05PM ET'
         vol=$376.25 | UP  bid=0.4600 ask=0.4700 (47.0¢)
         DN  bid=0.5300 ask=0.5400 (54.0¢) | 298s left in window
2026-04-30T17:00:03  INFO     [POLY] ── Window: 'Bitcoin Up or Down - April 30, 5:00PM-5:05PM ET' | vol=$376.25 | 296s left
2026-04-30T17:00:03  INFO     [21:00:03] [POLY] UP bid=0.460 ask=0.470 | DN bid=0.530 ask=0.540 | BTC Δ-0.011% (10s) | 296s left
2026-04-30T17:00:06  INFO     [21:00:05] [POLY] UP bid=0.480 ask=0.490 | DN bid=0.510 ask=0.520 | BTC Δ-0.003% (10s) | 294s left
2026-04-30T17:00:08  INFO     [21:00:08] [POLY] UP bid=0.530 ask=0.540 | DN bid=0.460 ask=0.470 | BTC Δ-0.003% (10s) | 292s left
2026-04-30T17:00:10  INFO     [21:00:10] [POLY] UP bid=0.520 ask=0.530 | DN bid=0.470 ask=0.480 | BTC Δ-0.003% (10s) | 290s left
2026-04-30T17:00:12  INFO     [21:00:12] [POLY] UP bid=0.520 ask=0.530 | DN bid=0.470 ask=0.480 | BTC Δ+0.011% (10s) | 287s left
2026-04-30T17:00:15  INFO     [21:00:14] [POLY] UP bid=0.550 ask=0.560 | DN bid=0.440 ask=0.450 | BTC Δ+0.009% (10s) | 285s left
2026-04-30T17:00:17  INFO     [21:00:17] [POLY] UP bid=0.610 ask=0.640 | DN bid=0.380 ask=0.390 | BTC Δ+0.019% (10s) | 283s left
2026-04-30T17:00:19  INFO     [21:00:19] [POLY] UP bid=0.620 ask=0.630 | DN bid=0.370 ask=0.380 | BTC Δ+0.019% (10s) | 281s left
2026-04-30T17:00:21  INFO     [21:00:21] [POLY] UP bid=0.620 ask=0.630 | DN bid=0.380 ask=0.390 | BTC Δ+0.015% (10s) | 278s left
2026-04-30T17:00:24  INFO     [21:00:23] [POLY] UP bid=0.610 ask=0.620 | DN bid=0.380 ask=0.390 | BTC Δ+0.012% (10s) | 276s left
2026-04-30T17:00:26  INFO     [21:00:26] [POLY] UP bid=0.610 ask=0.620 | DN bid=0.380 ask=0.390 | BTC Δ+0.007% (10s) | 274s left
2026-04-30T17:00:28  INFO     [21:00:28] [POLY] UP bid=0.600 ask=0.610 | DN bid=0.390 ask=0.400 | BTC Δ-0.003% (10s) | 272s left
2026-04-30T17:00:30  INFO     [21:00:30] [POLY] UP bid=0.600 ask=0.610 | DN bid=0.390 ask=0.400 | BTC Δ-0.003% (10s) | 269s left
2026-04-30T17:00:33  INFO     [21:00:32] [POLY] UP bid=0.600 ask=0.610 | DN bid=0.390 ask=0.400 | BTC Δ+0.000% (10s) | 267s left
2026-04-30T17:00:35  INFO     [21:00:35] [POLY] UP bid=0.600 ask=0.610 | DN bid=0.390 ask=0.400 | BTC Δ+0.000% (10s) | 265s left
2026-04-30T17:00:37  INFO     [21:00:37] [POLY] UP bid=0.610 ask=0.620 | DN bid=0.380 ask=0.390 | BTC Δ+0.000% (10s) | 263s left
2026-04-30T17:00:39  INFO     [21:00:39] [POLY] UP bid=0.590 ask=0.600 | DN bid=0.400 ask=0.410 | BTC Δ+0.000% (10s) | 261s left
2026-04-30T17:00:42  INFO     [21:00:41] [POLY] UP bid=0.610 ask=0.620 | DN bid=0.380 ask=0.390 | BTC Δ+0.000% (10s) | 258s left
2026-04-30T17:00:44  INFO     [21:00:44] [POLY] UP bid=0.610 ask=0.620 | DN bid=0.380 ask=0.390 | BTC Δ+0.000% (10s) | 256s left
2026-04-30T17:00:46  INFO     [21:00:46] [POLY] UP bid=0.600 ask=0.610 | DN bid=0.390 ask=0.400 | BTC Δ+0.000% (10s) | 254s left
2026-04-30T17:00:48  INFO     [21:00:48] [POLY] UP bid=0.590 ask=0.600 | DN bid=0.400 ask=0.410 | BTC Δ+0.000% (10s) | 252s left
2026-04-30T17:00:50  INFO     [21:00:50] [POLY] UP bid=0.600 ask=0.610 | DN bid=0.390 ask=0.400 | BTC Δ+0.000% (10s) | 249s left
2026-04-30T17:00:53  INFO     [21:00:52] [POLY] UP bid=0.610 ask=0.620 | DN bid=0.380 ask=0.390 | BTC Δ+0.000% (10s) | 247s left
2026-04-30T17:00:55  INFO     [21:00:55] [POLY] UP bid=0.590 ask=0.600 | DN bid=0.400 ask=0.410 | BTC Δ+0.000% (10s) | 245s left
2026-04-30T17:00:57  INFO     [21:00:57] [POLY] UP bid=0.590 ask=0.600 | DN bid=0.400 ask=0.410 | BTC Δ+0.000% (10s) | 243s left
2026-04-30T17:00:59  INFO     [21:00:59] [POLY] UP bid=0.590 ask=0.600 | DN bid=0.390 ask=0.400 | BTC Δ+0.000% (10s) | 240s left
2026-04-30T17:01:02  INFO     [21:01:01] [POLY] UP bid=0.610 ask=0.620 | DN bid=0.380 ask=0.390 | BTC Δ+0.000% (10s) | 238s left
2026-04-30T17:01:05  INFO     [21:01:04] [POLY] UP bid=0.590 ask=0.600 | DN bid=0.400 ask=0.410 | BTC Δ+0.000% (10s) | 236s left
2026-04-30T17:01:07  INFO     [21:01:07] [POLY] UP bid=0.600 ask=0.610 | DN bid=0.390 ask=0.400 | BTC Δ+0.000% (10s) | 233s left
2026-04-30T17:01:09  INFO     [21:01:09] [POLY] UP bid=0.600 ask=0.610 | DN bid=0.390 ask=0.400 | BTC Δ+0.000% (10s) | 230s left
2026-04-30T17:01:11  INFO     [21:01:11] [POLY] UP bid=0.600 ask=0.610 | DN bid=0.390 ask=0.400 | BTC Δ+0.000% (10s) | 228s left
2026-04-30T17:01:14  INFO     [21:01:13] [POLY] UP bid=0.610 ask=0.620 | DN bid=0.380 ask=0.390 | BTC Δ+0.000% (10s) | 226s left
2026-04-30T17:01:16  INFO     [21:01:16] [POLY] UP bid=0.600 ask=0.610 | DN bid=0.390 ask=0.400 | BTC Δ+0.000% (10s) | 224s left
2026-04-30T17:01:18  INFO     [21:01:18] [POLY] UP bid=0.640 ask=0.670 | DN bid=0.330 ask=0.360 | BTC Δ+0.016% (10s) | 222s left
2026-04-30T17:01:20  INFO     [21:01:20] [POLY] UP bid=0.700 ask=0.710 | DN bid=0.290 ask=0.300 | BTC Δ+0.016% (10s) | 219s left
2026-04-30T17:01:23  INFO     [21:01:22] [POLY] UP bid=0.690 ask=0.700 | DN bid=0.300 ask=0.310 | BTC Δ+0.016% (10s) | 217s left
2026-04-30T17:01:25  INFO     [21:01:25] [POLY] UP bid=0.700 ask=0.710 | DN bid=0.290 ask=0.300 | BTC Δ+0.016% (10s) | 215s left
2026-04-30T17:01:27  INFO     [21:01:27] [POLY] UP bid=0.710 ask=0.720 | DN bid=0.280 ask=0.290 | BTC Δ+0.005% (10s) | 213s left
2026-04-30T17:01:29  INFO     [21:01:29] [POLY] UP bid=0.700 ask=0.710 | DN bid=0.290 ask=0.300 | BTC Δ+0.000% (10s) | 210s left
2026-04-30T17:01:31  INFO     [21:01:31] [POLY] UP bid=0.650 ask=0.660 | DN bid=0.340 ask=0.350 | BTC Δ-0.006% (10s) | 208s left
2026-04-30T17:01:34  INFO     [21:01:33] [POLY] UP bid=0.660 ask=0.670 | DN bid=0.330 ask=0.340 | BTC Δ-0.006% (10s) | 206s left
2026-04-30T17:01:36  INFO     [21:01:36] [POLY] UP bid=0.660 ask=0.670 | DN bid=0.330 ask=0.340 | BTC Δ-0.006% (10s) | 204s left
2026-04-30T17:01:38  INFO     [21:01:38] [POLY] UP bid=0.680 ask=0.690 | DN bid=0.310 ask=0.320 | BTC Δ-0.006% (10s) | 202s left
2026-04-30T17:01:40  INFO     [21:01:40] [POLY] UP bid=0.680 ask=0.690 | DN bid=0.310 ask=0.320 | BTC Δ+0.005% (10s) | 200s left
2026-04-30T17:01:42  INFO     [21:01:42] [POLY] UP bid=0.690 ask=0.700 | DN bid=0.300 ask=0.310 | BTC Δ+0.000% (10s) | 197s left
2026-04-30T17:01:45  INFO     [21:01:44] [POLY] UP bid=0.690 ask=0.700 | DN bid=0.300 ask=0.310 | BTC Δ+0.000% (10s) | 195s left
2026-04-30T17:01:47  INFO     [21:01:47] [POLY] UP bid=0.680 ask=0.690 | DN bid=0.310 ask=0.320 | BTC Δ+0.000% (10s) | 193s left
2026-04-30T17:01:49  INFO     [21:01:49] [POLY] UP bid=0.680 ask=0.690 | DN bid=0.310 ask=0.320 | BTC Δ+0.000% (10s) | 191s left
2026-04-30T17:01:51  INFO     [21:01:51] [POLY] UP bid=0.680 ask=0.690 | DN bid=0.310 ask=0.320 | BTC Δ+0.000% (10s) | 189s left
2026-04-30T17:01:53  INFO     [21:01:53] [POLY] UP bid=0.690 ask=0.700 | DN bid=0.300 ask=0.310 | BTC Δ+0.000% (10s) | 186s left
2026-04-30T17:01:56  INFO     [21:01:55] [POLY] UP bid=0.690 ask=0.700 | DN bid=0.300 ask=0.310 | BTC Δ+0.000% (10s) | 184s left
2026-04-30T17:01:58  INFO     [21:01:58] [POLY] UP bid=0.700 ask=0.710 | DN bid=0.290 ask=0.300 | BTC Δ+0.000% (10s) | 182s left
2026-04-30T17:02:00  INFO     [21:02:00] [POLY] UP bid=0.720 ask=0.730 | DN bid=0.270 ask=0.280 | BTC Δ+0.000% (10s) | 180s left
2026-04-30T17:02:02  INFO     [21:02:02] [POLY] UP bid=0.730 ask=0.740 | DN bid=0.260 ask=0.270 | BTC Δ+0.000% (10s) | 178s left
2026-04-30T17:02:04  INFO     [21:02:04] [POLY] UP bid=0.710 ask=0.720 | DN bid=0.280 ask=0.290 | BTC Δ+0.000% (10s) | 175s left
2026-04-30T17:02:07  INFO     [21:02:06] [POLY] UP bid=0.700 ask=0.710 | DN bid=0.290 ask=0.300 | BTC Δ+0.000% (10s) | 173s left
2026-04-30T17:02:09  INFO     [21:02:09] [POLY] UP bid=0.700 ask=0.710 | DN bid=0.290 ask=0.300 | BTC Δ+0.000% (10s) | 171s left
2026-04-30T17:02:11  INFO     [21:02:11] [POLY] UP bid=0.700 ask=0.710 | DN bid=0.290 ask=0.300 | BTC Δ+0.000% (10s) | 169s left
2026-04-30T17:02:13  INFO     [21:02:13] [POLY] UP bid=0.700 ask=0.710 | DN bid=0.290 ask=0.300 | BTC Δ+0.000% (10s) | 167s left
2026-04-30T17:02:15  INFO     [21:02:15] [POLY] UP bid=0.710 ask=0.720 | DN bid=0.280 ask=0.290 | BTC Δ+0.000% (10s) | 164s left
2026-04-30T17:02:18  INFO     [21:02:17] [POLY] UP bid=0.710 ask=0.720 | DN bid=0.280 ask=0.290 | BTC Δ+0.000% (10s) | 162s left
2026-04-30T17:02:20  INFO     [21:02:20] [POLY] UP bid=0.720 ask=0.730 | DN bid=0.270 ask=0.280 | BTC Δ+0.000% (10s) | 160s left
2026-04-30T17:02:22  INFO     [21:02:22] [POLY] UP bid=0.730 ask=0.740 | DN bid=0.260 ask=0.270 | BTC Δ+0.000% (10s) | 158s left
2026-04-30T17:02:24  INFO     [21:02:24] [POLY] UP bid=0.740 ask=0.750 | DN bid=0.250 ask=0.260 | BTC Δ+0.000% (10s) | 156s left
2026-04-30T17:02:26  INFO     [21:02:26] [POLY] UP bid=0.750 ask=0.760 | DN bid=0.240 ask=0.250 | BTC Δ+0.000% (10s) | 153s left
2026-04-30T17:02:28  INFO     [21:02:28] [POLY] UP bid=0.760 ask=0.770 | DN bid=0.230 ask=0.240 | BTC Δ+0.000% (10s) | 151s left
2026-04-30T17:02:31  INFO     [21:02:31] [POLY] UP bid=0.780 ask=0.790 | DN bid=0.210 ask=0.220 | BTC Δ+0.005% (10s) | 149s left
2026-04-30T17:02:33  INFO     [21:02:33] [POLY] UP bid=0.790 ask=0.800 | DN bid=0.200 ask=0.210 | BTC Δ+0.006% (10s) | 147s left
2026-04-30T17:02:35  INFO     [21:02:35] [POLY] UP bid=0.790 ask=0.800 | DN bid=0.200 ask=0.210 | BTC Δ+0.007% (10s) | 145s left
2026-04-30T17:02:37  INFO     [21:02:37] [POLY] UP bid=0.800 ask=0.810 | DN bid=0.190 ask=0.200 | BTC Δ+0.007% (10s) | 142s left
2026-04-30T17:02:39  INFO     [21:02:39] [POLY] UP bid=0.800 ask=0.810 | DN bid=0.190 ask=0.200 | BTC Δ+0.007% (10s) | 140s left
2026-04-30T17:02:42  INFO     [21:02:41] [POLY] UP bid=0.790 ask=0.800 | DN bid=0.190 ask=0.200 | BTC Δ+0.004% (10s) | 138s left
2026-04-30T17:02:44  INFO     [21:02:44] [POLY] UP bid=0.790 ask=0.800 | DN bid=0.200 ask=0.210 | BTC Δ+0.004% (10s) | 136s left
2026-04-30T17:02:46  INFO     [21:02:46] [POLY] UP bid=0.790 ask=0.800 | DN bid=0.200 ask=0.210 | BTC Δ+0.002% (10s) | 134s left
2026-04-30T17:02:48  INFO     [21:02:48] [POLY] UP bid=0.800 ask=0.810 | DN bid=0.190 ask=0.200 | BTC Δ+0.002% (10s) | 131s left
2026-04-30T17:02:50  INFO     [21:02:50] [POLY] UP bid=0.800 ask=0.810 | DN bid=0.190 ask=0.200 | BTC Δ+0.002% (10s) | 129s left
2026-04-30T17:02:53  INFO     [21:02:52] [POLY] UP bid=0.800 ask=0.810 | DN bid=0.190 ask=0.200 | BTC Δ+0.000% (10s) | 127s left
2026-04-30T17:02:55  INFO     [21:02:55] [POLY] UP bid=0.820 ask=0.830 | DN bid=0.170 ask=0.180 | BTC Δ+0.000% (10s) | 125s left
2026-04-30T17:02:57  INFO     [21:02:57] [POLY] UP bid=0.820 ask=0.830 | DN bid=0.170 ask=0.180 | BTC Δ+0.000% (10s) | 123s left
2026-04-30T17:02:59  INFO     [21:02:59] [POLY] UP bid=0.830 ask=0.840 | DN bid=0.160 ask=0.170 | BTC Δ-0.000% (10s) | 120s left
2026-04-30T17:03:01  INFO     [21:03:01] [POLY] UP bid=0.840 ask=0.850 | DN bid=0.150 ask=0.160 | BTC Δ+0.000% (10s) | 118s left
2026-04-30T17:03:04  INFO     [21:03:03] [POLY] UP bid=0.840 ask=0.850 | DN bid=0.150 ask=0.160 | BTC Δ+0.000% (10s) | 116s left
2026-04-30T17:03:06  INFO     [21:03:06] [POLY] UP bid=0.810 ask=0.820 | DN bid=0.180 ask=0.190 | BTC Δ-0.005% (10s) | 114s left
2026-04-30T17:03:08  INFO     [21:03:08] [POLY] UP bid=0.810 ask=0.820 | DN bid=0.180 ask=0.190 | BTC Δ-0.005% (10s) | 112s left
2026-04-30T17:03:10  INFO     [21:03:10] [POLY] UP bid=0.810 ask=0.820 | DN bid=0.180 ask=0.190 | BTC Δ-0.005% (10s) | 110s left
2026-04-30T17:03:12  INFO     [21:03:12] [POLY] UP bid=0.810 ask=0.820 | DN bid=0.180 ask=0.190 | BTC Δ-0.005% (10s) | 107s left
2026-04-30T17:03:15  INFO     [21:03:14] [POLY] UP bid=0.810 ask=0.820 | DN bid=0.180 ask=0.190 | BTC Δ+0.007% (10s) | 105s left
2026-04-30T17:03:17  INFO     [21:03:17] [POLY] UP bid=0.820 ask=0.830 | DN bid=0.170 ask=0.180 | BTC Δ+0.005% (10s) | 103s left
2026-04-30T17:03:19  INFO     [21:03:19] [POLY] UP bid=0.830 ask=0.840 | DN bid=0.170 ask=0.180 | BTC Δ+0.003% (10s) | 101s left
2026-04-30T17:03:21  INFO     [21:03:21] [POLY] UP bid=0.830 ask=0.840 | DN bid=0.160 ask=0.170 | BTC Δ+0.003% (10s) | 99s left
2026-04-30T17:03:23  INFO     [21:03:23] [POLY] UP bid=0.830 ask=0.840 | DN bid=0.160 ask=0.170 | BTC Δ-0.005% (10s) | 96s left
2026-04-30T17:03:26  INFO     [21:03:25] [POLY] UP bid=0.830 ask=0.840 | DN bid=0.160 ask=0.170 | BTC Δ-0.005% (10s) | 94s left
2026-04-30T17:03:28  INFO     [21:03:28] [POLY] UP bid=0.840 ask=0.850 | DN bid=0.150 ask=0.160 | BTC Δ-0.005% (10s) | 92s left
2026-04-30T17:03:30  INFO     [21:03:30] [POLY] UP bid=0.840 ask=0.850 | DN bid=0.150 ask=0.160 | BTC Δ-0.003% (10s) | 90s left
2026-04-30T17:03:32  INFO     [21:03:32] [POLY] UP bid=0.840 ask=0.850 | DN bid=0.150 ask=0.160 | BTC Δ+0.000% (10s) | 88s left
2026-04-30T17:03:34  INFO     [21:03:34] [POLY] UP bid=0.840 ask=0.850 | DN bid=0.150 ask=0.160 | BTC Δ+0.000% (10s) | 85s left
2026-04-30T17:03:36  INFO     [21:03:36] [POLY] UP bid=0.850 ask=0.860 | DN bid=0.140 ask=0.150 | BTC Δ+0.000% (10s) | 83s left
2026-04-30T17:03:39  INFO     [21:03:38] [POLY] UP bid=0.860 ask=0.870 | DN bid=0.120 ask=0.130 | BTC Δ+0.000% (10s) | 81s left
2026-04-30T17:03:41  INFO     [21:03:41] [POLY] UP bid=0.890 ask=0.900 | DN bid=0.100 ask=0.110 | BTC Δ+0.005% (10s) | 79s left
2026-04-30T17:03:43  INFO     [21:03:43] [POLY] UP bid=0.890 ask=0.900 | DN bid=0.100 ask=0.110 | BTC Δ+0.005% (10s) | 77s left
2026-04-30T17:03:45  INFO     [21:03:45] [POLY] UP bid=0.930 ask=0.940 | DN bid=0.060 ask=0.070 | BTC Δ+0.017% (10s) | 74s left
2026-04-30T17:03:47  INFO     [21:03:47] [POLY] UP bid=0.940 ask=0.950 | DN bid=0.050 ask=0.060 | BTC Δ+0.016% (10s) | 72s left
2026-04-30T17:03:50  INFO     [21:03:49] [POLY] UP bid=0.940 ask=0.950 | DN bid=0.040 ask=0.050 | BTC Δ+0.009% (10s) | 70s left
2026-04-30T17:03:52  INFO     [21:03:52] [POLY] UP bid=0.950 ask=0.960 | DN bid=0.040 ask=0.050 | BTC Δ+0.009% (10s) | 68s left
2026-04-30T17:03:54  INFO     [21:03:54] [POLY] UP bid=0.950 ask=0.960 | DN bid=0.040 ask=0.050 | BTC Δ+0.001% (10s) | 66s left
2026-04-30T17:03:56  INFO     [21:03:56] [POLY] UP bid=0.940 ask=0.950 | DN bid=0.050 ask=0.060 | BTC Δ-0.004% (10s) | 63s left
2026-04-30T17:03:58  INFO     [21:03:58] [POLY] UP bid=0.960 ask=0.970 | DN bid=0.030 ask=0.040 | BTC Δ-0.000% (10s) | 61s left
2026-04-30T17:04:01  INFO     [21:04:00] [POLY] UP bid=0.960 ask=0.970 | DN bid=0.030 ask=0.040 | BTC Δ-0.000% (10s) | 59s left
2026-04-30T17:04:03  INFO     [21:04:03] [POLY] UP bid=0.960 ask=0.970 | DN bid=0.030 ask=0.040 | BTC Δ-0.000% (10s) | 57s left
2026-04-30T17:04:05  INFO     [21:04:05] [POLY] UP bid=0.960 ask=0.970 | DN bid=0.030 ask=0.040 | BTC Δ-0.000% (10s) | 55s left
2026-04-30T17:04:07  INFO     [21:04:07] [POLY] UP bid=0.950 ask=0.960 | DN bid=0.040 ask=0.050 | BTC Δ-0.000% (10s) | 52s left
2026-04-30T17:04:09  INFO     [21:04:09] [POLY] UP bid=0.950 ask=0.960 | DN bid=0.040 ask=0.050 | BTC Δ-0.000% (10s) | 50s left
2026-04-30T17:04:12  INFO     [21:04:11] [POLY] UP bid=0.970 ask=0.980 | DN bid=0.020 ask=0.030 | BTC Δ-0.000% (10s) | 48s left
2026-04-30T17:04:14  INFO     [21:04:14] [POLY] UP bid=0.970 ask=0.980 | DN bid=0.020 ask=0.030 | BTC Δ+0.000% (10s) | 46s left
2026-04-30T17:04:16  INFO     [21:04:16] [POLY] UP bid=0.970 ask=0.980 | DN bid=0.020 ask=0.030 | BTC Δ-0.000% (10s) | 44s left
2026-04-30T17:04:18  INFO     [21:04:18] [POLY] UP bid=0.970 ask=0.980 | DN bid=0.020 ask=0.030 | BTC Δ-0.000% (10s) | 41s left
2026-04-30T17:04:20  INFO     [21:04:20] [POLY] UP bid=0.970 ask=0.980 | DN bid=0.020 ask=0.030 | BTC Δ+0.000% (10s) | 39s left
2026-04-30T17:04:23  INFO     [21:04:22] [POLY] UP bid=0.970 ask=0.980 | DN bid=0.020 ask=0.030 | BTC Δ+0.000% (10s) | 37s left
2026-04-30T17:04:25  INFO     [21:04:25] [POLY] UP bid=0.970 ask=0.980 | DN bid=0.020 ask=0.030 | BTC Δ+0.000% (10s) | 35s left
2026-04-30T17:04:27  INFO     [21:04:27] [POLY] UP bid=0.980 ask=0.990 | DN bid=0.010 ask=0.020 | BTC Δ-0.000% (10s) | 33s left
2026-04-30T17:04:29  INFO     [21:04:29] [POLY] UP bid=0.980 ask=0.990 | DN bid=0.010 ask=0.020 | BTC Δ+0.000% (10s) | 30s left
2026-04-30T17:04:31  INFO     [21:04:31] [POLY] WATCHING | UP bid=0.980 ask=0.990 | DN bid=0.010 ask=0.020 | 28s left
2026-04-30T17:04:34  INFO     [21:04:33] [POLY] WATCHING | UP bid=0.980 ask=0.990 | DN bid=0.010 ask=0.020 | 26s left
2026-04-30T17:04:36  INFO     [21:04:36] [POLY] WATCHING | UP bid=0.980 ask=0.990 | DN bid=0.010 ask=0.020 | 24s left
2026-04-30T17:04:38  INFO     [21:04:38] [POLY] WATCHING | UP bid=0.980 ask=0.990 | DN bid=0.010 ask=0.020 | 22s left
2026-04-30T17:04:53  INFO     [21:04:53] [POLY] WATCHING | UP bid=0.130 ask=0.140 | DN bid=0.850 ask=0.870 | 6s left
2026-04-30T17:04:56  INFO     [21:04:55] [POLY] WATCHING | UP bid=0.490 ask=0.500 | DN bid=0.500 ask=0.510 | 4s left
2026-04-30T17:04:58  INFO     [21:04:58] [POLY] WATCHING | UP bid=0.490 ask=0.500 | DN bid=0.500 ask=0.510 | 2s left
2026-04-30T17:05:00  INFO     [21:05:00] [POLY] Window closed — no position held
2026-04-30T17:05:02  INFO     [POLY] Fetching market: btc-updown-5m-1777583100 (2s into window, 298s left)
2026-04-30T17:05:02  INFO     [POLY] ✓ Market loaded: 'Bitcoin Up or Down - April 30, 5:05PM-5:10PM ET'
         vol=$111.13 | UP  bid=0.5300 ask=0.5400 (54.0¢)
         DN  bid=0.4600 ask=0.4700 (47.0¢) | 298s left in window
2026-04-30T17:05:02  INFO     [POLY] ── Window: 'Bitcoin Up or Down - April 30, 5:05PM-5:10PM ET' | vol=$111.13 | 297s left
2026-04-30T17:05:02  INFO     [21:05:02] [POLY] UP bid=0.530 ask=0.540 | DN bid=0.460 ask=0.470 | BTC Δ+0.001% (10s) | 297s left
2026-04-30T17:05:04  INFO     [21:05:04] [POLY] UP bid=0.530 ask=0.540 | DN bid=0.460 ask=0.470 | BTC Δ+0.001% (10s) | 295s left
2026-04-30T17:05:07  INFO     [21:05:06] [POLY] UP bid=0.530 ask=0.540 | DN bid=0.460 ask=0.470 | BTC Δ+0.001% (10s) | 293s left
2026-04-30T17:05:09  INFO     [21:05:09] [POLY] UP bid=0.530 ask=0.540 | DN bid=0.460 ask=0.490 | BTC Δ+0.001% (10s) | 291s left
2026-04-30T17:05:11  INFO     [21:05:11] [POLY] UP bid=0.510 ask=0.520 | DN bid=0.480 ask=0.490 | BTC Δ+0.000% (10s) | 289s left
2026-04-30T17:05:13  INFO     [21:05:13] [POLY] UP bid=0.500 ask=0.510 | DN bid=0.490 ask=0.500 | BTC Δ+0.000% (10s) | 287s left
2026-04-30T17:05:15  INFO     [21:05:15] [POLY] UP bid=0.500 ask=0.510 | DN bid=0.490 ask=0.500 | BTC Δ+0.000% (10s) | 284s left
2026-04-30T17:05:18  INFO     [21:05:17] [POLY] UP bid=0.500 ask=0.510 | DN bid=0.490 ask=0.500 | BTC Δ-0.000% (10s) | 282s left
2026-04-30T17:05:20  INFO     [21:05:20] [POLY] UP bid=0.520 ask=0.530 | DN bid=0.460 ask=0.470 | BTC Δ+0.001% (10s) | 280s left
2026-04-30T17:05:22  INFO     [21:05:22] [POLY] UP bid=0.570 ask=0.580 | DN bid=0.420 ask=0.430 | BTC Δ+0.009% (10s) | 278s left
2026-04-30T17:05:24  INFO     [21:05:24] [POLY] UP bid=0.670 ask=0.680 | DN bid=0.320 ask=0.330 | BTC Δ+0.015% (10s) | 276s left
2026-04-30T17:05:26  INFO     [21:05:26] [POLY] UP bid=0.680 ask=0.690 | DN bid=0.310 ask=0.320 | BTC Δ+0.016% (10s) | 273s left
2026-04-30T17:05:29  INFO     [21:05:28] [POLY] UP bid=0.670 ask=0.680 | DN bid=0.320 ask=0.330 | BTC Δ+0.016% (10s) | 271s left
2026-04-30T17:05:31  INFO     [21:05:31] [POLY] UP bid=0.660 ask=0.670 | DN bid=0.330 ask=0.340 | BTC Δ+0.012% (10s) | 269s left
2026-04-30T17:05:33  INFO     [21:05:33] [POLY] UP bid=0.680 ask=0.690 | DN bid=0.310 ask=0.320 | BTC Δ+0.007% (10s) | 267s left
2026-04-30T17:05:35  INFO     [21:05:35] [POLY] UP bid=0.670 ask=0.680 | DN bid=0.320 ask=0.330 | BTC Δ+0.000% (10s) | 265s left
2026-04-30T17:05:37  INFO     [21:05:37] [POLY] UP bid=0.660 ask=0.680 | DN bid=0.330 ask=0.340 | BTC Δ+0.000% (10s) | 262s left
2026-04-30T17:05:39  INFO     [21:05:39] [POLY] UP bid=0.660 ask=0.670 | DN bid=0.330 ask=0.340 | BTC Δ+0.005% (10s) | 260s left
2026-04-30T17:05:42  INFO     [21:05:41] [POLY] UP bid=0.670 ask=0.680 | DN bid=0.320 ask=0.330 | BTC Δ+0.005% (10s) | 258s left
2026-04-30T17:05:44  INFO     [21:05:44] [POLY] UP bid=0.670 ask=0.680 | DN bid=0.320 ask=0.330 | BTC Δ+0.005% (10s) | 256s left
2026-04-30T17:05:46  INFO     [21:05:46] [POLY] UP bid=0.680 ask=0.690 | DN bid=0.310 ask=0.320 | BTC Δ+0.005% (10s) | 254s left
2026-04-30T17:05:48  INFO     [21:05:48] [POLY] UP bid=0.670 ask=0.680 | DN bid=0.320 ask=0.330 | BTC Δ+0.005% (10s) | 251s left
2026-04-30T17:05:50  INFO     [21:05:50] [POLY] UP bid=0.670 ask=0.680 | DN bid=0.320 ask=0.330 | BTC Δ+0.000% (10s) | 249s left
2026-04-30T17:05:53  INFO     [21:05:52] [POLY] UP bid=0.670 ask=0.680 | DN bid=0.360 ask=0.370 | BTC Δ-0.023% (10s) | 247s left
2026-04-30T17:05:55  INFO     [21:05:55] [POLY] UP bid=0.550 ask=0.560 | DN bid=0.440 ask=0.450 | BTC Δ-0.017% (10s) | 245s left
2026-04-30T17:05:57  INFO     [21:05:57] [POLY] UP bid=0.560 ask=0.570 | DN bid=0.430 ask=0.440 | BTC Δ-0.017% (10s) | 243s left
2026-04-30T17:05:59  INFO     [21:05:59] [POLY] UP bid=0.560 ask=0.570 | DN bid=0.430 ask=0.440 | BTC Δ-0.017% (10s) | 240s left
2026-04-30T17:06:01  INFO     [21:06:01] [POLY] UP bid=0.570 ask=0.580 | DN bid=0.420 ask=0.430 | BTC Δ-0.018% (10s) | 238s left
2026-04-30T17:06:04  INFO     [21:06:03] [POLY] UP bid=0.630 ask=0.640 | DN bid=0.330 ask=0.370 | BTC Δ+0.006% (10s) | 236s left
2026-04-30T17:06:06  INFO     [21:06:06] [POLY] UP bid=0.690 ask=0.700 | DN bid=0.300 ask=0.310 | BTC Δ+0.006% (10s) | 234s left
2026-04-30T17:06:08  INFO     [21:06:08] [POLY] UP bid=0.690 ask=0.700 | DN bid=0.300 ask=0.310 | BTC Δ+0.012% (10s) | 232s left
2026-04-30T17:06:10  INFO     [21:06:10] [POLY] UP bid=0.690 ask=0.700 | DN bid=0.300 ask=0.310 | BTC Δ+0.012% (10s) | 229s left
2026-04-30T17:06:12  INFO     [21:06:12] [POLY] UP bid=0.690 ask=0.700 | DN bid=0.300 ask=0.310 | BTC Δ+0.011% (10s) | 227s left
2026-04-30T17:06:15  INFO     [21:06:14] [POLY] UP bid=0.680 ask=0.690 | DN bid=0.310 ask=0.320 | BTC Δ+0.006% (10s) | 225s left
2026-04-30T17:06:17  INFO     [21:06:17] [POLY] UP bid=0.680 ask=0.690 | DN bid=0.310 ask=0.320 | BTC Δ+0.006% (10s) | 223s left
2026-04-30T17:06:19  INFO     [21:06:19] [POLY] UP bid=0.690 ask=0.700 | DN bid=0.300 ask=0.310 | BTC Δ+0.000% (10s) | 221s left
2026-04-30T17:06:21  INFO     [21:06:21] [POLY] UP bid=0.720 ask=0.730 | DN bid=0.270 ask=0.280 | BTC Δ+0.009% (10s) | 218s left
2026-04-30T17:06:23  INFO     [21:06:23] [POLY] UP bid=0.720 ask=0.730 | DN bid=0.270 ask=0.280 | BTC Δ+0.008% (10s) | 216s left
2026-04-30T17:06:26  INFO     [21:06:25] [POLY] UP bid=0.720 ask=0.730 | DN bid=0.270 ask=0.280 | BTC Δ+0.008% (10s) | 214s left
2026-04-30T17:06:28  INFO     [21:06:28] [POLY] UP bid=0.730 ask=0.740 | DN bid=0.260 ask=0.270 | BTC Δ+0.008% (10s) | 212s left
2026-04-30T17:06:30  INFO     [21:06:30] [POLY] UP bid=0.730 ask=0.740 | DN bid=0.260 ask=0.270 | BTC Δ+0.000% (10s) | 210s left
2026-04-30T17:06:32  INFO     [21:06:32] [POLY] UP bid=0.730 ask=0.740 | DN bid=0.260 ask=0.270 | BTC Δ-0.000% (10s) | 208s left
2026-04-30T17:06:34  INFO     [21:06:34] [POLY] UP bid=0.740 ask=0.750 | DN bid=0.250 ask=0.260 | BTC Δ+0.000% (10s) | 205s left
2026-04-30T17:06:37  INFO     [21:06:36] [POLY] UP bid=0.730 ask=0.740 | DN bid=0.260 ask=0.270 | BTC Δ+0.000% (10s) | 203s left
2026-04-30T17:06:39  INFO     [21:06:39] [POLY] UP bid=0.720 ask=0.730 | DN bid=0.270 ask=0.280 | BTC Δ+0.001% (10s) | 201s left
2026-04-30T17:06:41  INFO     [21:06:41] [POLY] UP bid=0.720 ask=0.730 | DN bid=0.270 ask=0.280 | BTC Δ+0.001% (10s) | 199s left
2026-04-30T17:06:43  INFO     [21:06:43] [POLY] UP bid=0.740 ask=0.750 | DN bid=0.250 ask=0.260 | BTC Δ+0.001% (10s) | 197s left
2026-04-30T17:06:45  INFO     [21:06:45] [POLY] UP bid=0.740 ask=0.750 | DN bid=0.250 ask=0.260 | BTC Δ+0.001% (10s) | 194s left
2026-04-30T17:06:48  INFO     [21:06:47] [POLY] UP bid=0.740 ask=0.750 | DN bid=0.250 ask=0.260 | BTC Δ+0.001% (10s) | 192s left
2026-04-30T17:06:50  INFO     [21:06:50] [POLY] UP bid=0.740 ask=0.750 | DN bid=0.260 ask=0.270 | BTC Δ+0.000% (10s) | 190s left
2026-04-30T17:06:52  INFO     [21:06:52] [POLY] UP bid=0.710 ask=0.740 | DN bid=0.260 ask=0.290 | BTC Δ-0.026% (10s) | 188s left
2026-04-30T17:06:54  INFO     [21:06:54] [POLY] UP bid=0.530 ask=0.560 | DN bid=0.440 ask=0.450 | BTC Δ-0.028% (10s) | 186s left
2026-04-30T17:06:56  INFO     [21:06:56] [POLY] UP bid=0.440 ask=0.460 | DN bid=0.540 ask=0.580 | BTC Δ-0.037% (10s) | 183s left
2026-04-30T17:06:58  INFO     [21:06:58] [POLY] UP bid=0.370 ask=0.380 | DN bid=0.620 ask=0.630 | BTC Δ-0.038% (10s) | 181s left
2026-04-30T17:07:01  INFO     [21:07:00] [POLY] UP bid=0.360 ask=0.370 | DN bid=0.630 ask=0.640 | BTC Δ-0.038% (10s) | 179s left
2026-04-30T17:07:03  INFO     [21:07:03] [POLY] UP bid=0.400 ask=0.410 | DN bid=0.590 ask=0.600 | BTC Δ-0.015% (10s) | 177s left
2026-04-30T17:07:05  INFO     [21:07:05] [POLY] UP bid=0.420 ask=0.430 | DN bid=0.570 ask=0.580 | BTC Δ-0.009% (10s) | 174s left
2026-04-30T17:07:07  INFO     [21:07:07] [POLY] UP bid=0.420 ask=0.430 | DN bid=0.570 ask=0.580 | BTC Δ+0.004% (10s) | 172s left
2026-04-30T17:07:10  INFO     [21:07:09] [POLY] UP bid=0.440 ask=0.450 | DN bid=0.550 ask=0.560 | BTC Δ+0.003% (10s) | 170s left
2026-04-30T17:07:12  INFO     [21:07:12] [POLY] UP bid=0.420 ask=0.430 | DN bid=0.570 ask=0.580 | BTC Δ+0.003% (10s) | 168s left
2026-04-30T17:07:14  INFO     [21:07:14] [POLY] UP bid=0.410 ask=0.420 | DN bid=0.580 ask=0.590 | BTC Δ+0.001% (10s) | 166s left
2026-04-30T17:07:16  INFO     [21:07:16] [POLY] UP bid=0.430 ask=0.440 | DN bid=0.560 ask=0.570 | BTC Δ+0.001% (10s) | 164s left
2026-04-30T17:07:18  INFO     [21:07:18] [POLY] UP bid=0.430 ask=0.440 | DN bid=0.560 ask=0.570 | BTC Δ+0.000% (10s) | 161s left
2026-04-30T17:07:21  INFO     [21:07:20] [POLY] UP bid=0.460 ask=0.470 | DN bid=0.530 ask=0.540 | BTC Δ+0.000% (10s) | 159s left
2026-04-30T17:07:23  INFO     [21:07:23] [POLY] UP bid=0.470 ask=0.480 | DN bid=0.520 ask=0.530 | BTC Δ+0.000% (10s) | 157s left
2026-04-30T17:07:25  INFO     [21:07:25] [POLY] UP bid=0.460 ask=0.470 | DN bid=0.540 ask=0.550 | BTC Δ+0.000% (10s) | 155s left
2026-04-30T17:07:27  INFO     [21:07:27] [POLY] UP bid=0.460 ask=0.470 | DN bid=0.530 ask=0.540 | BTC Δ+0.000% (10s) | 153s left
2026-04-30T17:07:29  INFO     [21:07:29] [POLY] UP bid=0.450 ask=0.460 | DN bid=0.540 ask=0.550 | BTC Δ+0.000% (10s) | 150s left
2026-04-30T17:07:31  INFO     [21:07:31] [POLY] UP bid=0.440 ask=0.450 | DN bid=0.550 ask=0.560 | BTC Δ+0.000% (10s) | 148s left
2026-04-30T17:07:34  INFO     [21:07:33] [POLY] UP bid=0.430 ask=0.440 | DN bid=0.560 ask=0.570 | BTC Δ+0.000% (10s) | 146s left
2026-04-30T17:07:36  INFO     [21:07:36] [POLY] UP bid=0.440 ask=0.450 | DN bid=0.540 ask=0.550 | BTC Δ+0.002% (10s) | 144s left
2026-04-30T17:07:38  INFO     [21:07:38] [POLY] UP bid=0.450 ask=0.460 | DN bid=0.540 ask=0.550 | BTC Δ+0.002% (10s) | 142s left
2026-04-30T17:07:40  INFO     [21:07:40] [POLY] UP bid=0.450 ask=0.460 | DN bid=0.540 ask=0.550 | BTC Δ+0.002% (10s) | 139s left
2026-04-30T17:07:42  INFO     [21:07:42] [POLY] UP bid=0.560 ask=0.570 | DN bid=0.430 ask=0.440 | BTC Δ+0.012% (10s) | 137s left
2026-04-30T17:07:45  INFO     [21:07:44] [POLY] UP bid=0.550 ask=0.560 | DN bid=0.440 ask=0.450 | BTC Δ+0.005% (10s) | 135s left
2026-04-30T17:07:47  INFO     [21:07:47] [POLY] UP bid=0.540 ask=0.550 | DN bid=0.450 ask=0.460 | BTC Δ+0.003% (10s) | 133s left
2026-04-30T17:07:49  INFO     [21:07:49] [POLY] UP bid=0.540 ask=0.550 | DN bid=0.450 ask=0.460 | BTC Δ+0.003% (10s) | 131s left
2026-04-30T17:07:51  INFO     [21:07:51] [POLY] UP bid=0.400 ask=0.430 | DN bid=0.590 ask=0.600 | BTC Δ-0.022% (10s) | 128s left
2026-04-30T17:07:53  INFO     [21:07:53] [POLY] UP bid=0.360 ask=0.370 | DN bid=0.630 ask=0.640 | BTC Δ-0.013% (10s) | 126s left
2026-04-30T17:07:56  INFO     [21:07:55] [POLY] UP bid=0.360 ask=0.370 | DN bid=0.630 ask=0.640 | BTC Δ-0.012% (10s) | 124s left
2026-04-30T17:07:58  INFO     [21:07:58] [POLY] UP bid=0.360 ask=0.370 | DN bid=0.630 ask=0.640 | BTC Δ-0.012% (10s) | 122s left
2026-04-30T17:08:00  INFO     [21:08:00] [POLY] UP bid=0.360 ask=0.370 | DN bid=0.630 ask=0.640 | BTC Δ-0.012% (10s) | 120s left
2026-04-30T17:08:02  INFO     [21:08:02] [POLY] UP bid=0.350 ask=0.360 | DN bid=0.640 ask=0.650 | BTC Δ+0.002% (10s) | 118s left
2026-04-30T17:08:04  INFO     [21:08:04] [POLY] UP bid=0.370 ask=0.380 | DN bid=0.620 ask=0.630 | BTC Δ+0.006% (10s) | 115s left
2026-04-30T17:08:07  INFO     [21:08:06] [POLY] UP bid=0.400 ask=0.410 | DN bid=0.590 ask=0.600 | BTC Δ+0.006% (10s) | 113s left
2026-04-30T17:08:09  INFO     [21:08:09] [POLY] UP bid=0.400 ask=0.410 | DN bid=0.590 ask=0.600 | BTC Δ+0.004% (10s) | 111s left
2026-04-30T17:08:11  INFO     [21:08:11] [POLY] UP bid=0.400 ask=0.410 | DN bid=0.590 ask=0.600 | BTC Δ+0.004% (10s) | 109s left
2026-04-30T17:08:13  INFO     [21:08:13] [POLY] UP bid=0.410 ask=0.420 | DN bid=0.580 ask=0.590 | BTC Δ+0.004% (10s) | 107s left
2026-04-30T17:08:15  INFO     [21:08:15] [POLY] UP bid=0.220 ask=0.300 | DN bid=0.700 ask=0.800 | BTC Δ-0.013% (10s) | 104s left
2026-04-30T17:08:17  INFO     [21:08:17] [POLY] UP bid=0.140 ask=0.150 | DN bid=0.850 ask=0.860 | BTC Δ-0.027% (10s) | 102s left
2026-04-30T17:08:20  INFO     [21:08:19] [POLY] UP bid=0.150 ask=0.160 | DN bid=0.840 ask=0.850 | BTC Δ-0.027% (10s) | 100s left
2026-04-30T17:08:22  INFO     [21:08:22] [POLY] UP bid=0.150 ask=0.160 | DN bid=0.840 ask=0.850 | BTC Δ-0.027% (10s) | 98s left
2026-04-30T17:08:24  INFO     [21:08:24] [POLY] UP bid=0.280 ask=0.290 | DN bid=0.710 ask=0.720 | BTC Δ-0.008% (10s) | 96s left
2026-04-30T17:08:26  INFO     [21:08:26] [POLY] UP bid=0.280 ask=0.290 | DN bid=0.710 ask=0.720 | BTC Δ+0.019% (10s) | 93s left
2026-04-30T17:08:28  INFO     [21:08:28] [POLY] UP bid=0.280 ask=0.290 | DN bid=0.710 ask=0.720 | BTC Δ+0.019% (10s) | 91s left
2026-04-30T17:08:31  INFO     [21:08:30] [POLY] UP bid=0.280 ask=0.290 | DN bid=0.710 ask=0.720 | BTC Δ+0.019% (10s) | 89s left
2026-04-30T17:08:33  INFO     [21:08:33] [POLY] UP bid=0.300 ask=0.310 | DN bid=0.690 ask=0.700 | BTC Δ+0.019% (10s) | 87s left
2026-04-30T17:08:35  INFO     [21:08:35] [POLY] UP bid=0.360 ask=0.370 | DN bid=0.630 ask=0.640 | BTC Δ+0.000% (10s) | 85s left
2026-04-30T17:08:37  INFO     [21:08:37] [POLY] UP bid=0.360 ask=0.370 | DN bid=0.630 ask=0.640 | BTC Δ+0.000% (10s) | 82s left
2026-04-30T17:08:39  INFO     [21:08:39] [POLY] UP bid=0.360 ask=0.370 | DN bid=0.630 ask=0.640 | BTC Δ+0.000% (10s) | 80s left
2026-04-30T17:08:42  INFO     [21:08:41] [POLY] UP bid=0.350 ask=0.360 | DN bid=0.640 ask=0.650 | BTC Δ+0.000% (10s) | 78s left
2026-04-30T17:08:44  INFO     [21:08:44] [POLY] UP bid=0.350 ask=0.360 | DN bid=0.640 ask=0.650 | BTC Δ+0.000% (10s) | 76s left
2026-04-30T17:08:46  INFO     [21:08:46] [POLY] UP bid=0.340 ask=0.350 | DN bid=0.650 ask=0.660 | BTC Δ+0.000% (10s) | 74s left
2026-04-30T17:08:48  INFO     [21:08:48] [POLY] UP bid=0.330 ask=0.340 | DN bid=0.660 ask=0.670 | BTC Δ+0.000% (10s) | 71s left
2026-04-30T17:08:50  INFO     [21:08:50] [POLY] UP bid=0.330 ask=0.340 | DN bid=0.660 ask=0.670 | BTC Δ+0.000% (10s) | 69s left
2026-04-30T17:08:53  INFO     [21:08:52] [POLY] UP bid=0.310 ask=0.330 | DN bid=0.670 ask=0.690 | BTC Δ-0.016% (10s) | 67s left
2026-04-30T17:08:55  INFO     [21:08:55] [POLY] UP bid=0.170 ask=0.180 | DN bid=0.820 ask=0.830 | BTC Δ-0.014% (10s) | 65s left
2026-04-30T17:08:57  INFO     [21:08:57] [POLY] UP bid=0.170 ask=0.180 | DN bid=0.820 ask=0.830 | BTC Δ-0.014% (10s) | 63s left
2026-04-30T17:08:59  INFO     [21:08:59] [POLY] UP bid=0.120 ask=0.130 | DN bid=0.870 ask=0.880 | BTC Δ-0.014% (10s) | 60s left
2026-04-30T17:09:01  INFO     [21:09:01] [POLY] UP bid=0.120 ask=0.130 | DN bid=0.870 ask=0.880 | BTC Δ-0.014% (10s) | 58s left
2026-04-30T17:09:04  INFO     [21:09:03] [POLY] UP bid=0.120 ask=0.130 | DN bid=0.870 ask=0.880 | BTC Δ+0.000% (10s) | 56s left
2026-04-30T17:09:06  INFO     [21:09:06] [POLY] UP bid=0.120 ask=0.130 | DN bid=0.870 ask=0.880 | BTC Δ+0.000% (10s) | 54s left
2026-04-30T17:09:08  INFO     [21:09:08] [POLY] UP bid=0.110 ask=0.120 | DN bid=0.880 ask=0.890 | BTC Δ-0.002% (10s) | 52s left
2026-04-30T17:09:10  INFO     [21:09:10] [POLY] UP bid=0.060 ask=0.070 | DN bid=0.930 ask=0.940 | BTC Δ-0.004% (10s) | 49s left
2026-04-30T17:09:13  INFO     [21:09:12] [POLY] UP bid=0.070 ask=0.080 | DN bid=0.920 ask=0.930 | BTC Δ-0.005% (10s) | 47s left
2026-04-30T17:09:15  INFO     [21:09:15] [POLY] UP bid=0.050 ask=0.060 | DN bid=0.940 ask=0.950 | BTC Δ-0.005% (10s) | 45s left
2026-04-30T17:09:17  INFO     [21:09:17] [POLY] UP bid=0.050 ask=0.060 | DN bid=0.940 ask=0.950 | BTC Δ-0.005% (10s) | 43s left
2026-04-30T17:09:19  INFO     [21:09:19] [POLY] UP bid=0.040 ask=0.050 | DN bid=0.950 ask=0.960 | BTC Δ-0.005% (10s) | 41s left
2026-04-30T17:09:21  INFO     [21:09:21] [POLY] UP bid=0.020 ask=0.030 | DN bid=0.970 ask=0.980 | BTC Δ-0.025% (10s) | 38s left
2026-04-30T17:09:23  INFO     [21:09:23] [POLY] UP bid=0.010 ask=0.020 | DN bid=0.980 ask=0.990 | BTC Δ-0.027% (10s) | 36s left
2026-04-30T17:09:26  INFO     [21:09:25] [POLY] UP bid=0.010 ask=0.020 | DN bid=0.980 ask=0.990 | BTC Δ-0.027% (10s) | 34s left
2026-04-30T17:09:28  INFO     [21:09:28] [POLY] UP bid=0.010 ask=0.020 | DN bid=0.980 ask=0.990 | BTC Δ-0.027% (10s) | 32s left
2026-04-30T17:09:30  INFO     [21:09:30] [POLY] WATCHING | UP bid=0.010 ask=0.020 | DN bid=0.980 ask=0.990 | 30s left
2026-04-30T17:10:01  INFO     [21:10:01] [POLY] Window closed — no position held
2026-04-30T17:10:03  INFO     [POLY] Fetching market: btc-updown-5m-1777583400 (3s into window, 297s left)
2026-04-30T17:10:03  INFO     [POLY] ✓ Market loaded: 'Bitcoin Up or Down - April 30, 5:10PM-5:15PM ET'
         vol=$153.24 | UP  bid=0.5200 ask=0.5300 (53.0¢)
         DN  bid=0.4700 ask=0.4800 (48.0¢) | 297s left in window
2026-04-30T17:10:03  INFO     [POLY] ── Window: 'Bitcoin Up or Down - April 30, 5:10PM-5:15PM ET' | vol=$153.24 | 297s left
2026-04-30T17:10:03  INFO     [21:10:03] [POLY] UP bid=0.520 ask=0.530 | DN bid=0.470 ask=0.480 | BTC Δ+0.008% (10s) | 297s left
2026-04-30T17:10:05  INFO     [21:10:05] [POLY] UP bid=0.580 ask=0.590 | DN bid=0.410 ask=0.420 | BTC Δ+0.008% (10s) | 294s left
2026-04-30T17:10:07  INFO     [21:10:07] [POLY] UP bid=0.580 ask=0.590 | DN bid=0.410 ask=0.420 | BTC Δ+0.009% (10s) | 292s left
2026-04-30T17:10:10  INFO     [21:10:09] [POLY] UP bid=0.570 ask=0.580 | DN bid=0.420 ask=0.430 | BTC Δ+0.012% (10s) | 290s left
2026-04-30T17:10:12  INFO     [21:10:12] [POLY] UP bid=0.580 ask=0.590 | DN bid=0.410 ask=0.420 | BTC Δ+0.012% (10s) | 288s left
2026-04-30T17:10:14  INFO     [21:10:14] [POLY] UP bid=0.570 ask=0.580 | DN bid=0.420 ask=0.430 | BTC Δ+0.001% (10s) | 286s left
2026-04-30T17:10:16  INFO     [21:10:16] [POLY] UP bid=0.570 ask=0.580 | DN bid=0.410 ask=0.420 | BTC Δ+0.000% (10s) | 283s left
2026-04-30T17:10:18  INFO     [21:10:18] [POLY] UP bid=0.560 ask=0.570 | DN bid=0.440 ask=0.450 | BTC Δ+0.000% (10s) | 281s left
2026-04-30T17:10:21  INFO     [21:10:20] [POLY] UP bid=0.590 ask=0.600 | DN bid=0.400 ask=0.410 | BTC Δ+0.004% (10s) | 279s left
2026-04-30T17:10:23  INFO     [21:10:23] [POLY] UP bid=0.570 ask=0.580 | DN bid=0.420 ask=0.430 | BTC Δ+0.005% (10s) | 277s left
2026-04-30T17:10:25  INFO     [21:10:25] [POLY] UP bid=0.590 ask=0.600 | DN bid=0.400 ask=0.410 | BTC Δ+0.006% (10s) | 275s left
2026-04-30T17:10:27  INFO     [21:10:27] [POLY] UP bid=0.590 ask=0.600 | DN bid=0.400 ask=0.410 | BTC Δ+0.005% (10s) | 272s left
2026-04-30T17:10:29  INFO     [21:10:29] [POLY] UP bid=0.560 ask=0.570 | DN bid=0.430 ask=0.440 | BTC Δ+0.005% (10s) | 270s left
2026-04-30T17:10:32  INFO     [21:10:31] [POLY] UP bid=0.580 ask=0.590 | DN bid=0.410 ask=0.420 | BTC Δ+0.001% (10s) | 268s left
2026-04-30T17:10:34  INFO     [21:10:34] [POLY] UP bid=0.590 ask=0.600 | DN bid=0.400 ask=0.410 | BTC Δ+0.000% (10s) | 266s left
2026-04-30T17:10:36  INFO     [21:10:36] [POLY] UP bid=0.590 ask=0.600 | DN bid=0.400 ask=0.410 | BTC Δ+0.000% (10s) | 264s left
2026-04-30T17:10:38  INFO     [21:10:38] [POLY] UP bid=0.580 ask=0.590 | DN bid=0.410 ask=0.420 | BTC Δ+0.000% (10s) | 262s left
2026-04-30T17:10:40  INFO     [21:10:40] [POLY] UP bid=0.580 ask=0.590 | DN bid=0.410 ask=0.420 | BTC Δ+0.000% (10s) | 259s left
2026-04-30T17:10:43  INFO     [21:10:42] [POLY] UP bid=0.580 ask=0.590 | DN bid=0.410 ask=0.420 | BTC Δ+0.000% (10s) | 257s left
2026-04-30T17:10:45  INFO     [21:10:45] [POLY] UP bid=0.580 ask=0.590 | DN bid=0.390 ask=0.400 | BTC Δ+0.000% (10s) | 255s left
2026-04-30T17:10:47  INFO     [21:10:47] [POLY] UP bid=0.600 ask=0.610 | DN bid=0.390 ask=0.400 | BTC Δ+0.000% (10s) | 253s left
2026-04-30T17:10:49  INFO     [21:10:49] [POLY] UP bid=0.600 ask=0.610 | DN bid=0.390 ask=0.400 | BTC Δ+0.000% (10s) | 251s left
2026-04-30T17:10:51  INFO     [21:10:51] [POLY] UP bid=0.560 ask=0.570 | DN bid=0.430 ask=0.440 | BTC Δ-0.008% (10s) | 248s left
2026-04-30T17:10:54  INFO     [21:10:53] [POLY] UP bid=0.550 ask=0.560 | DN bid=0.440 ask=0.450 | BTC Δ-0.008% (10s) | 246s left
2026-04-30T17:10:56  INFO     [21:10:56] [POLY] UP bid=0.580 ask=0.590 | DN bid=0.410 ask=0.420 | BTC Δ-0.006% (10s) | 244s left
2026-04-30T17:10:58  INFO     [21:10:58] [POLY] UP bid=0.560 ask=0.570 | DN bid=0.430 ask=0.440 | BTC Δ-0.006% (10s) | 242s left
2026-04-30T17:11:00  INFO     [21:11:00] [POLY] UP bid=0.540 ask=0.550 | DN bid=0.450 ask=0.460 | BTC Δ-0.006% (10s) | 240s left
2026-04-30T17:11:02  INFO     [21:11:02] [POLY] UP bid=0.540 ask=0.550 | DN bid=0.450 ask=0.460 | BTC Δ+0.002% (10s) | 237s left
2026-04-30T17:11:05  INFO     [21:11:04] [POLY] UP bid=0.540 ask=0.550 | DN bid=0.450 ask=0.460 | BTC Δ+0.002% (10s) | 235s left
2026-04-30T17:11:07  INFO     [21:11:07] [POLY] UP bid=0.550 ask=0.560 | DN bid=0.440 ask=0.450 | BTC Δ+0.001% (10s) | 233s left
2026-04-30T17:11:09  INFO     [21:11:09] [POLY] UP bid=0.540 ask=0.550 | DN bid=0.450 ask=0.460 | BTC Δ+0.002% (10s) | 231s left
2026-04-30T17:11:11  INFO     [21:11:11] [POLY] UP bid=0.550 ask=0.560 | DN bid=0.440 ask=0.450 | BTC Δ+0.002% (10s) | 229s left
2026-04-30T17:11:13  INFO     [21:11:13] [POLY] UP bid=0.550 ask=0.560 | DN bid=0.440 ask=0.450 | BTC Δ+0.002% (10s) | 226s left
2026-04-30T17:11:15  INFO     [21:11:15] [POLY] UP bid=0.560 ask=0.570 | DN bid=0.430 ask=0.440 | BTC Δ+0.001% (10s) | 224s left
2026-04-30T17:11:18  INFO     [21:11:17] [POLY] UP bid=0.560 ask=0.570 | DN bid=0.440 ask=0.450 | BTC Δ+0.000% (10s) | 222s left
2026-04-30T17:11:20  INFO     [21:11:20] [POLY] UP bid=0.550 ask=0.560 | DN bid=0.440 ask=0.450 | BTC Δ+0.000% (10s) | 220s left
2026-04-30T17:11:22  INFO     [21:11:22] [POLY] UP bid=0.560 ask=0.570 | DN bid=0.430 ask=0.440 | BTC Δ+0.000% (10s) | 218s left
2026-04-30T17:11:24  INFO     [21:11:24] [POLY] UP bid=0.560 ask=0.570 | DN bid=0.430 ask=0.440 | BTC Δ+0.000% (10s) | 215s left
2026-04-30T17:11:26  INFO     [21:11:26] [POLY] UP bid=0.560 ask=0.570 | DN bid=0.430 ask=0.440 | BTC Δ-0.005% (10s) | 213s left
2026-04-30T17:11:29  INFO     [21:11:28] [POLY] UP bid=0.520 ask=0.530 | DN bid=0.470 ask=0.480 | BTC Δ-0.003% (10s) | 211s left
2026-04-30T17:11:31  INFO     [21:11:31] [POLY] UP bid=0.520 ask=0.530 | DN bid=0.470 ask=0.480 | BTC Δ-0.003% (10s) | 209s left
2026-04-30T17:11:33  INFO     [21:11:33] [POLY] UP bid=0.510 ask=0.520 | DN bid=0.480 ask=0.490 | BTC Δ-0.003% (10s) | 207s left
2026-04-30T17:11:35  INFO     [21:11:35] [POLY] UP bid=0.510 ask=0.520 | DN bid=0.480 ask=0.490 | BTC Δ-0.003% (10s) | 204s left
2026-04-30T17:11:37  INFO     [21:11:37] [POLY] UP bid=0.510 ask=0.520 | DN bid=0.480 ask=0.490 | BTC Δ+0.000% (10s) | 202s left
2026-04-30T17:11:40  INFO     [21:11:39] [POLY] UP bid=0.530 ask=0.540 | DN bid=0.460 ask=0.470 | BTC Δ+0.000% (10s) | 200s left
2026-04-30T17:11:42  INFO     [21:11:42] [POLY] UP bid=0.530 ask=0.540 | DN bid=0.460 ask=0.470 | BTC Δ+0.000% (10s) | 198s left
2026-04-30T17:11:44  INFO     [21:11:44] [POLY] UP bid=0.540 ask=0.550 | DN bid=0.450 ask=0.460 | BTC Δ+0.000% (10s) | 196s left
2026-04-30T17:12:14  INFO     [21:12:14] [POLY] UP bid=0.430 ask=0.440 | DN bid=0.560 ask=0.570 | BTC Δ-0.009% (10s) | 166s left
2026-04-30T17:12:16  INFO     [21:12:16] [POLY] UP bid=0.650 ask=0.670 | DN bid=0.340 ask=0.350 | BTC Δ+0.014% (10s) | 164s left
2026-04-30T17:12:18  INFO     [21:12:18] [POLY] UP bid=0.680 ask=0.690 | DN bid=0.310 ask=0.320 | BTC Δ+0.014% (10s) | 161s left
2026-04-30T17:12:20  INFO     [21:12:20] [POLY] UP bid=0.690 ask=0.700 | DN bid=0.300 ask=0.310 | BTC Δ+0.014% (10s) | 159s left
2026-04-30T17:12:23  INFO     [21:12:22] [POLY] UP bid=0.690 ask=0.700 | DN bid=0.300 ask=0.310 | BTC Δ+0.014% (10s) | 157s left
2026-04-30T17:12:25  INFO     [21:12:25] [POLY] UP bid=0.680 ask=0.690 | DN bid=0.310 ask=0.320 | BTC Δ+0.000% (10s) | 155s left
2026-04-30T17:12:27  INFO     [21:12:27] [POLY] UP bid=0.670 ask=0.680 | DN bid=0.320 ask=0.330 | BTC Δ+0.000% (10s) | 153s left
2026-04-30T17:12:29  INFO     [21:12:29] [POLY] UP bid=0.600 ask=0.610 | DN bid=0.390 ask=0.400 | BTC Δ-0.003% (10s) | 150s left
2026-04-30T17:12:31  INFO     [21:12:31] [POLY] UP bid=0.600 ask=0.610 | DN bid=0.390 ask=0.400 | BTC Δ-0.003% (10s) | 148s left
2026-04-30T17:12:34  INFO     [21:12:33] [POLY] UP bid=0.610 ask=0.620 | DN bid=0.380 ask=0.390 | BTC Δ-0.003% (10s) | 146s left
2026-04-30T17:12:36  INFO     [21:12:36] [POLY] UP bid=0.610 ask=0.620 | DN bid=0.380 ask=0.390 | BTC Δ-0.003% (10s) | 144s left
2026-04-30T17:12:38  INFO     [21:12:38] [POLY] UP bid=0.620 ask=0.630 | DN bid=0.370 ask=0.380 | BTC Δ-0.003% (10s) | 141s left
2026-04-30T17:12:41  INFO     [21:12:40] [POLY] UP bid=0.620 ask=0.630 | DN bid=0.370 ask=0.380 | BTC Δ+0.000% (10s) | 139s left
2026-04-30T17:12:43  INFO     [21:12:43] [POLY] UP bid=0.630 ask=0.640 | DN bid=0.360 ask=0.370 | BTC Δ+0.000% (10s) | 137s left
2026-04-30T17:12:45  INFO     [21:12:45] [POLY] UP bid=0.630 ask=0.640 | DN bid=0.360 ask=0.370 | BTC Δ+0.000% (10s) | 134s left
2026-04-30T17:12:47  INFO     [21:12:47] [POLY] UP bid=0.680 ask=0.690 | DN bid=0.310 ask=0.320 | BTC Δ+0.000% (10s) | 132s left
2026-04-30T17:12:50  INFO     [21:12:49] [POLY] UP bid=0.680 ask=0.690 | DN bid=0.310 ask=0.320 | BTC Δ+0.000% (10s) | 130s left
2026-04-30T17:12:52  INFO     [21:12:52] [POLY] UP bid=0.640 ask=0.650 | DN bid=0.350 ask=0.360 | BTC Δ-0.004% (10s) | 128s left
2026-04-30T17:12:54  INFO     [21:12:54] [POLY] UP bid=0.630 ask=0.640 | DN bid=0.360 ask=0.370 | BTC Δ-0.004% (10s) | 126s left
2026-04-30T17:12:56  INFO     [21:12:56] [POLY] UP bid=0.630 ask=0.640 | DN bid=0.360 ask=0.370 | BTC Δ-0.004% (10s) | 123s left
2026-04-30T17:12:58  INFO     [21:12:58] [POLY] UP bid=0.650 ask=0.660 | DN bid=0.340 ask=0.350 | BTC Δ-0.004% (10s) | 121s left
2026-04-30T17:22:50  INFO     [21:22:50] [POLY] Window closed — no position held
2026-04-30T17:22:52  INFO     [POLY] Fetching market: btc-updown-5m-1777584000 (172s into window, 128s left)
2026-04-30T17:22:52  INFO     [POLY] ✓ Market loaded: 'Bitcoin Up or Down - April 30, 5:20PM-5:25PM ET'
         vol=$182.14 | UP  bid=0.0600 ask=0.0700 (7.0¢)
         DN  bid=0.9300 ask=0.9400 (94.0¢) | 128s left in window
2026-04-30T17:22:52  INFO     [POLY] ── Window: 'Bitcoin Up or Down - April 30, 5:20PM-5:25PM ET' | vol=$182.14 | 128s left
2026-04-30T17:22:52  INFO     [21:22:52] [POLY] BTC feed warming up — 128s left
2026-04-30T17:22:54  INFO     [21:22:54] [POLY] BTC feed warming up — 125s left
2026-04-30T17:22:57  INFO     [21:22:56] [POLY] BTC feed warming up — 123s left
2026-04-30T17:22:59  INFO     [21:22:59] [POLY] BTC feed warming up — 121s left
2026-04-30T17:23:01  INFO     [21:23:01] [POLY] BTC feed warming up — 119s left
2026-04-30T17:23:03  INFO     [21:23:03] [POLY] BTC feed warming up — 116s left
2026-04-30T17:23:05  INFO     [21:23:05] [POLY] UP bid=0.040 ask=0.050 | DN bid=0.950 ask=0.960 | BTC Δ-0.121% (10s) | 114s left
2026-04-30T17:23:08  INFO     [21:23:07] [POLY] UP bid=0.040 ask=0.050 | DN bid=0.950 ask=0.960 | BTC Δ-0.121% (10s) | 112s left
2026-04-30T17:23:10  INFO     [21:23:10] [POLY] UP bid=0.030 ask=0.040 | DN bid=0.960 ask=0.970 | BTC Δ-0.121% (10s) | 110s left
2026-04-30T17:23:12  INFO     [21:23:12] [POLY] UP bid=0.030 ask=0.040 | DN bid=0.960 ask=0.970 | BTC Δ-0.121% (10s) | 108s left
2026-04-30T17:23:15  INFO     [21:23:14] [POLY] UP bid=0.030 ask=0.040 | DN bid=0.960 ask=0.970 | BTC Δ-0.120% (10s) | 105s left
2026-04-30T17:23:17  INFO     [21:23:17] [POLY] UP bid=0.030 ask=0.040 | DN bid=0.960 ask=0.970 | BTC Δ+0.000% (10s) | 103s left
2026-04-30T17:23:19  INFO     [21:23:19] [POLY] UP bid=0.040 ask=0.050 | DN bid=0.950 ask=0.960 | BTC Δ+0.000% (10s) | 101s left
2026-04-30T17:23:21  INFO     [21:23:21] [POLY] UP bid=0.050 ask=0.060 | DN bid=0.940 ask=0.950 | BTC Δ+0.000% (10s) | 98s left
2026-04-30T17:23:23  INFO     [21:23:23] [POLY] UP bid=0.030 ask=0.040 | DN bid=0.960 ask=0.970 | BTC Δ+0.000% (10s) | 96s left
2026-04-30T17:23:26  INFO     [21:23:25] [POLY] UP bid=0.030 ask=0.040 | DN bid=0.960 ask=0.970 | BTC Δ-0.006% (10s) | 94s left
2026-04-30T17:23:28  INFO     [21:23:28] [POLY] UP bid=0.030 ask=0.040 | DN bid=0.960 ask=0.970 | BTC Δ-0.006% (10s) | 92s left
2026-04-30T17:23:30  INFO     [21:23:30] [POLY] UP bid=0.030 ask=0.040 | DN bid=0.970 ask=0.980 | BTC Δ-0.008% (10s) | 90s left
2026-04-30T17:23:32  INFO     [21:23:32] [POLY] UP bid=0.020 ask=0.030 | DN bid=0.970 ask=0.980 | BTC Δ-0.008% (10s) | 87s left
2026-04-30T17:23:35  INFO     [21:23:34] [POLY] UP bid=0.020 ask=0.030 | DN bid=0.970 ask=0.980 | BTC Δ-0.014% (10s) | 85s left
2026-04-30T17:23:37  INFO     [21:23:37] [POLY] UP bid=0.020 ask=0.030 | DN bid=0.970 ask=0.980 | BTC Δ+0.007% (10s) | 83s left
2026-04-30T17:23:39  INFO     [21:23:39] [POLY] UP bid=0.020 ask=0.030 | DN bid=0.970 ask=0.980 | BTC Δ+0.009% (10s) | 81s left
2026-04-30T17:23:41  INFO     [21:23:41] [POLY] UP bid=0.030 ask=0.040 | DN bid=0.960 ask=0.970 | BTC Δ+0.015% (10s) | 79s left
2026-04-30T17:23:43  INFO     [21:23:43] [POLY] UP bid=0.020 ask=0.030 | DN bid=0.970 ask=0.980 | BTC Δ+0.024% (10s) | 76s left
2026-04-30T17:23:46  INFO     [21:23:45] [POLY] UP bid=0.020 ask=0.030 | DN bid=0.970 ask=0.980 | BTC Δ+0.025% (10s) | 74s left
2026-04-30T17:23:48  INFO     [21:23:48] [POLY] UP bid=0.020 ask=0.030 | DN bid=0.970 ask=0.980 | BTC Δ+0.018% (10s) | 72s left
2026-04-30T17:23:50  INFO     [21:23:50] [POLY] UP bid=0.020 ask=0.030 | DN bid=0.970 ask=0.980 | BTC Δ+0.012% (10s) | 70s left
2026-04-30T17:23:52  INFO     [21:23:52] [POLY] UP bid=0.020 ask=0.030 | DN bid=0.970 ask=0.980 | BTC Δ+0.003% (10s) | 68s left
2026-04-30T17:23:54  INFO     [21:23:54] [POLY] UP bid=0.020 ask=0.030 | DN bid=0.970 ask=0.980 | BTC Δ+0.003% (10s) | 65s left
2026-04-30T17:23:57  INFO     [21:23:56] [POLY] UP bid=0.020 ask=0.030 | DN bid=0.970 ask=0.980 | BTC Δ+0.002% (10s) | 63s left
2026-04-30T17:23:59  INFO     [21:23:59] [POLY] UP bid=0.020 ask=0.030 | DN bid=0.970 ask=0.980 | BTC Δ+0.002% (10s) | 61s left
2026-04-30T17:24:01  INFO     [21:24:01] [POLY] UP bid=0.020 ask=0.030 | DN bid=0.970 ask=0.980 | BTC Δ+0.002% (10s) | 59s left
2026-04-30T17:24:03  INFO     [21:24:03] [POLY] UP bid=0.020 ask=0.030 | DN bid=0.970 ask=0.980 | BTC Δ+0.002% (10s) | 57s left
2026-04-30T17:24:05  INFO     [21:24:05] [POLY] UP bid=0.020 ask=0.030 | DN bid=0.970 ask=0.980 | BTC Δ+0.000% (10s) | 54s left
2026-04-30T17:24:08  INFO     [21:24:07] [POLY] UP bid=0.010 ask=0.020 | DN bid=0.980 ask=0.990 | BTC Δ+0.000% (10s) | 52s left
2026-04-30T17:24:10  INFO     [21:24:10] [POLY] UP bid=0.010 ask=0.020 | DN bid=0.980 ask=0.990 | BTC Δ+0.000% (10s) | 50s left
2026-04-30T17:24:12  INFO     [21:24:12] [POLY] UP bid=0.010 ask=0.020 | DN bid=0.980 ask=0.990 | BTC Δ+0.000% (10s) | 48s left
2026-04-30T17:24:14  INFO     [21:24:14] [POLY] UP bid=0.010 ask=0.020 | DN bid=0.980 ask=0.990 | BTC Δ+0.000% (10s) | 46s left
2026-04-30T17:24:16  INFO     [21:24:16] [POLY] UP bid=0.010 ask=0.020 | DN bid=0.980 ask=0.990 | BTC Δ+0.000% (10s) | 43s left
2026-04-30T17:24:19  INFO     [21:24:18] [POLY] UP bid=0.020 ask=0.030 | DN bid=0.970 ask=0.980 | BTC Δ+0.000% (10s) | 41s left
2026-04-30T17:24:21  INFO     [21:24:21] [POLY] UP bid=0.010 ask=0.020 | DN bid=0.980 ask=0.990 | BTC Δ+0.000% (10s) | 39s left
2026-04-30T17:24:23  INFO     [21:24:23] [POLY] UP bid=0.010 ask=0.020 | DN bid=0.980 ask=0.990 | BTC Δ+0.000% (10s) | 37s left
2026-04-30T17:24:25  INFO     [21:24:25] [POLY] UP bid=0.020 ask=0.030 | DN bid=0.970 ask=0.980 | BTC Δ+0.003% (10s) | 34s left
2026-04-30T17:24:27  INFO     [21:24:27] [POLY] UP bid=0.010 ask=0.020 | DN bid=0.980 ask=0.990 | BTC Δ+0.002% (10s) | 32s left
2026-04-30T17:24:52  INFO     [21:24:51] [POLY] WATCHING | UP bid=0.010 ask=0.050 | DN bid=0.970 ask=0.990 | 8s left
2026-04-30T17:24:54  INFO     [21:24:54] [POLY] WATCHING | UP bid=0.430 ask=0.500 | DN bid=0.500 ask=0.550 | 6s left
2026-04-30T17:25:00  INFO     [21:25:00] [POLY] Window closed — no position held
2026-04-30T17:25:02  INFO     [POLY] Fetching market: btc-updown-5m-1777584300 (2s into window, 298s left)
2026-04-30T17:25:03  INFO     [POLY] ✓ Market loaded: 'Bitcoin Up or Down - April 30, 5:25PM-5:30PM ET'
         vol=$169.40 | UP  bid=0.6200 ask=0.6300 (63.0¢)
         DN  bid=0.3700 ask=0.3800 (38.0¢) | 298s left in window
2026-04-30T17:25:03  INFO     [POLY] ── Window: 'Bitcoin Up or Down - April 30, 5:25PM-5:30PM ET' | vol=$169.40 | 297s left
2026-04-30T17:25:03  INFO     [21:25:03] [POLY] UP bid=0.620 ask=0.630 | DN bid=0.370 ask=0.380 | BTC Δ+0.013% (10s) | 297s left
2026-04-30T17:25:05  INFO     [21:25:05] [POLY] UP bid=0.620 ask=0.630 | DN bid=0.370 ask=0.380 | BTC Δ+0.013% (10s) | 295s left
2026-04-30T17:25:07  INFO     [21:25:07] [POLY] UP bid=0.620 ask=0.630 | DN bid=0.370 ask=0.380 | BTC Δ+0.013% (10s) | 293s left
2026-04-30T17:25:09  INFO     [21:25:09] [POLY] UP bid=0.620 ask=0.630 | DN bid=0.370 ask=0.380 | BTC Δ+0.014% (10s) | 290s left
2026-04-30T17:25:12  INFO     [21:25:11] [POLY] UP bid=0.620 ask=0.630 | DN bid=0.370 ask=0.380 | BTC Δ+0.001% (10s) | 288s left
2026-04-30T17:25:14  INFO     [21:25:14] [POLY] UP bid=0.640 ask=0.650 | DN bid=0.350 ask=0.360 | BTC Δ+0.001% (10s) | 286s left
2026-04-30T17:25:16  INFO     [21:25:16] [POLY] UP bid=0.630 ask=0.640 | DN bid=0.360 ask=0.370 | BTC Δ+0.001% (10s) | 284s left
2026-04-30T17:25:18  INFO     [21:25:18] [POLY] UP bid=0.640 ask=0.650 | DN bid=0.350 ask=0.360 | BTC Δ+0.000% (10s) | 282s left
2026-04-30T17:25:20  INFO     [21:25:20] [POLY] UP bid=0.530 ask=0.540 | DN bid=0.460 ask=0.470 | BTC Δ+0.000% (10s) | 279s left
2026-04-30T17:25:23  INFO     [21:25:22] [POLY] UP bid=0.650 ask=0.660 | DN bid=0.340 ask=0.350 | BTC Δ+0.000% (10s) | 277s left
2026-04-30T17:25:25  INFO     [21:25:25] [POLY] UP bid=0.660 ask=0.670 | DN bid=0.330 ask=0.340 | BTC Δ+0.000% (10s) | 275s left
2026-04-30T17:25:27  INFO     [21:25:27] [POLY] UP bid=0.650 ask=0.660 | DN bid=0.350 ask=0.360 | BTC Δ+0.000% (10s) | 273s left
2026-04-30T17:25:29  INFO     [21:25:29] [POLY] UP bid=0.640 ask=0.650 | DN bid=0.350 ask=0.360 | BTC Δ+0.000% (10s) | 271s left
2026-04-30T17:25:31  INFO     [21:25:31] [POLY] UP bid=0.640 ask=0.650 | DN bid=0.350 ask=0.360 | BTC Δ+0.000% (10s) | 268s left
2026-04-30T17:25:34  INFO     [21:25:33] [POLY] UP bid=0.630 ask=0.640 | DN bid=0.360 ask=0.370 | BTC Δ-0.000% (10s) | 266s left
2026-04-30T17:25:36  INFO     [21:25:36] [POLY] UP bid=0.630 ask=0.640 | DN bid=0.360 ask=0.370 | BTC Δ+0.000% (10s) | 264s left
2026-04-30T17:25:38  INFO     [21:25:38] [POLY] UP bid=0.620 ask=0.630 | DN bid=0.370 ask=0.380 | BTC Δ+0.000% (10s) | 262s left
2026-04-30T17:25:40  INFO     [21:25:40] [POLY] UP bid=0.620 ask=0.630 | DN bid=0.370 ask=0.380 | BTC Δ+0.000% (10s) | 260s left
2026-04-30T17:25:42  INFO     [21:25:42] [POLY] UP bid=0.620 ask=0.630 | DN bid=0.370 ask=0.380 | BTC Δ-0.000% (10s) | 257s left
2026-04-30T17:25:45  INFO     [21:25:44] [POLY] UP bid=0.620 ask=0.630 | DN bid=0.370 ask=0.380 | BTC Δ+0.000% (10s) | 255s left
2026-04-30T17:25:47  INFO     [21:25:47] [POLY] UP bid=0.620 ask=0.630 | DN bid=0.370 ask=0.380 | BTC Δ+0.000% (10s) | 253s left
2026-04-30T17:25:49  INFO     [21:25:49] [POLY] UP bid=0.630 ask=0.640 | DN bid=0.360 ask=0.370 | BTC Δ+0.000% (10s) | 251s left
2026-04-30T17:25:51  INFO     [21:25:51] [POLY] UP bid=0.630 ask=0.640 | DN bid=0.360 ask=0.370 | BTC Δ+0.000% (10s) | 249s left
2026-04-30T17:25:53  INFO     [21:25:53] [POLY] UP bid=0.630 ask=0.640 | DN bid=0.360 ask=0.370 | BTC Δ+0.000% (10s) | 246s left
2026-04-30T17:25:55  INFO     [21:25:55] [POLY] UP bid=0.530 ask=0.600 | DN bid=0.400 ask=0.470 | BTC Δ-0.012% (10s) | 244s left
2026-04-30T17:25:58  INFO     [21:25:58] [POLY] UP bid=0.570 ask=0.580 | DN bid=0.420 ask=0.430 | BTC Δ-0.012% (10s) | 242s left
2026-04-30T17:26:00  INFO     [21:26:00] [POLY] UP bid=0.570 ask=0.580 | DN bid=0.420 ask=0.430 | BTC Δ-0.012% (10s) | 240s left
2026-04-30T17:26:02  INFO     [21:26:02] [POLY] UP bid=0.580 ask=0.590 | DN bid=0.410 ask=0.420 | BTC Δ-0.008% (10s) | 238s left
2026-04-30T17:26:04  INFO     [21:26:04] [POLY] UP bid=0.580 ask=0.590 | DN bid=0.410 ask=0.420 | BTC Δ+0.008% (10s) | 235s left
2026-04-30T17:26:06  INFO     [21:26:06] [POLY] UP bid=0.590 ask=0.600 | DN bid=0.400 ask=0.410 | BTC Δ+0.006% (10s) | 233s left
2026-04-30T17:26:09  INFO     [21:26:08] [POLY] UP bid=0.600 ask=0.610 | DN bid=0.390 ask=0.400 | BTC Δ+0.006% (10s) | 231s left
2026-04-30T17:26:11  INFO     [21:26:11] [POLY] UP bid=0.610 ask=0.620 | DN bid=0.380 ask=0.390 | BTC Δ+0.006% (10s) | 229s left
2026-04-30T17:26:13  INFO     [21:26:13] [POLY] UP bid=0.610 ask=0.620 | DN bid=0.380 ask=0.390 | BTC Δ+0.000% (10s) | 227s left
2026-04-30T17:26:15  INFO     [21:26:15] [POLY] UP bid=0.620 ask=0.630 | DN bid=0.370 ask=0.380 | BTC Δ+0.001% (10s) | 224s left
2026-04-30T17:26:18  INFO     [21:26:17] [POLY] UP bid=0.620 ask=0.630 | DN bid=0.370 ask=0.380 | BTC Δ+0.001% (10s) | 222s left
2026-04-30T17:26:20  INFO     [21:26:20] [POLY] UP bid=0.590 ask=0.600 | DN bid=0.400 ask=0.410 | BTC Δ+0.001% (10s) | 220s left
2026-04-30T17:26:22  INFO     [21:26:22] [POLY] UP bid=0.590 ask=0.600 | DN bid=0.400 ask=0.410 | BTC Δ+0.001% (10s) | 218s left
2026-04-30T17:26:24  INFO     [21:26:24] [POLY] UP bid=0.610 ask=0.620 | DN bid=0.380 ask=0.390 | BTC Δ+0.000% (10s) | 216s left
2026-04-30T17:26:26  INFO     [21:26:26] [POLY] UP bid=0.600 ask=0.610 | DN bid=0.390 ask=0.400 | BTC Δ+0.000% (10s) | 213s left
2026-04-30T17:26:28  INFO     [21:26:28] [POLY] UP bid=0.610 ask=0.620 | DN bid=0.380 ask=0.390 | BTC Δ+0.000% (10s) | 211s left
2026-04-30T17:26:31  INFO     [21:26:30] [POLY] UP bid=0.610 ask=0.620 | DN bid=0.380 ask=0.390 | BTC Δ+0.000% (10s) | 209s left
2026-04-30T17:26:33  INFO     [21:26:33] [POLY] UP bid=0.590 ask=0.600 | DN bid=0.400 ask=0.420 | BTC Δ-0.009% (10s) | 207s left
2026-04-30T17:26:35  INFO     [21:26:35] [POLY] UP bid=0.570 ask=0.580 | DN bid=0.420 ask=0.430 | BTC Δ-0.009% (10s) | 205s left
2026-04-30T17:26:37  INFO     [21:26:37] [POLY] UP bid=0.560 ask=0.570 | DN bid=0.430 ask=0.440 | BTC Δ-0.009% (10s) | 202s left
2026-04-30T17:26:39  INFO     [21:26:39] [POLY] UP bid=0.560 ask=0.570 | DN bid=0.430 ask=0.440 | BTC Δ-0.009% (10s) | 200s left
2026-04-30T17:26:42  INFO     [21:26:41] [POLY] UP bid=0.550 ask=0.560 | DN bid=0.440 ask=0.450 | BTC Δ+0.000% (10s) | 198s left
2026-04-30T17:26:44  INFO     [21:26:44] [POLY] UP bid=0.540 ask=0.550 | DN bid=0.450 ask=0.460 | BTC Δ+0.000% (10s) | 196s left
2026-04-30T17:26:46  INFO     [21:26:46] [POLY] UP bid=0.520 ask=0.530 | DN bid=0.470 ask=0.480 | BTC Δ-0.003% (10s) | 194s left
2026-04-30T17:26:48  INFO     [21:26:48] [POLY] UP bid=0.550 ask=0.560 | DN bid=0.440 ask=0.450 | BTC Δ-0.000% (10s) | 191s left
2026-04-30T17:26:51  INFO     [21:26:50] [POLY] UP bid=0.540 ask=0.550 | DN bid=0.450 ask=0.460 | BTC Δ-0.000% (10s) | 189s left
2026-04-30T17:26:53  INFO     [21:26:53] [POLY] UP bid=0.540 ask=0.550 | DN bid=0.450 ask=0.460 | BTC Δ-0.000% (10s) | 187s left
2026-04-30T17:26:55  INFO     [21:26:55] [POLY] UP bid=0.540 ask=0.550 | DN bid=0.450 ask=0.460 | BTC Δ-0.000% (10s) | 185s left
2026-04-30T17:26:57  INFO     [21:26:57] [POLY] UP bid=0.540 ask=0.550 | DN bid=0.450 ask=0.460 | BTC Δ+0.000% (10s) | 183s left
2026-04-30T17:26:59  INFO     [21:26:59] [POLY] UP bid=0.550 ask=0.560 | DN bid=0.440 ask=0.450 | BTC Δ+0.000% (10s) | 180s left
2026-04-30T17:27:01  INFO     [21:27:01] [POLY] UP bid=0.560 ask=0.570 | DN bid=0.430 ask=0.440 | BTC Δ+0.000% (10s) | 178s left
2026-04-30T17:27:04  INFO     [21:27:03] [POLY] UP bid=0.540 ask=0.550 | DN bid=0.450 ask=0.460 | BTC Δ+0.000% (10s) | 176s left
2026-04-30T17:27:06  INFO     [21:27:06] [POLY] UP bid=0.540 ask=0.550 | DN bid=0.450 ask=0.460 | BTC Δ+0.000% (10s) | 174s left
2026-04-30T17:27:08  INFO     [21:27:08] [POLY] UP bid=0.550 ask=0.560 | DN bid=0.440 ask=0.450 | BTC Δ+0.000% (10s) | 172s left
2026-04-30T17:27:10  INFO     [21:27:10] [POLY] UP bid=0.550 ask=0.560 | DN bid=0.440 ask=0.450 | BTC Δ+0.000% (10s) | 169s left
2026-04-30T17:27:13  INFO     [21:27:12] [POLY] UP bid=0.550 ask=0.560 | DN bid=0.440 ask=0.450 | BTC Δ+0.000% (10s) | 167s left
2026-04-30T17:27:15  INFO     [21:27:15] [POLY] UP bid=0.550 ask=0.560 | DN bid=0.440 ask=0.450 | BTC Δ+0.000% (10s) | 165s left
2026-04-30T17:27:17  INFO     [21:27:17] [POLY] UP bid=0.540 ask=0.550 | DN bid=0.450 ask=0.460 | BTC Δ+0.000% (10s) | 163s left
2026-04-30T17:27:19  INFO     [21:27:19] [POLY] UP bid=0.540 ask=0.550 | DN bid=0.450 ask=0.460 | BTC Δ+0.000% (10s) | 161s left
2026-04-30T17:27:21  INFO     [21:27:21] [POLY] UP bid=0.540 ask=0.550 | DN bid=0.450 ask=0.460 | BTC Δ+0.000% (10s) | 158s left
2026-04-30T17:27:24  INFO     [21:27:23] [POLY] UP bid=0.550 ask=0.560 | DN bid=0.440 ask=0.450 | BTC Δ+0.000% (10s) | 156s left
2026-04-30T17:27:26  INFO     [21:27:26] [POLY] UP bid=0.560 ask=0.570 | DN bid=0.430 ask=0.440 | BTC Δ+0.000% (10s) | 154s left
2026-04-30T17:27:28  INFO     [21:27:28] [POLY] UP bid=0.560 ask=0.570 | DN bid=0.430 ask=0.440 | BTC Δ+0.000% (10s) | 152s left
2026-04-30T17:27:30  INFO     [21:27:30] [POLY] UP bid=0.570 ask=0.580 | DN bid=0.420 ask=0.430 | BTC Δ+0.000% (10s) | 150s left
2026-04-30T17:27:32  INFO     [21:27:32] [POLY] UP bid=0.560 ask=0.570 | DN bid=0.430 ask=0.440 | BTC Δ+0.000% (10s) | 147s left
2026-04-30T17:27:35  INFO     [21:27:34] [POLY] UP bid=0.560 ask=0.570 | DN bid=0.410 ask=0.420 | BTC Δ+0.000% (10s) | 145s left
2026-04-30T17:27:37  INFO     [21:27:37] [POLY] UP bid=0.560 ask=0.570 | DN bid=0.430 ask=0.440 | BTC Δ+0.000% (10s) | 143s left
2026-04-30T17:27:39  INFO     [21:27:39] [POLY] UP bid=0.560 ask=0.570 | DN bid=0.430 ask=0.440 | BTC Δ+0.000% (10s) | 141s left
2026-04-30T17:27:41  INFO     [21:27:41] [POLY] UP bid=0.600 ask=0.610 | DN bid=0.390 ask=0.400 | BTC Δ+0.003% (10s) | 139s left
2026-04-30T17:27:43  INFO     [21:27:43] [POLY] UP bid=0.560 ask=0.570 | DN bid=0.430 ask=0.440 | BTC Δ+0.000% (10s) | 136s left
2026-04-30T17:27:45  INFO     [21:27:45] [POLY] UP bid=0.560 ask=0.570 | DN bid=0.430 ask=0.440 | BTC Δ+0.000% (10s) | 134s left
2026-04-30T17:27:48  INFO     [21:27:47] [POLY] UP bid=0.560 ask=0.570 | DN bid=0.430 ask=0.440 | BTC Δ+0.000% (10s) | 132s left
2026-04-30T17:27:50  INFO     [21:27:50] [POLY] UP bid=0.560 ask=0.570 | DN bid=0.430 ask=0.440 | BTC Δ-0.003% (10s) | 130s left
2026-04-30T17:27:52  INFO     [21:27:52] [POLY] UP bid=0.560 ask=0.570 | DN bid=0.430 ask=0.440 | BTC Δ+0.000% (10s) | 128s left
2026-04-30T17:27:54  INFO     [21:27:54] [POLY] UP bid=0.560 ask=0.570 | DN bid=0.430 ask=0.440 | BTC Δ+0.000% (10s) | 125s left
2026-04-30T17:27:57  INFO     [21:27:56] [POLY] UP bid=0.570 ask=0.580 | DN bid=0.420 ask=0.430 | BTC Δ+0.000% (10s) | 123s left
2026-04-30T17:27:59  INFO     [21:27:59] [POLY] UP bid=0.570 ask=0.580 | DN bid=0.420 ask=0.430 | BTC Δ+0.000% (10s) | 121s left
2026-04-30T17:28:01  INFO     [21:28:01] [POLY] UP bid=0.570 ask=0.580 | DN bid=0.420 ask=0.430 | BTC Δ+0.000% (10s) | 119s left
2026-04-30T17:28:03  INFO     [21:28:03] [POLY] UP bid=0.350 ask=0.360 | DN bid=0.640 ask=0.660 | BTC Δ-0.018% (10s) | 117s left
2026-04-30T17:28:05  INFO     [21:28:05] [POLY] UP bid=0.230 ask=0.240 | DN bid=0.760 ask=0.770 | BTC Δ-0.029% (10s) | 114s left
2026-04-30T17:28:08  INFO     [21:28:07] [POLY] UP bid=0.180 ask=0.190 | DN bid=0.810 ask=0.820 | BTC Δ-0.031% (10s) | 112s left
2026-04-30T17:28:10  INFO     [21:28:10] [POLY] UP bid=0.180 ask=0.190 | DN bid=0.810 ask=0.820 | BTC Δ-0.031% (10s) | 110s left
